ID_Cliente,Data_Adesao,Plano,Valor_Mensal,Logins_Mensais,Tickets_Suporte,Metodo_Pagamento,Meses_Permanencia,Churn,LTV
CUST-00001,2025-09-14,Basic,29.9,5,4,Cartão de Crédito,17,0,508.3
CUST-00002,2024-11-27,Enterprise,249.9,2,7,Pix,3,1,749.7
CUST-00003,2024-05-14,Pro,79.9,18,8,Boleto,15,0,1198.5
CUST-00004,2024-06-09,Basic,29.9,30,2,Boleto,24,0,717.6
CUST-00005,2025-03-01,Pro,79.9,24,1,Boleto,16,0,1278.4
CUST-00006,2025-04-19,Basic,29.9,4,4,Pix,5,1,149.5
CUST-00007,2024-11-16,Pro,79.9,12,0,Cartão de Crédito,13,0,1038.7
CUST-00008,2025-12-30,Enterprise,249.9,4,6,Boleto,18,0,4498.2
CUST-00009,2025-04-30,Basic,29.9,2,1,Boleto,8,1,239.2
CUST-00010,2024-08-30,Enterprise,249.9,4,4,Boleto,4,1,999.6
CUST-00011,2025-10-08,Pro,79.9,21,4,Boleto,13,0,1038.7
CUST-00012,2024-11-11,Enterprise,249.9,25,6,Cartão de Crédito,17,0,4248.3
CUST-00013,2024-11-26,Basic,29.9,23,4,Boleto,24,0,717.6
CUST-00014,2025-06-01,Basic,29.9,29,9,Boleto,18,0,538.2
CUST-00015,2024-08-21,Basic,29.9,6,3,Cartão de Crédito,16,0,478.4
CUST-00016,2024-12-27,Enterprise,249.9,28,1,Boleto,14,0,3498.6
CUST-00017,2024-11-11,Basic,29.9,4,2,Cartão de Crédito,1,1,29.9
CUST-00018,2025-06-12,Pro,79.9,1,6,Pix,18,0,1438.2
CUST-00019,2024-12-16,Enterprise,249.9,1,8,Boleto,9,1,2249.1
CUST-00020,2024-03-10,Enterprise,249.9,6,8,Cartão de Crédito,8,1,1999.2
CUST-00021,2025-11-13,Pro,79.9,13,1,Pix,14,0,1118.6
CUST-00022,2025-01-29,Enterprise,249.9,16,0,Pix,23,0,5747.7
CUST-00023,2025-01-25,Pro,79.9,1,7,Boleto,6,1,479.4
CUST-00024,2024-09-01,Pro,79.9,0,6,Boleto,7,1,559.3
CUST-00025,2024-01-26,Enterprise,249.9,4,7,Boleto,16,0,3998.4
CUST-00026,2025-11-15,Pro,79.9,2,10,Pix,9,1,719.1
CUST-00027,2025-05-16,Pro,79.9,5,1,Cartão de Crédito,16,0,1278.4
CUST-00028,2024-10-22,Basic,29.9,14,4,Pix,16,0,478.4
CUST-00029,2024-06-02,Basic,29.9,26,7,Cartão de Crédito,24,0,717.6
CUST-00030,2025-06-05,Pro,79.9,3,0,Pix,15,0,1198.5
CUST-00031,2025-10-18,Enterprise,249.9,26,1,Pix,20,0,4998.0
CUST-00032,2025-09-09,Pro,79.9,18,3,Cartão de Crédito,18,0,1438.2
CUST-00033,2024-01-06,Basic,29.9,1,2,Cartão de Crédito,19,0,568.1
CUST-00034,2024-10-09,Pro,79.9,19,1,Pix,14,0,1118.6
CUST-00035,2024-02-21,Enterprise,249.9,24,8,Cartão de Crédito,4,1,999.6
CUST-00036,2024-08-08,Pro,79.9,14,2,Cartão de Crédito,19,0,1518.1
CUST-00037,2025-05-08,Pro,79.9,12,2,Pix,22,0,1757.8
CUST-00038,2024-11-09,Enterprise,249.9,27,8,Boleto,18,0,4498.2
CUST-00039,2024-02-13,Enterprise,249.9,2,5,Pix,13,0,3248.7
CUST-00040,2024-07-15,Enterprise,249.9,28,5,Boleto,16,0,3998.4
CUST-00041,2025-03-29,Basic,29.9,24,5,Boleto,23,0,687.7
CUST-00042,2025-04-21,Enterprise,249.9,29,1,Boleto,9,1,2249.1
CUST-00043,2025-10-23,Enterprise,249.9,12,7,Cartão de Crédito,13,0,3248.7
CUST-00044,2024-06-02,Pro,79.9,0,4,Cartão de Crédito,2,1,159.8
CUST-00045,2025-05-07,Pro,79.9,29,5,Boleto,20,0,1598.0
CUST-00046,2025-06-25,Basic,29.9,9,4,Cartão de Crédito,16,0,478.4
CUST-00047,2024-03-17,Basic,29.9,25,8,Boleto,20,0,598.0
CUST-00048,2024-08-25,Enterprise,249.9,18,0,Cartão de Crédito,6,1,1499.4
CUST-00049,2024-11-14,Enterprise,249.9,3,8,Cartão de Crédito,5,1,1249.5
CUST-00050,2025-12-28,Enterprise,249.9,12,1,Pix,20,0,4998.0
CUST-00051,2024-02-28,Basic,29.9,17,4,Boleto,21,0,627.9
CUST-00052,2024-12-23,Pro,79.9,29,1,Cartão de Crédito,16,0,1278.4
CUST-00053,2025-03-20,Enterprise,249.9,7,2,Pix,23,0,5747.7
CUST-00054,2025-09-28,Pro,79.9,1,0,Pix,18,0,1438.2
CUST-00055,2024-11-06,Enterprise,249.9,18,6,Boleto,2,1,499.8
CUST-00056,2024-05-03,Basic,29.9,10,7,Pix,23,0,687.7
CUST-00057,2025-01-02,Basic,29.9,28,10,Boleto,13,0,388.7
CUST-00058,2025-01-11,Enterprise,249.9,12,1,Cartão de Crédito,16,0,3998.4
CUST-00059,2024-03-30,Pro,79.9,3,6,Pix,1,1,79.9
CUST-00060,2024-04-18,Pro,79.9,12,7,Cartão de Crédito,14,0,1118.6
CUST-00061,2025-11-26,Enterprise,249.9,20,3,Cartão de Crédito,16,0,3998.4
CUST-00062,2025-12-28,Pro,79.9,18,0,Pix,13,0,1038.7
CUST-00063,2025-06-02,Enterprise,249.9,24,1,Cartão de Crédito,23,0,5747.7
CUST-00064,2025-06-20,Enterprise,249.9,6,4,Cartão de Crédito,16,0,3998.4
CUST-00065,2025-04-29,Pro,79.9,7,4,Pix,5,1,399.5
CUST-00066,2024-04-12,Enterprise,249.9,3,8,Boleto,9,1,2249.1
CUST-00067,2024-01-15,Basic,29.9,14,7,Pix,23,0,687.7
CUST-00068,2024-12-29,Basic,29.9,20,5,Boleto,24,0,717.6
CUST-00069,2025-11-13,Pro,79.9,22,4,Boleto,17,0,1358.3
CUST-00070,2024-03-31,Basic,29.9,5,0,Pix,21,0,627.9
CUST-00071,2024-02-18,Enterprise,249.9,2,8,Pix,17,0,4248.3
CUST-00072,2025-06-22,Enterprise,249.9,9,10,Cartão de Crédito,18,0,4498.2
CUST-00073,2025-08-08,Enterprise,249.9,15,2,Cartão de Crédito,23,0,5747.7
CUST-00074,2025-11-26,Enterprise,249.9,26,1,Cartão de Crédito,18,0,4498.2
CUST-00075,2025-11-17,Pro,79.9,30,5,Pix,17,0,1358.3
CUST-00076,2024-02-20,Enterprise,249.9,0,4,Pix,9,1,2249.1
CUST-00077,2024-06-01,Basic,29.9,15,1,Cartão de Crédito,16,0,478.4
CUST-00078,2025-04-05,Basic,29.9,22,3,Boleto,23,0,687.7
CUST-00079,2025-12-17,Pro,79.9,11,0,Pix,24,0,1917.6
CUST-00080,2024-05-17,Pro,79.9,19,0,Pix,18,0,1438.2
CUST-00081,2025-10-12,Enterprise,249.9,6,7,Boleto,2,1,499.8
CUST-00082,2024-01-26,Pro,79.9,25,8,Boleto,24,0,1917.6
CUST-00083,2025-05-29,Enterprise,249.9,30,3,Cartão de Crédito,24,0,5997.6
CUST-00084,2024-07-19,Basic,29.9,21,1,Cartão de Crédito,9,1,269.1
CUST-00085,2024-05-31,Enterprise,249.9,6,3,Cartão de Crédito,16,0,3998.4
CUST-00086,2024-09-29,Basic,29.9,7,10,Cartão de Crédito,5,1,149.5
CUST-00087,2025-09-04,Pro,79.9,7,8,Boleto,23,0,1837.7
CUST-00088,2024-09-03,Pro,79.9,8,2,Boleto,13,0,1038.7
CUST-00089,2025-10-23,Pro,79.9,11,5,Pix,20,0,1598.0
CUST-00090,2025-03-27,Basic,29.9,3,10,Cartão de Crédito,10,1,299.0
CUST-00091,2025-04-26,Pro,79.9,20,3,Pix,9,1,719.1
CUST-00092,2025-08-01,Pro,79.9,7,10,Cartão de Crédito,15,0,1198.5
CUST-00093,2025-04-25,Enterprise,249.9,13,7,Pix,15,0,3748.5
CUST-00094,2024-10-01,Pro,79.9,28,0,Boleto,21,0,1677.9
CUST-00095,2024-02-17,Enterprise,249.9,3,2,Pix,22,0,5497.8
CUST-00096,2024-11-11,Enterprise,249.9,24,9,Boleto,4,1,999.6
CUST-00097,2025-05-14,Basic,29.9,21,7,Cartão de Crédito,18,0,538.2
CUST-00098,2024-03-06,Basic,29.9,15,2,Boleto,23,0,687.7
CUST-00099,2024-05-22,Enterprise,249.9,9,0,Cartão de Crédito,13,0,3248.7
CUST-00100,2025-05-15,Basic,29.9,8,3,Boleto,16,0,478.4
CUST-00101,2025-07-16,Enterprise,249.9,0,8,Boleto,12,1,2998.8
CUST-00102,2024-10-18,Enterprise,249.9,23,1,Cartão de Crédito,16,0,3998.4
CUST-00103,2024-02-15,Enterprise,249.9,23,1,Pix,20,0,4998.0
CUST-00104,2024-01-02,Enterprise,249.9,12,8,Boleto,15,0,3748.5
CUST-00105,2024-02-25,Enterprise,249.9,15,9,Cartão de Crédito,18,0,4498.2
CUST-00106,2025-12-10,Pro,79.9,9,0,Pix,16,0,1278.4
CUST-00107,2025-06-16,Pro,79.9,5,6,Pix,14,0,1118.6
CUST-00108,2025-11-23,Basic,29.9,0,5,Cartão de Crédito,15,0,448.5
CUST-00109,2025-11-02,Enterprise,249.9,15,4,Pix,13,0,3248.7
CUST-00110,2024-10-10,Basic,29.9,28,9,Pix,14,0,418.6
CUST-00111,2024-07-20,Pro,79.9,4,7,Boleto,5,1,399.5
CUST-00112,2024-11-07,Pro,79.9,28,6,Pix,20,0,1598.0
CUST-00113,2025-07-04,Pro,79.9,9,0,Cartão de Crédito,21,0,1677.9
CUST-00114,2024-09-28,Basic,29.9,1,9,Cartão de Crédito,1,1,29.9
CUST-00115,2025-09-06,Basic,29.9,5,0,Boleto,24,0,717.6
CUST-00116,2024-11-11,Pro,79.9,9,1,Boleto,20,0,1598.0
CUST-00117,2025-03-28,Basic,29.9,4,9,Pix,8,1,239.2
CUST-00118,2024-07-11,Basic,29.9,6,9,Boleto,21,0,627.9
CUST-00119,2024-05-17,Pro,79.9,28,7,Pix,4,1,319.6
CUST-00120,2024-01-02,Basic,29.9,30,1,Boleto,17,0,508.3
CUST-00121,2024-07-12,Enterprise,249.9,11,4,Boleto,22,0,5497.8
CUST-00122,2024-11-16,Pro,79.9,25,5,Boleto,22,0,1757.8
CUST-00123,2025-03-10,Enterprise,249.9,5,5,Pix,16,0,3998.4
CUST-00124,2025-09-21,Enterprise,249.9,1,9,Boleto,5,1,1249.5
CUST-00125,2024-08-31,Basic,29.9,1,2,Cartão de Crédito,12,1,358.8
CUST-00126,2025-07-10,Pro,79.9,1,4,Pix,15,0,1198.5
CUST-00127,2024-06-18,Basic,29.9,22,7,Boleto,2,1,59.8
CUST-00128,2025-10-08,Enterprise,249.9,25,1,Boleto,23,0,5747.7
CUST-00129,2024-12-06,Basic,29.9,0,8,Cartão de Crédito,8,1,239.2
CUST-00130,2025-03-28,Basic,29.9,2,3,Pix,6,1,179.4
CUST-00131,2024-01-13,Basic,29.9,27,3,Boleto,24,0,717.6
CUST-00132,2025-04-28,Basic,29.9,15,4,Cartão de Crédito,18,0,538.2
CUST-00133,2024-01-07,Basic,29.9,22,5,Pix,18,0,538.2
CUST-00134,2024-11-24,Basic,29.9,3,2,Pix,1,1,29.9
CUST-00135,2025-01-09,Basic,29.9,6,6,Boleto,17,0,508.3
CUST-00136,2025-10-23,Basic,29.9,26,3,Pix,22,0,657.8
CUST-00137,2025-12-03,Enterprise,249.9,4,1,Pix,23,0,5747.7
CUST-00138,2025-07-23,Basic,29.9,0,1,Pix,22,0,657.8
CUST-00139,2025-12-31,Pro,79.9,4,10,Boleto,5,1,399.5
CUST-00140,2025-09-25,Enterprise,249.9,19,8,Cartão de Crédito,17,0,4248.3
CUST-00141,2025-03-04,Enterprise,249.9,26,2,Pix,18,0,4498.2
CUST-00142,2024-04-15,Pro,79.9,17,5,Pix,19,0,1518.1
CUST-00143,2024-01-05,Enterprise,249.9,23,4,Cartão de Crédito,24,0,5997.6
CUST-00144,2025-09-02,Enterprise,249.9,1,1,Cartão de Crédito,11,1,2748.9
CUST-00145,2025-06-29,Pro,79.9,4,6,Boleto,15,0,1198.5
CUST-00146,2025-08-16,Basic,29.9,27,6,Pix,5,1,149.5
CUST-00147,2025-11-26,Pro,79.9,17,10,Cartão de Crédito,10,1,799.0
CUST-00148,2025-12-07,Pro,79.9,27,8,Cartão de Crédito,7,1,559.3
CUST-00149,2025-10-30,Enterprise,249.9,24,8,Cartão de Crédito,8,1,1999.2
CUST-00150,2024-08-19,Basic,29.9,26,7,Cartão de Crédito,12,1,358.8
CUST-00151,2024-12-02,Pro,79.9,15,8,Boleto,23,0,1837.7
CUST-00152,2025-05-23,Basic,29.9,11,5,Pix,24,0,717.6
CUST-00153,2024-10-02,Basic,29.9,9,1,Pix,7,1,209.3
CUST-00154,2024-03-26,Basic,29.9,29,3,Boleto,15,0,448.5
CUST-00155,2025-05-04,Basic,29.9,15,2,Boleto,13,0,388.7
CUST-00156,2024-12-31,Pro,79.9,14,1,Pix,21,0,1677.9
CUST-00157,2025-07-29,Enterprise,249.9,20,10,Boleto,13,0,3248.7
CUST-00158,2025-06-27,Enterprise,249.9,11,6,Cartão de Crédito,15,0,3748.5
CUST-00159,2025-03-17,Enterprise,249.9,27,3,Pix,4,1,999.6
CUST-00160,2024-05-28,Pro,79.9,10,3,Cartão de Crédito,13,0,1038.7
CUST-00161,2024-12-02,Pro,79.9,12,1,Boleto,17,0,1358.3
CUST-00162,2025-10-21,Basic,29.9,18,5,Pix,16,0,478.4
CUST-00163,2025-08-11,Enterprise,249.9,28,8,Boleto,2,1,499.8
CUST-00164,2024-04-24,Enterprise,249.9,26,8,Pix,14,0,3498.6
CUST-00165,2025-01-25,Pro,79.9,2,10,Boleto,3,1,239.7
CUST-00166,2025-06-15,Pro,79.9,21,0,Boleto,18,0,1438.2
CUST-00167,2024-05-04,Enterprise,249.9,13,7,Boleto,16,0,3998.4
CUST-00168,2025-08-31,Enterprise,249.9,16,9,Cartão de Crédito,19,0,4748.1
CUST-00169,2024-03-13,Basic,29.9,13,6,Boleto,11,1,328.9
CUST-00170,2025-09-14,Enterprise,249.9,29,9,Cartão de Crédito,12,1,2998.8
CUST-00171,2025-04-15,Basic,29.9,27,3,Pix,16,0,478.4
CUST-00172,2025-12-23,Basic,29.9,27,3,Boleto,22,0,657.8
CUST-00173,2024-09-22,Enterprise,249.9,30,2,Boleto,8,1,1999.2
CUST-00174,2025-08-22,Enterprise,249.9,25,5,Cartão de Crédito,14,0,3498.6
CUST-00175,2024-04-23,Basic,29.9,17,7,Pix,4,1,119.6
CUST-00176,2024-06-18,Pro,79.9,7,3,Boleto,24,0,1917.6
CUST-00177,2024-09-19,Enterprise,249.9,1,9,Cartão de Crédito,11,1,2748.9
CUST-00178,2025-05-20,Enterprise,249.9,25,3,Boleto,15,0,3748.5
CUST-00179,2024-01-18,Pro,79.9,19,9,Pix,24,0,1917.6
CUST-00180,2024-05-08,Pro,79.9,14,5,Boleto,17,0,1358.3
CUST-00181,2024-05-30,Basic,29.9,30,5,Boleto,24,0,717.6
CUST-00182,2024-01-06,Basic,29.9,25,10,Cartão de Crédito,10,1,299.0
CUST-00183,2024-11-11,Enterprise,249.9,12,6,Pix,22,0,5497.8
CUST-00184,2024-03-26,Enterprise,249.9,6,3,Boleto,8,1,1999.2
CUST-00185,2024-09-03,Enterprise,249.9,19,5,Pix,17,0,4248.3
CUST-00186,2024-01-10,Pro,79.9,7,2,Pix,20,0,1598.0
CUST-00187,2025-02-17,Pro,79.9,18,1,Cartão de Crédito,19,0,1518.1
CUST-00188,2024-09-28,Basic,29.9,19,0,Pix,1,1,29.9
CUST-00189,2024-07-01,Pro,79.9,30,0,Pix,23,0,1837.7
CUST-00190,2025-06-19,Pro,79.9,13,6,Boleto,22,0,1757.8
CUST-00191,2024-04-12,Enterprise,249.9,2,4,Cartão de Crédito,22,0,5497.8
CUST-00192,2025-12-01,Enterprise,249.9,5,7,Boleto,12,1,2998.8
CUST-00193,2024-04-06,Basic,29.9,10,2,Pix,10,1,299.0
CUST-00194,2024-07-17,Basic,29.9,22,0,Pix,21,0,627.9
CUST-00195,2025-08-25,Pro,79.9,23,10,Pix,1,1,79.9
CUST-00196,2024-11-12,Enterprise,249.9,25,6,Pix,20,0,4998.0
CUST-00197,2024-03-31,Basic,29.9,14,5,Pix,21,0,627.9
CUST-00198,2025-05-24,Basic,29.9,11,6,Cartão de Crédito,10,1,299.0
CUST-00199,2025-06-07,Pro,79.9,18,6,Pix,9,1,719.1
CUST-00200,2024-04-23,Enterprise,249.9,29,6,Pix,17,0,4248.3
CUST-00201,2024-11-18,Pro,79.9,27,1,Boleto,18,0,1438.2
CUST-00202,2024-07-07,Enterprise,249.9,5,3,Boleto,8,1,1999.2
CUST-00203,2024-02-19,Enterprise,249.9,29,7,Boleto,7,1,1749.3
CUST-00204,2025-11-03,Pro,79.9,14,0,Boleto,13,0,1038.7
CUST-00205,2025-02-06,Enterprise,249.9,26,10,Boleto,10,1,2499.0
CUST-00206,2024-04-26,Basic,29.9,21,4,Cartão de Crédito,24,0,717.6
CUST-00207,2024-08-19,Basic,29.9,19,8,Boleto,13,0,388.7
CUST-00208,2025-03-20,Basic,29.9,23,3,Boleto,16,0,478.4
CUST-00209,2025-03-01,Pro,79.9,22,0,Pix,7,1,559.3
CUST-00210,2024-08-12,Basic,29.9,14,3,Cartão de Crédito,18,0,538.2
CUST-00211,2024-06-07,Pro,79.9,16,4,Boleto,16,0,1278.4
CUST-00212,2024-01-05,Enterprise,249.9,21,4,Pix,15,0,3748.5
CUST-00213,2024-02-20,Enterprise,249.9,22,4,Cartão de Crédito,17,0,4248.3
CUST-00214,2025-09-29,Enterprise,249.9,16,6,Cartão de Crédito,13,0,3248.7
CUST-00215,2025-12-21,Enterprise,249.9,11,5,Cartão de Crédito,15,0,3748.5
CUST-00216,2025-09-22,Enterprise,249.9,20,2,Cartão de Crédito,20,0,4998.0
CUST-00217,2024-10-14,Enterprise,249.9,2,2,Boleto,6,1,1499.4
CUST-00218,2025-01-05,Pro,79.9,24,6,Boleto,13,0,1038.7
CUST-00219,2025-01-02,Pro,79.9,18,2,Cartão de Crédito,18,0,1438.2
CUST-00220,2024-06-17,Pro,79.9,20,2,Cartão de Crédito,15,0,1198.5
CUST-00221,2024-05-03,Pro,79.9,1,8,Boleto,23,0,1837.7
CUST-00222,2025-01-03,Enterprise,249.9,9,5,Cartão de Crédito,23,0,5747.7
CUST-00223,2025-09-22,Pro,79.9,24,2,Cartão de Crédito,16,0,1278.4
CUST-00224,2025-08-29,Enterprise,249.9,18,4,Pix,1,1,249.9
CUST-00225,2025-01-11,Basic,29.9,19,4,Pix,22,0,657.8
CUST-00226,2025-03-11,Enterprise,249.9,22,3,Boleto,14,0,3498.6
CUST-00227,2025-11-17,Basic,29.9,3,9,Pix,11,1,328.9
CUST-00228,2025-02-04,Pro,79.9,8,5,Cartão de Crédito,19,0,1518.1
CUST-00229,2024-04-07,Basic,29.9,30,9,Cartão de Crédito,16,0,478.4
CUST-00230,2024-04-05,Basic,29.9,26,1,Cartão de Crédito,13,0,388.7
CUST-00231,2024-10-01,Basic,29.9,23,8,Boleto,22,0,657.8
CUST-00232,2024-02-24,Enterprise,249.9,3,2,Cartão de Crédito,23,0,5747.7
CUST-00233,2025-06-06,Basic,29.9,10,0,Pix,23,0,687.7
CUST-00234,2025-04-07,Pro,79.9,17,8,Cartão de Crédito,24,0,1917.6
CUST-00235,2024-09-15,Pro,79.9,13,9,Cartão de Crédito,17,0,1358.3
CUST-00236,2024-11-08,Basic,29.9,9,2,Cartão de Crédito,21,0,627.9
CUST-00237,2024-12-23,Pro,79.9,25,5,Pix,2,1,159.8
CUST-00238,2024-01-09,Pro,79.9,22,7,Cartão de Crédito,13,0,1038.7
CUST-00239,2025-11-01,Enterprise,249.9,5,1,Boleto,21,0,5247.9
CUST-00240,2024-12-15,Enterprise,249.9,29,5,Pix,17,0,4248.3
CUST-00241,2025-11-20,Pro,79.9,13,8,Boleto,13,0,1038.7
CUST-00242,2024-05-07,Enterprise,249.9,9,4,Boleto,17,0,4248.3
CUST-00243,2025-04-02,Pro,79.9,17,7,Pix,16,0,1278.4
CUST-00244,2025-11-24,Enterprise,249.9,21,9,Cartão de Crédito,21,0,5247.9
CUST-00245,2025-05-24,Pro,79.9,15,2,Cartão de Crédito,2,1,159.8
CUST-00246,2025-04-14,Pro,79.9,23,0,Cartão de Crédito,23,0,1837.7
CUST-00247,2024-10-25,Basic,29.9,8,7,Pix,20,0,598.0
CUST-00248,2025-02-07,Pro,79.9,11,3,Boleto,17,0,1358.3
CUST-00249,2025-06-27,Enterprise,249.9,4,3,Pix,2,1,499.8
CUST-00250,2025-10-31,Pro,79.9,28,6,Cartão de Crédito,19,0,1518.1
CUST-00251,2024-06-25,Basic,29.9,1,7,Boleto,5,1,149.5
CUST-00252,2025-11-10,Pro,79.9,9,5,Cartão de Crédito,22,0,1757.8
CUST-00253,2025-12-01,Enterprise,249.9,10,3,Cartão de Crédito,18,0,4498.2
CUST-00254,2024-02-04,Basic,29.9,2,1,Cartão de Crédito,9,1,269.1
CUST-00255,2024-08-17,Pro,79.9,19,4,Cartão de Crédito,18,0,1438.2
CUST-00256,2025-09-10,Enterprise,249.9,1,2,Cartão de Crédito,24,0,5997.6
CUST-00257,2024-07-23,Enterprise,249.9,4,4,Cartão de Crédito,20,0,4998.0
CUST-00258,2024-08-18,Pro,79.9,3,1,Boleto,15,0,1198.5
CUST-00259,2024-11-15,Enterprise,249.9,20,0,Cartão de Crédito,23,0,5747.7
CUST-00260,2025-05-15,Pro,79.9,7,7,Boleto,23,0,1837.7
CUST-00261,2025-03-16,Basic,29.9,17,8,Boleto,12,1,358.8
CUST-00262,2025-05-16,Enterprise,249.9,7,1,Cartão de Crédito,14,0,3498.6
CUST-00263,2024-03-28,Enterprise,249.9,26,3,Boleto,18,0,4498.2
CUST-00264,2025-08-04,Enterprise,249.9,26,7,Pix,14,0,3498.6
CUST-00265,2024-03-11,Pro,79.9,4,2,Cartão de Crédito,12,1,958.8
CUST-00266,2025-01-09,Pro,79.9,24,10,Cartão de Crédito,11,1,878.9
CUST-00267,2025-07-11,Basic,29.9,22,3,Boleto,20,0,598.0
CUST-00268,2025-04-19,Enterprise,249.9,27,10,Boleto,22,0,5497.8
CUST-00269,2025-08-16,Basic,29.9,3,4,Pix,18,0,538.2
CUST-00270,2024-11-18,Basic,29.9,11,5,Pix,20,0,598.0
CUST-00271,2024-01-18,Enterprise,249.9,4,1,Pix,23,0,5747.7
CUST-00272,2025-12-06,Enterprise,249.9,15,5,Boleto,12,1,2998.8
CUST-00273,2024-07-14,Basic,29.9,11,6,Boleto,8,1,239.2
CUST-00274,2024-05-03,Basic,29.9,16,6,Boleto,15,0,448.5
CUST-00275,2025-02-22,Enterprise,249.9,10,10,Boleto,13,0,3248.7
CUST-00276,2024-03-10,Enterprise,249.9,18,8,Cartão de Crédito,10,1,2499.0
CUST-00277,2024-06-19,Pro,79.9,16,4,Boleto,22,0,1757.8
CUST-00278,2025-01-10,Pro,79.9,21,1,Cartão de Crédito,5,1,399.5
CUST-00279,2025-06-09,Basic,29.9,6,8,Boleto,4,1,119.6
CUST-00280,2025-03-22,Pro,79.9,22,4,Cartão de Crédito,24,0,1917.6
CUST-00281,2025-05-13,Basic,29.9,18,6,Cartão de Crédito,17,0,508.3
CUST-00282,2024-01-12,Basic,29.9,19,4,Cartão de Crédito,16,0,478.4
CUST-00283,2025-08-27,Pro,79.9,29,3,Cartão de Crédito,13,0,1038.7
CUST-00284,2025-02-07,Basic,29.9,9,7,Pix,16,0,478.4
CUST-00285,2025-01-09,Enterprise,249.9,22,2,Pix,17,0,4248.3
CUST-00286,2025-09-05,Enterprise,249.9,20,4,Boleto,15,0,3748.5
CUST-00287,2025-10-10,Pro,79.9,13,2,Boleto,23,0,1837.7
CUST-00288,2025-12-26,Pro,79.9,5,0,Cartão de Crédito,20,0,1598.0
CUST-00289,2024-05-15,Enterprise,249.9,11,1,Cartão de Crédito,16,0,3998.4
CUST-00290,2024-01-26,Enterprise,249.9,10,10,Pix,10,1,2499.0
CUST-00291,2025-06-19,Enterprise,249.9,20,3,Boleto,21,0,5247.9
CUST-00292,2025-04-15,Enterprise,249.9,24,10,Boleto,9,1,2249.1
CUST-00293,2024-06-29,Basic,29.9,28,10,Boleto,18,0,538.2
CUST-00294,2025-02-23,Enterprise,249.9,30,0,Boleto,20,0,4998.0
CUST-00295,2025-12-08,Enterprise,249.9,6,3,Boleto,19,0,4748.1
CUST-00296,2024-11-14,Enterprise,249.9,27,1,Cartão de Crédito,15,0,3748.5
CUST-00297,2024-04-29,Enterprise,249.9,20,7,Boleto,19,0,4748.1
CUST-00298,2024-02-23,Enterprise,249.9,5,2,Boleto,22,0,5497.8
CUST-00299,2024-12-27,Basic,29.9,16,4,Boleto,14,0,418.6
CUST-00300,2025-10-09,Basic,29.9,2,5,Boleto,20,0,598.0
CUST-00301,2025-04-07,Pro,79.9,13,5,Pix,17,0,1358.3
CUST-00302,2025-04-06,Pro,79.9,14,1,Pix,23,0,1837.7
CUST-00303,2024-04-10,Pro,79.9,8,2,Boleto,14,0,1118.6
CUST-00304,2025-11-17,Basic,29.9,4,2,Cartão de Crédito,16,0,478.4
CUST-00305,2025-01-09,Pro,79.9,17,10,Cartão de Crédito,11,1,878.9
CUST-00306,2025-05-27,Pro,79.9,27,3,Pix,10,1,799.0
CUST-00307,2024-11-07,Basic,29.9,21,1,Pix,11,1,328.9
CUST-00308,2024-12-09,Enterprise,249.9,29,1,Pix,17,0,4248.3
CUST-00309,2025-12-22,Pro,79.9,4,6,Cartão de Crédito,11,1,878.9
CUST-00310,2025-04-01,Pro,79.9,6,4,Boleto,21,0,1677.9
CUST-00311,2024-11-13,Pro,79.9,9,2,Boleto,20,0,1598.0
CUST-00312,2025-11-18,Pro,79.9,10,4,Cartão de Crédito,22,0,1757.8
CUST-00313,2024-05-04,Pro,79.9,12,2,Pix,15,0,1198.5
CUST-00314,2025-09-27,Pro,79.9,8,7,Cartão de Crédito,18,0,1438.2
CUST-00315,2025-09-07,Pro,79.9,26,8,Boleto,15,0,1198.5
CUST-00316,2025-09-12,Basic,29.9,13,2,Pix,8,1,239.2
CUST-00317,2024-11-12,Pro,79.9,24,3,Pix,13,0,1038.7
CUST-00318,2025-10-09,Enterprise,249.9,23,2,Cartão de Crédito,21,0,5247.9
CUST-00319,2024-10-01,Basic,29.9,20,9,Cartão de Crédito,17,0,508.3
CUST-00320,2024-11-19,Basic,29.9,20,7,Cartão de Crédito,1,1,29.9
CUST-00321,2025-12-21,Pro,79.9,22,0,Cartão de Crédito,21,0,1677.9
CUST-00322,2025-06-06,Enterprise,249.9,13,10,Boleto,23,0,5747.7
CUST-00323,2024-11-02,Basic,29.9,1,10,Cartão de Crédito,15,0,448.5
CUST-00324,2025-09-24,Basic,29.9,0,2,Pix,10,1,299.0
CUST-00325,2024-07-01,Basic,29.9,18,6,Pix,10,1,299.0
CUST-00326,2025-08-28,Enterprise,249.9,19,1,Boleto,20,0,4998.0
CUST-00327,2024-10-13,Basic,29.9,30,2,Pix,17,0,508.3
CUST-00328,2024-01-31,Basic,29.9,14,8,Pix,16,0,478.4
CUST-00329,2024-02-05,Basic,29.9,8,3,Pix,13,0,388.7
CUST-00330,2024-05-22,Basic,29.9,8,0,Cartão de Crédito,23,0,687.7
CUST-00331,2024-06-19,Basic,29.9,7,7,Cartão de Crédito,21,0,627.9
CUST-00332,2025-02-01,Pro,79.9,20,3,Boleto,19,0,1518.1
CUST-00333,2024-02-21,Enterprise,249.9,23,1,Pix,14,0,3498.6
CUST-00334,2024-08-29,Pro,79.9,1,8,Pix,17,0,1358.3
CUST-00335,2025-01-15,Basic,29.9,2,10,Cartão de Crédito,10,1,299.0
CUST-00336,2025-08-12,Basic,29.9,13,3,Pix,22,0,657.8
CUST-00337,2025-06-02,Enterprise,249.9,17,6,Pix,14,0,3498.6
CUST-00338,2024-04-02,Basic,29.9,22,3,Pix,15,0,448.5
CUST-00339,2025-09-12,Basic,29.9,2,4,Cartão de Crédito,2,1,59.8
CUST-00340,2024-10-10,Basic,29.9,18,0,Cartão de Crédito,23,0,687.7
CUST-00341,2024-01-23,Pro,79.9,30,8,Boleto,12,1,958.8
CUST-00342,2025-08-03,Enterprise,249.9,9,9,Pix,5,1,1249.5
CUST-00343,2025-05-25,Pro,79.9,12,8,Boleto,20,0,1598.0
CUST-00344,2024-08-22,Enterprise,249.9,27,7,Cartão de Crédito,9,1,2249.1
CUST-00345,2024-05-02,Basic,29.9,1,8,Pix,2,1,59.8
CUST-00346,2025-06-05,Basic,29.9,3,6,Boleto,10,1,299.0
CUST-00347,2024-10-15,Enterprise,249.9,8,0,Cartão de Crédito,13,0,3248.7
CUST-00348,2024-07-15,Pro,79.9,0,5,Cartão de Crédito,19,0,1518.1
CUST-00349,2025-03-13,Pro,79.9,27,8,Cartão de Crédito,13,0,1038.7
CUST-00350,2024-02-05,Pro,79.9,17,9,Pix,13,0,1038.7
CUST-00351,2025-08-20,Pro,79.9,13,2,Pix,12,1,958.8
CUST-00352,2024-05-07,Basic,29.9,27,9,Boleto,6,1,179.4
CUST-00353,2024-06-16,Enterprise,249.9,4,4,Boleto,20,0,4998.0
CUST-00354,2024-04-16,Enterprise,249.9,4,0,Cartão de Crédito,24,0,5997.6
CUST-00355,2025-11-13,Enterprise,249.9,9,3,Cartão de Crédito,13,0,3248.7
CUST-00356,2025-11-02,Enterprise,249.9,14,2,Boleto,13,0,3248.7
CUST-00357,2024-06-19,Basic,29.9,7,4,Cartão de Crédito,23,0,687.7
CUST-00358,2024-06-09,Basic,29.9,7,2,Pix,19,0,568.1
CUST-00359,2024-02-08,Enterprise,249.9,11,10,Boleto,14,0,3498.6
CUST-00360,2025-07-04,Basic,29.9,27,5,Boleto,16,0,478.4
CUST-00361,2025-06-08,Basic,29.9,28,1,Pix,20,0,598.0
CUST-00362,2024-02-23,Pro,79.9,21,0,Cartão de Crédito,20,0,1598.0
CUST-00363,2025-08-01,Basic,29.9,8,4,Pix,18,0,538.2
CUST-00364,2024-08-25,Enterprise,249.9,30,7,Boleto,3,1,749.7
CUST-00365,2025-01-05,Pro,79.9,13,0,Boleto,18,0,1438.2
CUST-00366,2025-07-25,Pro,79.9,5,7,Boleto,24,0,1917.6
CUST-00367,2024-07-22,Enterprise,249.9,3,5,Pix,20,0,4998.0
CUST-00368,2025-11-29,Enterprise,249.9,9,0,Boleto,22,0,5497.8
CUST-00369,2024-02-13,Enterprise,249.9,15,4,Boleto,16,0,3998.4
CUST-00370,2024-08-06,Pro,79.9,10,2,Boleto,13,0,1038.7
CUST-00371,2024-08-27,Basic,29.9,5,2,Cartão de Crédito,22,0,657.8
CUST-00372,2025-08-09,Basic,29.9,24,0,Boleto,16,0,478.4
CUST-00373,2024-12-09,Pro,79.9,14,10,Pix,3,1,239.7
CUST-00374,2025-03-26,Enterprise,249.9,17,5,Cartão de Crédito,15,0,3748.5
CUST-00375,2024-01-04,Enterprise,249.9,30,9,Boleto,10,1,2499.0
CUST-00376,2025-08-26,Pro,79.9,0,1,Boleto,14,0,1118.6
CUST-00377,2024-03-31,Pro,79.9,12,10,Pix,18,0,1438.2
CUST-00378,2024-02-29,Basic,29.9,6,7,Pix,7,1,209.3
CUST-00379,2025-03-15,Basic,29.9,23,1,Cartão de Crédito,20,0,598.0
CUST-00380,2024-11-11,Pro,79.9,6,10,Cartão de Crédito,18,0,1438.2
CUST-00381,2024-11-21,Basic,29.9,21,10,Cartão de Crédito,20,0,598.0
CUST-00382,2024-06-18,Pro,79.9,17,8,Cartão de Crédito,19,0,1518.1
CUST-00383,2024-07-11,Enterprise,249.9,10,3,Boleto,17,0,4248.3
CUST-00384,2024-08-31,Enterprise,249.9,24,4,Cartão de Crédito,20,0,4998.0
CUST-00385,2024-12-26,Basic,29.9,17,10,Boleto,13,0,388.7
CUST-00386,2025-10-07,Basic,29.9,27,6,Cartão de Crédito,17,0,508.3
CUST-00387,2025-07-12,Pro,79.9,25,6,Cartão de Crédito,21,0,1677.9
CUST-00388,2024-07-13,Basic,29.9,25,1,Boleto,12,1,358.8
CUST-00389,2025-08-24,Pro,79.9,12,3,Boleto,13,0,1038.7
CUST-00390,2025-11-05,Enterprise,249.9,29,9,Cartão de Crédito,4,1,999.6
CUST-00391,2025-06-26,Enterprise,249.9,20,8,Boleto,1,1,249.9
CUST-00392,2025-07-28,Basic,29.9,17,4,Pix,21,0,627.9
CUST-00393,2025-02-17,Enterprise,249.9,16,7,Pix,20,0,4998.0
CUST-00394,2025-08-01,Enterprise,249.9,3,8,Cartão de Crédito,15,0,3748.5
CUST-00395,2025-06-09,Pro,79.9,14,5,Cartão de Crédito,18,0,1438.2
CUST-00396,2025-04-05,Enterprise,249.9,22,2,Boleto,18,0,4498.2
CUST-00397,2024-03-11,Enterprise,249.9,26,4,Boleto,23,0,5747.7
CUST-00398,2025-07-03,Basic,29.9,27,4,Pix,14,0,418.6
CUST-00399,2025-12-20,Enterprise,249.9,19,10,Pix,3,1,749.7
CUST-00400,2025-05-15,Basic,29.9,29,2,Cartão de Crédito,16,0,478.4
CUST-00401,2025-07-12,Pro,79.9,19,1,Pix,16,0,1278.4
CUST-00402,2024-03-14,Enterprise,249.9,22,6,Boleto,2,1,499.8
CUST-00403,2024-01-21,Basic,29.9,1,9,Cartão de Crédito,3,1,89.7
CUST-00404,2025-12-31,Enterprise,249.9,30,1,Boleto,12,1,2998.8
CUST-00405,2025-01-13,Enterprise,249.9,16,6,Boleto,15,0,3748.5
CUST-00406,2025-10-22,Basic,29.9,27,2,Boleto,24,0,717.6
CUST-00407,2025-06-27,Pro,79.9,29,8,Cartão de Crédito,21,0,1677.9
CUST-00408,2024-10-13,Pro,79.9,28,9,Cartão de Crédito,14,0,1118.6
CUST-00409,2024-01-07,Pro,79.9,1,6,Pix,24,0,1917.6
CUST-00410,2024-02-11,Basic,29.9,26,10,Boleto,22,0,657.8
CUST-00411,2025-04-09,Enterprise,249.9,14,7,Cartão de Crédito,4,1,999.6
CUST-00412,2024-12-09,Basic,29.9,11,9,Boleto,19,0,568.1
CUST-00413,2024-10-18,Basic,29.9,8,6,Cartão de Crédito,12,1,358.8
CUST-00414,2025-04-26,Pro,79.9,10,3,Pix,22,0,1757.8
CUST-00415,2024-09-03,Basic,29.9,11,1,Pix,14,0,418.6
CUST-00416,2025-04-11,Pro,79.9,13,2,Cartão de Crédito,15,0,1198.5
CUST-00417,2025-02-16,Pro,79.9,30,4,Boleto,13,0,1038.7
CUST-00418,2025-06-11,Basic,29.9,19,1,Pix,23,0,687.7
CUST-00419,2024-05-16,Basic,29.9,21,2,Boleto,23,0,687.7
CUST-00420,2025-07-11,Pro,79.9,27,8,Pix,3,1,239.7
CUST-00421,2025-06-15,Basic,29.9,13,4,Cartão de Crédito,20,0,598.0
CUST-00422,2025-12-20,Basic,29.9,11,3,Cartão de Crédito,20,0,598.0
CUST-00423,2025-02-08,Pro,79.9,6,1,Boleto,13,0,1038.7
CUST-00424,2024-09-10,Basic,29.9,22,4,Pix,21,0,627.9
CUST-00425,2025-12-11,Enterprise,249.9,17,3,Pix,1,1,249.9
CUST-00426,2025-06-15,Enterprise,249.9,26,0,Pix,16,0,3998.4
CUST-00427,2024-05-18,Enterprise,249.9,25,8,Boleto,20,0,4998.0
CUST-00428,2025-07-04,Basic,29.9,23,3,Boleto,5,1,149.5
CUST-00429,2024-09-03,Pro,79.9,0,8,Cartão de Crédito,9,1,719.1
CUST-00430,2024-08-09,Enterprise,249.9,1,1,Pix,3,1,749.7
CUST-00431,2025-03-17,Pro,79.9,19,3,Pix,9,1,719.1
CUST-00432,2025-09-15,Enterprise,249.9,8,6,Boleto,11,1,2748.9
CUST-00433,2024-10-21,Enterprise,249.9,21,9,Boleto,23,0,5747.7
CUST-00434,2025-02-09,Basic,29.9,23,4,Cartão de Crédito,21,0,627.9
CUST-00435,2025-10-23,Basic,29.9,20,10,Pix,3,1,89.7
CUST-00436,2024-10-01,Enterprise,249.9,30,3,Pix,14,0,3498.6
CUST-00437,2024-12-13,Enterprise,249.9,26,10,Cartão de Crédito,1,1,249.9
CUST-00438,2024-08-29,Pro,79.9,1,9,Boleto,7,1,559.3
CUST-00439,2024-05-12,Basic,29.9,28,7,Boleto,12,1,358.8
CUST-00440,2024-05-13,Basic,29.9,4,0,Pix,19,0,568.1
CUST-00441,2024-03-22,Pro,79.9,27,2,Pix,17,0,1358.3
CUST-00442,2024-03-03,Enterprise,249.9,6,4,Boleto,18,0,4498.2
CUST-00443,2024-07-11,Pro,79.9,12,0,Cartão de Crédito,23,0,1837.7
CUST-00444,2025-04-28,Pro,79.9,4,9,Cartão de Crédito,2,1,159.8
CUST-00445,2025-07-11,Enterprise,249.9,30,7,Pix,20,0,4998.0
CUST-00446,2024-03-17,Enterprise,249.9,25,8,Cartão de Crédito,24,0,5997.6
CUST-00447,2025-07-04,Pro,79.9,24,8,Boleto,18,0,1438.2
CUST-00448,2024-03-11,Basic,29.9,10,2,Cartão de Crédito,16,0,478.4
CUST-00449,2025-06-23,Basic,29.9,14,5,Cartão de Crédito,18,0,538.2
CUST-00450,2024-05-05,Basic,29.9,15,2,Cartão de Crédito,16,0,478.4
CUST-00451,2025-07-17,Pro,79.9,18,4,Cartão de Crédito,21,0,1677.9
CUST-00452,2025-05-23,Pro,79.9,9,0,Cartão de Crédito,23,0,1837.7
CUST-00453,2025-11-10,Pro,79.9,0,1,Cartão de Crédito,9,1,719.1
CUST-00454,2025-04-29,Basic,29.9,28,7,Pix,14,0,418.6
CUST-00455,2025-05-10,Pro,79.9,26,9,Boleto,24,0,1917.6
CUST-00456,2024-07-25,Pro,79.9,24,6,Boleto,21,0,1677.9
CUST-00457,2025-04-30,Enterprise,249.9,19,10,Pix,19,0,4748.1
CUST-00458,2025-10-20,Basic,29.9,5,5,Pix,22,0,657.8
CUST-00459,2025-09-04,Pro,79.9,20,5,Pix,15,0,1198.5
CUST-00460,2025-02-18,Basic,29.9,0,1,Boleto,6,1,179.4
CUST-00461,2024-02-09,Pro,79.9,11,10,Cartão de Crédito,3,1,239.7
CUST-00462,2024-05-20,Pro,79.9,13,10,Pix,19,0,1518.1
CUST-00463,2024-03-27,Enterprise,249.9,23,4,Boleto,19,0,4748.1
CUST-00464,2024-04-10,Pro,79.9,15,1,Pix,14,0,1118.6
CUST-00465,2025-11-26,Pro,79.9,6,8,Pix,6,1,479.4
CUST-00466,2025-05-02,Enterprise,249.9,8,9,Pix,13,0,3248.7
CUST-00467,2024-03-12,Enterprise,249.9,25,8,Boleto,22,0,5497.8
CUST-00468,2024-05-16,Pro,79.9,17,0,Cartão de Crédito,15,0,1198.5
CUST-00469,2024-11-14,Enterprise,249.9,12,8,Cartão de Crédito,22,0,5497.8
CUST-00470,2024-05-19,Pro,79.9,3,10,Pix,1,1,79.9
CUST-00471,2025-06-17,Enterprise,249.9,21,1,Boleto,22,0,5497.8
CUST-00472,2025-07-08,Basic,29.9,14,4,Pix,21,0,627.9
CUST-00473,2025-12-05,Basic,29.9,21,3,Boleto,21,0,627.9
CUST-00474,2025-07-24,Basic,29.9,8,6,Pix,5,1,149.5
CUST-00475,2025-11-13,Basic,29.9,27,1,Cartão de Crédito,10,1,299.0
CUST-00476,2024-01-02,Enterprise,249.9,13,9,Cartão de Crédito,17,0,4248.3
CUST-00477,2025-09-29,Basic,29.9,8,10,Cartão de Crédito,7,1,209.3
CUST-00478,2025-09-30,Basic,29.9,5,6,Cartão de Crédito,6,1,179.4
CUST-00479,2025-07-07,Enterprise,249.9,10,1,Cartão de Crédito,22,0,5497.8
CUST-00480,2025-06-17,Basic,29.9,7,5,Cartão de Crédito,24,0,717.6
CUST-00481,2025-01-10,Basic,29.9,12,10,Pix,12,1,358.8
CUST-00482,2025-02-12,Basic,29.9,12,2,Boleto,16,0,478.4
CUST-00483,2024-05-20,Enterprise,249.9,18,6,Pix,14,0,3498.6
CUST-00484,2025-12-27,Pro,79.9,12,5,Boleto,22,0,1757.8
CUST-00485,2025-03-21,Pro,79.9,3,8,Pix,5,1,399.5
CUST-00486,2024-07-15,Pro,79.9,19,5,Pix,15,0,1198.5
CUST-00487,2024-12-15,Pro,79.9,10,10,Pix,4,1,319.6
CUST-00488,2025-02-05,Enterprise,249.9,27,1,Cartão de Crédito,18,0,4498.2
CUST-00489,2024-03-02,Enterprise,249.9,27,6,Cartão de Crédito,12,1,2998.8
CUST-00490,2025-07-19,Basic,29.9,30,1,Pix,13,0,388.7
CUST-00491,2024-01-06,Pro,79.9,23,10,Cartão de Crédito,11,1,878.9
CUST-00492,2025-08-30,Pro,79.9,7,0,Boleto,17,0,1358.3
CUST-00493,2025-03-13,Basic,29.9,28,3,Boleto,22,0,657.8
CUST-00494,2024-02-04,Enterprise,249.9,24,7,Boleto,17,0,4248.3
CUST-00495,2025-06-05,Enterprise,249.9,20,0,Boleto,18,0,4498.2
CUST-00496,2025-02-05,Basic,29.9,25,1,Cartão de Crédito,16,0,478.4
CUST-00497,2025-07-06,Pro,79.9,28,2,Boleto,14,0,1118.6
CUST-00498,2025-08-26,Pro,79.9,27,5,Pix,13,0,1038.7
CUST-00499,2025-03-04,Pro,79.9,26,3,Cartão de Crédito,18,0,1438.2
CUST-00500,2025-09-05,Pro,79.9,28,10,Pix,24,0,1917.6
CUST-00501,2025-07-26,Pro,79.9,26,6,Boleto,2,1,159.8
CUST-00502,2025-12-18,Basic,29.9,25,2,Pix,24,0,717.6
CUST-00503,2025-04-27,Enterprise,249.9,8,9,Pix,9,1,2249.1
CUST-00504,2024-03-28,Basic,29.9,4,9,Boleto,1,1,29.9
CUST-00505,2024-06-15,Pro,79.9,20,4,Pix,14,0,1118.6
CUST-00506,2024-02-24,Enterprise,249.9,26,0,Cartão de Crédito,22,0,5497.8
CUST-00507,2024-04-01,Enterprise,249.9,22,10,Pix,13,0,3248.7
CUST-00508,2024-08-30,Enterprise,249.9,16,8,Cartão de Crédito,14,0,3498.6
CUST-00509,2025-04-20,Pro,79.9,24,3,Pix,15,0,1198.5
CUST-00510,2024-10-29,Basic,29.9,14,0,Boleto,14,0,418.6
CUST-00511,2025-06-18,Basic,29.9,5,6,Cartão de Crédito,2,1,59.8
CUST-00512,2024-11-30,Pro,79.9,25,3,Cartão de Crédito,23,0,1837.7
CUST-00513,2025-09-07,Enterprise,249.9,22,7,Boleto,17,0,4248.3
CUST-00514,2024-10-18,Basic,29.9,10,4,Cartão de Crédito,18,0,538.2
CUST-00515,2025-04-30,Enterprise,249.9,30,3,Cartão de Crédito,20,0,4998.0
CUST-00516,2024-03-15,Pro,79.9,9,4,Cartão de Crédito,16,0,1278.4
CUST-00517,2025-10-13,Pro,79.9,4,10,Boleto,12,1,958.8
CUST-00518,2024-09-26,Pro,79.9,2,8,Pix,12,1,958.8
CUST-00519,2024-09-24,Enterprise,249.9,0,0,Boleto,15,0,3748.5
CUST-00520,2025-06-21,Enterprise,249.9,22,8,Pix,17,0,4248.3
CUST-00521,2025-08-26,Pro,79.9,23,3,Boleto,21,0,1677.9
CUST-00522,2025-09-26,Enterprise,249.9,6,6,Pix,10,1,2499.0
CUST-00523,2025-07-05,Basic,29.9,0,6,Boleto,17,0,508.3
CUST-00524,2024-08-18,Basic,29.9,5,4,Cartão de Crédito,19,0,568.1
CUST-00525,2024-04-13,Enterprise,249.9,7,5,Boleto,23,0,5747.7
CUST-00526,2025-05-25,Pro,79.9,27,0,Cartão de Crédito,13,0,1038.7
CUST-00527,2024-10-03,Basic,29.9,25,10,Pix,17,0,508.3
CUST-00528,2024-04-30,Basic,29.9,21,7,Pix,5,1,149.5
CUST-00529,2024-07-09,Basic,29.9,24,5,Boleto,22,0,657.8
CUST-00530,2024-05-23,Pro,79.9,19,6,Boleto,8,1,639.2
CUST-00531,2025-05-22,Basic,29.9,23,4,Cartão de Crédito,21,0,627.9
CUST-00532,2025-07-05,Enterprise,249.9,10,3,Pix,13,0,3248.7
CUST-00533,2024-12-03,Pro,79.9,18,5,Pix,23,0,1837.7
CUST-00534,2025-01-19,Enterprise,249.9,15,8,Pix,13,0,3248.7
CUST-00535,2025-01-20,Pro,79.9,21,3,Boleto,19,0,1518.1
CUST-00536,2025-03-08,Enterprise,249.9,23,8,Pix,16,0,3998.4
CUST-00537,2024-10-30,Basic,29.9,15,6,Cartão de Crédito,19,0,568.1
CUST-00538,2024-10-19,Basic,29.9,8,9,Cartão de Crédito,2,1,59.8
CUST-00539,2024-03-31,Enterprise,249.9,10,6,Cartão de Crédito,13,0,3248.7
CUST-00540,2024-02-19,Basic,29.9,27,3,Boleto,13,0,388.7
CUST-00541,2025-04-09,Enterprise,249.9,12,9,Boleto,20,0,4998.0
CUST-00542,2024-04-02,Basic,29.9,11,2,Boleto,15,0,448.5
CUST-00543,2024-01-11,Pro,79.9,14,1,Boleto,20,0,1598.0
CUST-00544,2024-03-13,Basic,29.9,25,7,Pix,14,0,418.6
CUST-00545,2025-02-04,Pro,79.9,7,2,Pix,12,1,958.8
CUST-00546,2025-04-20,Enterprise,249.9,5,1,Cartão de Crédito,23,0,5747.7
CUST-00547,2025-07-07,Pro,79.9,14,7,Boleto,20,0,1598.0
CUST-00548,2025-07-27,Pro,79.9,9,3,Pix,14,0,1118.6
CUST-00549,2024-01-15,Basic,29.9,29,7,Cartão de Crédito,24,0,717.6
CUST-00550,2024-10-22,Enterprise,249.9,16,0,Pix,17,0,4248.3
CUST-00551,2024-08-25,Enterprise,249.9,5,8,Cartão de Crédito,22,0,5497.8
CUST-00552,2024-05-15,Enterprise,249.9,5,9,Pix,20,0,4998.0
CUST-00553,2024-01-28,Enterprise,249.9,30,5,Cartão de Crédito,19,0,4748.1
CUST-00554,2024-04-05,Basic,29.9,5,1,Cartão de Crédito,18,0,538.2
CUST-00555,2025-10-05,Pro,79.9,23,9,Pix,14,0,1118.6
CUST-00556,2024-03-12,Basic,29.9,4,5,Boleto,16,0,478.4
CUST-00557,2024-08-25,Basic,29.9,8,7,Cartão de Crédito,7,1,209.3
CUST-00558,2025-08-12,Basic,29.9,2,3,Boleto,9,1,269.1
CUST-00559,2024-01-31,Pro,79.9,28,5,Pix,17,0,1358.3
CUST-00560,2025-11-01,Enterprise,249.9,17,0,Boleto,22,0,5497.8
CUST-00561,2024-09-12,Enterprise,249.9,17,8,Cartão de Crédito,2,1,499.8
CUST-00562,2024-09-01,Enterprise,249.9,7,4,Cartão de Crédito,22,0,5497.8
CUST-00563,2024-10-06,Basic,29.9,16,9,Pix,15,0,448.5
CUST-00564,2024-09-01,Enterprise,249.9,12,3,Cartão de Crédito,17,0,4248.3
CUST-00565,2024-08-17,Enterprise,249.9,11,8,Boleto,9,1,2249.1
CUST-00566,2024-08-27,Pro,79.9,19,1,Boleto,16,0,1278.4
CUST-00567,2025-05-14,Basic,29.9,27,8,Boleto,18,0,538.2
CUST-00568,2025-10-20,Pro,79.9,20,8,Boleto,4,1,319.6
CUST-00569,2025-04-30,Pro,79.9,19,6,Pix,23,0,1837.7
CUST-00570,2024-02-29,Pro,79.9,12,7,Boleto,1,1,79.9
CUST-00571,2024-01-10,Basic,29.9,28,8,Pix,11,1,328.9
CUST-00572,2024-08-22,Basic,29.9,4,3,Pix,19,0,568.1
CUST-00573,2025-12-12,Basic,29.9,24,9,Pix,7,1,209.3
CUST-00574,2024-08-24,Pro,79.9,12,5,Cartão de Crédito,13,0,1038.7
CUST-00575,2025-10-10,Enterprise,249.9,14,5,Boleto,23,0,5747.7
CUST-00576,2024-05-20,Enterprise,249.9,9,6,Boleto,6,1,1499.4
CUST-00577,2025-08-22,Enterprise,249.9,15,10,Cartão de Crédito,1,1,249.9
CUST-00578,2025-12-26,Enterprise,249.9,1,10,Cartão de Crédito,9,1,2249.1
CUST-00579,2025-03-08,Enterprise,249.9,8,8,Cartão de Crédito,3,1,749.7
CUST-00580,2024-12-07,Basic,29.9,5,10,Pix,9,1,269.1
CUST-00581,2025-03-21,Pro,79.9,17,3,Cartão de Crédito,24,0,1917.6
CUST-00582,2025-05-13,Pro,79.9,15,6,Cartão de Crédito,21,0,1677.9
CUST-00583,2024-12-26,Enterprise,249.9,3,0,Boleto,13,0,3248.7
CUST-00584,2024-01-14,Enterprise,249.9,17,7,Cartão de Crédito,4,1,999.6
CUST-00585,2024-01-24,Pro,79.9,30,5,Cartão de Crédito,18,0,1438.2
CUST-00586,2025-09-17,Enterprise,249.9,30,3,Boleto,16,0,3998.4
CUST-00587,2025-01-25,Basic,29.9,30,1,Cartão de Crédito,17,0,508.3
CUST-00588,2025-07-13,Enterprise,249.9,4,0,Pix,10,1,2499.0
CUST-00589,2025-03-05,Enterprise,249.9,1,5,Boleto,1,1,249.9
CUST-00590,2024-12-22,Basic,29.9,17,9,Boleto,18,0,538.2
CUST-00591,2024-01-10,Enterprise,249.9,20,8,Pix,24,0,5997.6
CUST-00592,2025-03-25,Enterprise,249.9,14,2,Cartão de Crédito,14,0,3498.6
CUST-00593,2025-02-27,Basic,29.9,5,7,Boleto,11,1,328.9
CUST-00594,2024-08-04,Basic,29.9,12,5,Boleto,15,0,448.5
CUST-00595,2025-01-26,Basic,29.9,13,2,Pix,21,0,627.9
CUST-00596,2024-12-29,Pro,79.9,17,10,Boleto,14,0,1118.6
CUST-00597,2024-01-26,Enterprise,249.9,1,1,Cartão de Crédito,21,0,5247.9
CUST-00598,2024-08-11,Pro,79.9,24,3,Cartão de Crédito,14,0,1118.6
CUST-00599,2024-06-08,Basic,29.9,15,0,Cartão de Crédito,16,0,478.4
CUST-00600,2024-10-23,Basic,29.9,19,6,Cartão de Crédito,1,1,29.9
CUST-00601,2024-02-09,Pro,79.9,1,10,Pix,5,1,399.5
CUST-00602,2025-10-12,Pro,79.9,13,6,Cartão de Crédito,12,1,958.8
CUST-00603,2024-03-10,Basic,29.9,14,10,Boleto,10,1,299.0
CUST-00604,2025-12-28,Enterprise,249.9,15,0,Boleto,24,0,5997.6
CUST-00605,2024-07-25,Pro,79.9,25,6,Pix,7,1,559.3
CUST-00606,2025-12-04,Basic,29.9,6,6,Cartão de Crédito,8,1,239.2
CUST-00607,2024-01-17,Pro,79.9,24,2,Pix,22,0,1757.8
CUST-00608,2025-11-01,Pro,79.9,15,3,Pix,19,0,1518.1
CUST-00609,2024-11-28,Enterprise,249.9,24,4,Cartão de Crédito,24,0,5997.6
CUST-00610,2025-01-30,Pro,79.9,15,8,Boleto,3,1,239.7
CUST-00611,2024-04-18,Enterprise,249.9,21,3,Pix,20,0,4998.0
CUST-00612,2025-09-29,Basic,29.9,6,5,Pix,24,0,717.6
CUST-00613,2025-04-18,Basic,29.9,5,9,Pix,8,1,239.2
CUST-00614,2024-01-30,Basic,29.9,21,5,Boleto,10,1,299.0
CUST-00615,2024-05-28,Basic,29.9,0,5,Pix,24,0,717.6
CUST-00616,2024-01-23,Basic,29.9,23,7,Pix,16,0,478.4
CUST-00617,2025-08-06,Pro,79.9,14,8,Boleto,24,0,1917.6
CUST-00618,2024-09-17,Enterprise,249.9,8,7,Boleto,16,0,3998.4
CUST-00619,2024-07-03,Basic,29.9,11,9,Cartão de Crédito,18,0,538.2
CUST-00620,2024-09-19,Enterprise,249.9,30,2,Cartão de Crédito,16,0,3998.4
CUST-00621,2024-05-26,Enterprise,249.9,29,6,Pix,11,1,2748.9
CUST-00622,2024-12-24,Basic,29.9,4,6,Pix,12,1,358.8
CUST-00623,2025-06-11,Pro,79.9,13,5,Pix,23,0,1837.7
CUST-00624,2025-11-29,Pro,79.9,8,4,Pix,21,0,1677.9
CUST-00625,2024-04-27,Enterprise,249.9,6,3,Pix,17,0,4248.3
CUST-00626,2024-12-02,Basic,29.9,29,0,Pix,23,0,687.7
CUST-00627,2024-09-07,Enterprise,249.9,6,5,Boleto,16,0,3998.4
CUST-00628,2024-08-14,Pro,79.9,6,4,Cartão de Crédito,24,0,1917.6
CUST-00629,2025-12-17,Enterprise,249.9,0,6,Boleto,10,1,2499.0
CUST-00630,2025-03-17,Basic,29.9,9,7,Boleto,1,1,29.9
CUST-00631,2025-06-07,Basic,29.9,13,2,Pix,23,0,687.7
CUST-00632,2024-06-09,Pro,79.9,22,6,Pix,19,0,1518.1
CUST-00633,2024-06-25,Pro,79.9,19,6,Boleto,3,1,239.7
CUST-00634,2025-08-20,Enterprise,249.9,26,5,Pix,6,1,1499.4
CUST-00635,2024-10-08,Basic,29.9,16,8,Pix,10,1,299.0
CUST-00636,2025-08-30,Basic,29.9,8,3,Cartão de Crédito,13,0,388.7
CUST-00637,2025-07-31,Enterprise,249.9,24,5,Pix,16,0,3998.4
CUST-00638,2025-05-29,Pro,79.9,25,6,Boleto,19,0,1518.1
CUST-00639,2025-02-25,Basic,29.9,8,7,Boleto,1,1,29.9
CUST-00640,2024-08-22,Enterprise,249.9,0,8,Pix,11,1,2748.9
CUST-00641,2025-06-05,Pro,79.9,16,5,Boleto,20,0,1598.0
CUST-00642,2025-03-31,Enterprise,249.9,16,2,Cartão de Crédito,17,0,4248.3
CUST-00643,2024-11-14,Pro,79.9,20,1,Boleto,20,0,1598.0
CUST-00644,2024-05-28,Basic,29.9,2,10,Cartão de Crédito,21,0,627.9
CUST-00645,2025-11-22,Enterprise,249.9,28,2,Cartão de Crédito,19,0,4748.1
CUST-00646,2024-02-11,Basic,29.9,11,1,Boleto,20,0,598.0
CUST-00647,2025-07-29,Pro,79.9,29,7,Pix,18,0,1438.2
CUST-00648,2025-08-09,Basic,29.9,8,1,Cartão de Crédito,19,0,568.1
CUST-00649,2024-01-15,Pro,79.9,11,4,Cartão de Crédito,5,1,399.5
CUST-00650,2025-04-15,Basic,29.9,21,3,Cartão de Crédito,24,0,717.6
CUST-00651,2024-02-24,Basic,29.9,11,2,Boleto,23,0,687.7
CUST-00652,2025-09-20,Pro,79.9,13,3,Boleto,16,0,1278.4
CUST-00653,2024-03-14,Enterprise,249.9,3,6,Boleto,10,1,2499.0
CUST-00654,2025-03-10,Pro,79.9,15,9,Cartão de Crédito,17,0,1358.3
CUST-00655,2024-11-21,Basic,29.9,16,1,Pix,15,0,448.5
CUST-00656,2025-03-20,Basic,29.9,11,5,Pix,24,0,717.6
CUST-00657,2024-11-15,Enterprise,249.9,27,5,Pix,22,0,5497.8
CUST-00658,2025-12-11,Pro,79.9,26,9,Pix,6,1,479.4
CUST-00659,2024-03-19,Enterprise,249.9,0,6,Cartão de Crédito,6,1,1499.4
CUST-00660,2025-12-15,Enterprise,249.9,27,4,Boleto,24,0,5997.6
CUST-00661,2025-09-10,Basic,29.9,23,0,Cartão de Crédito,22,0,657.8
CUST-00662,2025-08-29,Enterprise,249.9,16,8,Pix,5,1,1249.5
CUST-00663,2024-07-26,Pro,79.9,12,8,Pix,15,0,1198.5
CUST-00664,2024-08-30,Basic,29.9,17,7,Boleto,15,0,448.5
CUST-00665,2025-02-22,Enterprise,249.9,30,6,Pix,11,1,2748.9
CUST-00666,2024-07-01,Enterprise,249.9,14,4,Pix,17,0,4248.3
CUST-00667,2025-05-17,Enterprise,249.9,28,8,Cartão de Crédito,17,0,4248.3
CUST-00668,2025-10-08,Pro,79.9,26,8,Pix,5,1,399.5
CUST-00669,2025-05-10,Enterprise,249.9,7,3,Cartão de Crédito,24,0,5997.6
CUST-00670,2025-04-03,Basic,29.9,8,3,Cartão de Crédito,15,0,448.5
CUST-00671,2025-10-25,Pro,79.9,14,0,Boleto,19,0,1518.1
CUST-00672,2024-03-11,Basic,29.9,3,4,Pix,13,0,388.7
CUST-00673,2025-12-20,Basic,29.9,0,1,Cartão de Crédito,1,1,29.9
CUST-00674,2024-06-30,Pro,79.9,26,8,Pix,23,0,1837.7
CUST-00675,2025-10-06,Enterprise,249.9,2,7,Cartão de Crédito,1,1,249.9
CUST-00676,2024-01-20,Pro,79.9,19,5,Boleto,19,0,1518.1
CUST-00677,2024-09-22,Pro,79.9,0,0,Cartão de Crédito,7,1,559.3
CUST-00678,2024-01-29,Enterprise,249.9,23,9,Boleto,4,1,999.6
CUST-00679,2025-10-24,Basic,29.9,24,9,Cartão de Crédito,6,1,179.4
CUST-00680,2025-02-18,Basic,29.9,6,9,Boleto,12,1,358.8
CUST-00681,2024-09-02,Basic,29.9,15,7,Cartão de Crédito,11,1,328.9
CUST-00682,2024-06-23,Basic,29.9,20,9,Boleto,10,1,299.0
CUST-00683,2025-05-25,Pro,79.9,1,5,Pix,1,1,79.9
CUST-00684,2024-11-14,Basic,29.9,7,7,Boleto,21,0,627.9
CUST-00685,2025-05-29,Pro,79.9,1,4,Pix,19,0,1518.1
CUST-00686,2025-09-13,Pro,79.9,19,7,Pix,8,1,639.2
CUST-00687,2024-10-06,Pro,79.9,25,2,Boleto,19,0,1518.1
CUST-00688,2025-12-19,Enterprise,249.9,28,8,Pix,16,0,3998.4
CUST-00689,2024-12-29,Basic,29.9,28,6,Pix,18,0,538.2
CUST-00690,2024-06-11,Basic,29.9,19,0,Pix,17,0,508.3
CUST-00691,2024-04-08,Basic,29.9,7,3,Cartão de Crédito,17,0,508.3
CUST-00692,2024-03-19,Basic,29.9,19,9,Pix,4,1,119.6
CUST-00693,2024-11-19,Pro,79.9,4,7,Cartão de Crédito,9,1,719.1
CUST-00694,2024-10-21,Pro,79.9,20,3,Cartão de Crédito,24,0,1917.6
CUST-00695,2024-10-11,Basic,29.9,17,1,Pix,22,0,657.8
CUST-00696,2024-08-23,Basic,29.9,9,4,Pix,19,0,568.1
CUST-00697,2025-11-18,Enterprise,249.9,1,1,Pix,21,0,5247.9
CUST-00698,2024-06-02,Pro,79.9,23,0,Pix,21,0,1677.9
CUST-00699,2025-03-02,Basic,29.9,22,8,Pix,13,0,388.7
CUST-00700,2025-11-27,Pro,79.9,2,10,Boleto,5,1,399.5
CUST-00701,2025-10-01,Basic,29.9,14,0,Pix,24,0,717.6
CUST-00702,2025-02-21,Pro,79.9,2,3,Pix,10,1,799.0
CUST-00703,2025-11-30,Basic,29.9,8,4,Cartão de Crédito,23,0,687.7
CUST-00704,2024-01-05,Pro,79.9,11,5,Pix,20,0,1598.0
CUST-00705,2025-06-18,Enterprise,249.9,21,2,Pix,9,1,2249.1
CUST-00706,2025-07-13,Basic,29.9,28,6,Pix,10,1,299.0
CUST-00707,2025-07-25,Enterprise,249.9,23,9,Boleto,11,1,2748.9
CUST-00708,2025-06-27,Enterprise,249.9,15,8,Cartão de Crédito,19,0,4748.1
CUST-00709,2024-04-11,Enterprise,249.9,29,1,Boleto,19,0,4748.1
CUST-00710,2025-01-07,Basic,29.9,20,1,Cartão de Crédito,15,0,448.5
CUST-00711,2025-04-16,Pro,79.9,18,0,Boleto,20,0,1598.0
CUST-00712,2024-09-22,Basic,29.9,9,8,Boleto,2,1,59.8
CUST-00713,2024-02-21,Basic,29.9,7,8,Boleto,21,0,627.9
CUST-00714,2024-07-25,Enterprise,249.9,23,7,Pix,15,0,3748.5
CUST-00715,2025-01-12,Pro,79.9,8,6,Cartão de Crédito,11,1,878.9
CUST-00716,2024-08-24,Enterprise,249.9,18,6,Pix,17,0,4248.3
CUST-00717,2024-03-30,Enterprise,249.9,6,9,Boleto,17,0,4248.3
CUST-00718,2024-10-28,Basic,29.9,13,3,Pix,20,0,598.0
CUST-00719,2025-05-29,Pro,79.9,22,0,Pix,18,0,1438.2
CUST-00720,2024-10-25,Basic,29.9,18,6,Cartão de Crédito,14,0,418.6
CUST-00721,2025-08-03,Pro,79.9,0,5,Cartão de Crédito,20,0,1598.0
CUST-00722,2025-10-22,Enterprise,249.9,28,5,Cartão de Crédito,20,0,4998.0
CUST-00723,2025-10-22,Pro,79.9,16,6,Pix,1,1,79.9
CUST-00724,2025-08-17,Basic,29.9,29,7,Pix,12,1,358.8
CUST-00725,2025-10-26,Basic,29.9,27,3,Pix,13,0,388.7
CUST-00726,2024-12-15,Pro,79.9,14,9,Boleto,24,0,1917.6
CUST-00727,2025-07-19,Basic,29.9,30,8,Cartão de Crédito,2,1,59.8
CUST-00728,2024-02-12,Basic,29.9,5,8,Boleto,18,0,538.2
CUST-00729,2025-08-03,Pro,79.9,24,4,Pix,20,0,1598.0
CUST-00730,2024-06-20,Pro,79.9,8,3,Cartão de Crédito,18,0,1438.2
CUST-00731,2024-03-29,Pro,79.9,30,1,Cartão de Crédito,16,0,1278.4
CUST-00732,2025-02-18,Basic,29.9,4,10,Pix,9,1,269.1
CUST-00733,2024-03-31,Enterprise,249.9,30,3,Pix,23,0,5747.7
CUST-00734,2024-12-11,Basic,29.9,22,8,Pix,24,0,717.6
CUST-00735,2025-04-25,Enterprise,249.9,2,7,Boleto,11,1,2748.9
CUST-00736,2024-04-02,Pro,79.9,18,8,Boleto,22,0,1757.8
CUST-00737,2025-06-12,Enterprise,249.9,15,7,Boleto,24,0,5997.6
CUST-00738,2025-08-30,Pro,79.9,26,5,Boleto,3,1,239.7
CUST-00739,2025-03-04,Enterprise,249.9,21,10,Boleto,8,1,1999.2
CUST-00740,2024-08-09,Basic,29.9,30,7,Pix,13,0,388.7
CUST-00741,2025-06-24,Pro,79.9,5,9,Pix,1,1,79.9
CUST-00742,2024-07-20,Basic,29.9,16,5,Cartão de Crédito,14,0,418.6
CUST-00743,2025-05-30,Pro,79.9,27,10,Pix,2,1,159.8
CUST-00744,2024-10-24,Basic,29.9,23,1,Pix,13,0,388.7
CUST-00745,2025-01-15,Basic,29.9,18,0,Pix,21,0,627.9
CUST-00746,2025-06-18,Pro,79.9,9,10,Pix,7,1,559.3
CUST-00747,2025-09-15,Enterprise,249.9,8,3,Pix,22,0,5497.8
CUST-00748,2024-01-25,Enterprise,249.9,29,4,Cartão de Crédito,8,1,1999.2
CUST-00749,2024-09-09,Basic,29.9,2,1,Boleto,8,1,239.2
CUST-00750,2024-02-10,Enterprise,249.9,21,2,Boleto,17,0,4248.3
CUST-00751,2025-02-16,Pro,79.9,17,2,Cartão de Crédito,14,0,1118.6
CUST-00752,2025-10-28,Enterprise,249.9,2,6,Cartão de Crédito,5,1,1249.5
CUST-00753,2025-02-02,Pro,79.9,19,8,Boleto,19,0,1518.1
CUST-00754,2024-11-24,Basic,29.9,7,1,Boleto,18,0,538.2
CUST-00755,2025-01-20,Pro,79.9,16,7,Cartão de Crédito,24,0,1917.6
CUST-00756,2025-11-28,Enterprise,249.9,25,8,Cartão de Crédito,4,1,999.6
CUST-00757,2024-04-03,Enterprise,249.9,25,1,Cartão de Crédito,14,0,3498.6
CUST-00758,2025-11-04,Pro,79.9,20,1,Cartão de Crédito,22,0,1757.8
CUST-00759,2024-12-30,Enterprise,249.9,12,6,Pix,17,0,4248.3
CUST-00760,2024-08-21,Enterprise,249.9,18,0,Cartão de Crédito,13,0,3248.7
CUST-00761,2025-06-04,Enterprise,249.9,12,9,Boleto,12,1,2998.8
CUST-00762,2025-04-07,Pro,79.9,22,10,Boleto,10,1,799.0
CUST-00763,2024-12-20,Enterprise,249.9,29,10,Pix,22,0,5497.8
CUST-00764,2025-04-27,Pro,79.9,23,10,Boleto,15,0,1198.5
CUST-00765,2024-08-09,Pro,79.9,4,2,Cartão de Crédito,18,0,1438.2
CUST-00766,2024-05-17,Pro,79.9,17,7,Pix,24,0,1917.6
CUST-00767,2024-08-22,Enterprise,249.9,4,7,Cartão de Crédito,3,1,749.7
CUST-00768,2024-06-30,Basic,29.9,4,3,Pix,23,0,687.7
CUST-00769,2025-09-04,Basic,29.9,7,7,Pix,2,1,59.8
CUST-00770,2024-12-27,Basic,29.9,12,3,Cartão de Crédito,15,0,448.5
CUST-00771,2025-05-01,Pro,79.9,15,1,Pix,18,0,1438.2
CUST-00772,2025-04-20,Enterprise,249.9,22,3,Boleto,24,0,5997.6
CUST-00773,2025-01-19,Enterprise,249.9,18,5,Cartão de Crédito,18,0,4498.2
CUST-00774,2025-11-15,Pro,79.9,9,1,Boleto,20,0,1598.0
CUST-00775,2025-04-03,Basic,29.9,8,6,Boleto,1,1,29.9
CUST-00776,2024-12-08,Basic,29.9,12,8,Cartão de Crédito,9,1,269.1
CUST-00777,2024-12-22,Enterprise,249.9,15,0,Cartão de Crédito,18,0,4498.2
CUST-00778,2025-04-10,Pro,79.9,4,3,Boleto,1,1,79.9
CUST-00779,2024-10-07,Basic,29.9,25,7,Pix,5,1,149.5
CUST-00780,2024-08-13,Enterprise,249.9,8,4,Cartão de Crédito,18,0,4498.2
CUST-00781,2024-05-23,Enterprise,249.9,21,8,Boleto,21,0,5247.9
CUST-00782,2025-11-20,Enterprise,249.9,7,7,Cartão de Crédito,9,1,2249.1
CUST-00783,2024-07-29,Basic,29.9,10,1,Cartão de Crédito,19,0,568.1
CUST-00784,2024-06-06,Basic,29.9,11,4,Cartão de Crédito,23,0,687.7
CUST-00785,2024-08-11,Basic,29.9,2,10,Pix,24,0,717.6
CUST-00786,2024-01-13,Pro,79.9,24,10,Pix,4,1,319.6
CUST-00787,2024-04-18,Basic,29.9,13,0,Boleto,19,0,568.1
CUST-00788,2025-09-05,Basic,29.9,24,3,Pix,20,0,598.0
CUST-00789,2024-07-15,Enterprise,249.9,14,6,Boleto,3,1,749.7
CUST-00790,2024-06-06,Enterprise,249.9,26,10,Cartão de Crédito,10,1,2499.0
CUST-00791,2025-01-30,Enterprise,249.9,11,7,Boleto,1,1,249.9
CUST-00792,2025-06-28,Basic,29.9,23,4,Cartão de Crédito,13,0,388.7
CUST-00793,2024-08-21,Pro,79.9,16,5,Cartão de Crédito,20,0,1598.0
CUST-00794,2025-01-18,Enterprise,249.9,30,10,Pix,17,0,4248.3
CUST-00795,2025-12-22,Enterprise,249.9,28,4,Pix,14,0,3498.6
CUST-00796,2024-04-03,Basic,29.9,24,7,Pix,2,1,59.8
CUST-00797,2025-10-27,Pro,79.9,29,9,Boleto,1,1,79.9
CUST-00798,2025-02-28,Basic,29.9,20,4,Boleto,21,0,627.9
CUST-00799,2025-07-04,Pro,79.9,18,10,Cartão de Crédito,5,1,399.5
CUST-00800,2025-11-13,Pro,79.9,8,5,Cartão de Crédito,14,0,1118.6
CUST-00801,2025-03-10,Enterprise,249.9,28,0,Boleto,23,0,5747.7
CUST-00802,2024-01-17,Basic,29.9,24,4,Cartão de Crédito,13,0,388.7
CUST-00803,2025-07-12,Enterprise,249.9,3,2,Boleto,18,0,4498.2
CUST-00804,2025-07-04,Pro,79.9,20,10,Cartão de Crédito,2,1,159.8
CUST-00805,2024-08-19,Basic,29.9,30,5,Pix,23,0,687.7
CUST-00806,2024-08-28,Enterprise,249.9,21,3,Boleto,14,0,3498.6
CUST-00807,2024-11-18,Pro,79.9,15,0,Boleto,24,0,1917.6
CUST-00808,2025-07-08,Enterprise,249.9,9,5,Boleto,23,0,5747.7
CUST-00809,2024-12-19,Enterprise,249.9,22,8,Cartão de Crédito,2,1,499.8
CUST-00810,2025-04-26,Basic,29.9,8,0,Pix,17,0,508.3
CUST-00811,2025-07-19,Basic,29.9,25,3,Pix,13,0,388.7
CUST-00812,2024-06-03,Enterprise,249.9,1,6,Boleto,3,1,749.7
CUST-00813,2024-08-05,Pro,79.9,11,10,Boleto,23,0,1837.7
CUST-00814,2025-01-27,Pro,79.9,14,8,Pix,14,0,1118.6
CUST-00815,2025-07-30,Enterprise,249.9,15,3,Cartão de Crédito,16,0,3998.4
CUST-00816,2024-04-11,Basic,29.9,26,7,Boleto,6,1,179.4
CUST-00817,2024-06-21,Enterprise,249.9,2,4,Cartão de Crédito,20,0,4998.0
CUST-00818,2025-03-26,Basic,29.9,12,8,Cartão de Crédito,20,0,598.0
CUST-00819,2025-07-29,Basic,29.9,8,9,Pix,19,0,568.1
CUST-00820,2024-08-30,Enterprise,249.9,11,2,Boleto,24,0,5997.6
CUST-00821,2024-02-17,Enterprise,249.9,4,5,Boleto,5,1,1249.5
CUST-00822,2025-02-13,Basic,29.9,29,4,Pix,17,0,508.3
CUST-00823,2024-11-20,Pro,79.9,20,9,Boleto,13,0,1038.7
CUST-00824,2024-02-24,Enterprise,249.9,6,4,Boleto,13,0,3248.7
CUST-00825,2024-10-03,Basic,29.9,15,3,Cartão de Crédito,15,0,448.5
CUST-00826,2024-06-16,Pro,79.9,26,7,Cartão de Crédito,24,0,1917.6
CUST-00827,2024-07-22,Enterprise,249.9,15,9,Pix,15,0,3748.5
CUST-00828,2024-01-08,Pro,79.9,5,7,Pix,10,1,799.0
CUST-00829,2025-08-23,Pro,79.9,6,5,Pix,23,0,1837.7
CUST-00830,2024-06-19,Enterprise,249.9,9,3,Boleto,14,0,3498.6
CUST-00831,2025-08-08,Pro,79.9,17,2,Cartão de Crédito,23,0,1837.7
CUST-00832,2025-10-25,Enterprise,249.9,0,10,Pix,12,1,2998.8
CUST-00833,2024-01-26,Pro,79.9,5,0,Boleto,23,0,1837.7
CUST-00834,2025-10-02,Basic,29.9,28,2,Boleto,22,0,657.8
CUST-00835,2025-08-08,Pro,79.9,13,9,Pix,22,0,1757.8
CUST-00836,2025-01-13,Basic,29.9,16,2,Pix,17,0,508.3
CUST-00837,2024-04-08,Pro,79.9,5,1,Pix,9,1,719.1
CUST-00838,2025-10-27,Enterprise,249.9,27,4,Cartão de Crédito,21,0,5247.9
CUST-00839,2024-04-10,Enterprise,249.9,6,8,Cartão de Crédito,21,0,5247.9
CUST-00840,2025-08-15,Basic,29.9,15,9,Cartão de Crédito,10,1,299.0
CUST-00841,2025-06-02,Enterprise,249.9,29,10,Cartão de Crédito,21,0,5247.9
CUST-00842,2024-11-21,Basic,29.9,15,6,Cartão de Crédito,3,1,89.7
CUST-00843,2024-10-16,Basic,29.9,16,10,Cartão de Crédito,23,0,687.7
CUST-00844,2025-08-26,Basic,29.9,23,1,Boleto,24,0,717.6
CUST-00845,2024-03-08,Basic,29.9,9,10,Cartão de Crédito,23,0,687.7
CUST-00846,2024-09-20,Basic,29.9,15,9,Boleto,17,0,508.3
CUST-00847,2025-10-13,Pro,79.9,26,2,Boleto,8,1,639.2
CUST-00848,2024-05-17,Basic,29.9,1,9,Cartão de Crédito,6,1,179.4
CUST-00849,2024-08-27,Enterprise,249.9,9,10,Cartão de Crédito,19,0,4748.1
CUST-00850,2024-07-29,Basic,29.9,2,10,Cartão de Crédito,5,1,149.5
CUST-00851,2024-10-05,Basic,29.9,24,10,Cartão de Crédito,16,0,478.4
CUST-00852,2025-09-13,Basic,29.9,0,6,Pix,3,1,89.7
CUST-00853,2025-01-17,Enterprise,249.9,2,10,Pix,9,1,2249.1
CUST-00854,2024-03-25,Pro,79.9,1,6,Boleto,23,0,1837.7
CUST-00855,2025-07-08,Basic,29.9,10,0,Pix,8,1,239.2
CUST-00856,2024-10-15,Basic,29.9,14,5,Pix,24,0,717.6
CUST-00857,2025-06-16,Enterprise,249.9,2,7,Pix,6,1,1499.4
CUST-00858,2024-02-17,Enterprise,249.9,19,8,Cartão de Crédito,20,0,4998.0
CUST-00859,2025-12-23,Enterprise,249.9,3,4,Cartão de Crédito,14,0,3498.6
CUST-00860,2024-04-05,Basic,29.9,6,0,Boleto,16,0,478.4
CUST-00861,2024-09-16,Pro,79.9,7,4,Cartão de Crédito,24,0,1917.6
CUST-00862,2025-02-16,Pro,79.9,12,10,Boleto,6,1,479.4
CUST-00863,2025-05-30,Pro,79.9,20,10,Cartão de Crédito,18,0,1438.2
CUST-00864,2024-03-25,Basic,29.9,30,10,Cartão de Crédito,21,0,627.9
CUST-00865,2025-07-28,Basic,29.9,21,9,Pix,18,0,538.2
CUST-00866,2024-01-15,Pro,79.9,24,3,Cartão de Crédito,13,0,1038.7
CUST-00867,2024-03-30,Enterprise,249.9,25,1,Cartão de Crédito,6,1,1499.4
CUST-00868,2024-06-28,Pro,79.9,29,8,Pix,13,0,1038.7
CUST-00869,2025-04-14,Pro,79.9,21,8,Boleto,1,1,79.9
CUST-00870,2024-10-29,Pro,79.9,20,8,Boleto,8,1,639.2
CUST-00871,2024-06-30,Enterprise,249.9,11,9,Cartão de Crédito,3,1,749.7
CUST-00872,2024-04-29,Basic,29.9,7,2,Cartão de Crédito,9,1,269.1
CUST-00873,2024-12-27,Pro,79.9,28,8,Pix,16,0,1278.4
CUST-00874,2024-10-13,Enterprise,249.9,12,9,Boleto,22,0,5497.8
CUST-00875,2024-03-20,Basic,29.9,28,2,Boleto,22,0,657.8
CUST-00876,2024-01-26,Enterprise,249.9,16,5,Cartão de Crédito,13,0,3248.7
CUST-00877,2025-09-01,Pro,79.9,26,10,Cartão de Crédito,3,1,239.7
CUST-00878,2025-02-14,Pro,79.9,5,7,Boleto,18,0,1438.2
CUST-00879,2025-10-27,Basic,29.9,3,9,Boleto,7,1,209.3
CUST-00880,2024-11-04,Pro,79.9,7,6,Boleto,22,0,1757.8
CUST-00881,2025-08-19,Pro,79.9,0,5,Boleto,15,0,1198.5
CUST-00882,2025-12-17,Basic,29.9,28,2,Boleto,14,0,418.6
CUST-00883,2025-11-26,Pro,79.9,0,1,Boleto,4,1,319.6
CUST-00884,2024-08-08,Enterprise,249.9,10,9,Pix,23,0,5747.7
CUST-00885,2024-01-12,Enterprise,249.9,9,9,Cartão de Crédito,10,1,2499.0
CUST-00886,2024-02-17,Pro,79.9,14,7,Boleto,17,0,1358.3
CUST-00887,2024-02-16,Pro,79.9,10,9,Pix,8,1,639.2
CUST-00888,2024-10-30,Pro,79.9,27,3,Boleto,24,0,1917.6
CUST-00889,2024-05-02,Enterprise,249.9,16,1,Boleto,6,1,1499.4
CUST-00890,2025-02-24,Enterprise,249.9,7,7,Cartão de Crédito,1,1,249.9
CUST-00891,2024-07-13,Basic,29.9,29,8,Boleto,22,0,657.8
CUST-00892,2024-05-05,Basic,29.9,12,3,Pix,19,0,568.1
CUST-00893,2025-10-28,Enterprise,249.9,5,0,Cartão de Crédito,16,0,3998.4
CUST-00894,2024-06-29,Pro,79.9,5,9,Pix,11,1,878.9
CUST-00895,2025-09-14,Pro,79.9,25,2,Pix,19,0,1518.1
CUST-00896,2025-12-15,Basic,29.9,2,0,Pix,7,1,209.3
CUST-00897,2024-03-22,Basic,29.9,28,8,Cartão de Crédito,15,0,448.5
CUST-00898,2024-09-24,Pro,79.9,2,1,Cartão de Crédito,21,0,1677.9
CUST-00899,2025-10-07,Enterprise,249.9,3,5,Cartão de Crédito,18,0,4498.2
CUST-00900,2025-09-03,Pro,79.9,14,1,Cartão de Crédito,19,0,1518.1
CUST-00901,2024-07-13,Basic,29.9,5,0,Cartão de Crédito,24,0,717.6
CUST-00902,2025-03-07,Enterprise,249.9,8,2,Cartão de Crédito,24,0,5997.6
CUST-00903,2025-01-12,Pro,79.9,15,6,Boleto,18,0,1438.2
CUST-00904,2025-03-02,Enterprise,249.9,26,2,Cartão de Crédito,24,0,5997.6
CUST-00905,2025-08-16,Enterprise,249.9,12,6,Boleto,2,1,499.8
CUST-00906,2025-05-04,Pro,79.9,23,7,Boleto,1,1,79.9
CUST-00907,2024-12-11,Enterprise,249.9,12,4,Cartão de Crédito,22,0,5497.8
CUST-00908,2025-08-16,Pro,79.9,9,6,Pix,11,1,878.9
CUST-00909,2024-06-01,Pro,79.9,27,4,Cartão de Crédito,22,0,1757.8
CUST-00910,2024-09-16,Pro,79.9,5,3,Pix,3,1,239.7
CUST-00911,2024-05-31,Pro,79.9,27,7,Boleto,5,1,399.5
CUST-00912,2024-05-27,Basic,29.9,3,9,Cartão de Crédito,19,0,568.1
CUST-00913,2025-08-23,Enterprise,249.9,20,10,Boleto,20,0,4998.0
CUST-00914,2024-06-13,Pro,79.9,15,9,Pix,18,0,1438.2
CUST-00915,2024-05-07,Enterprise,249.9,23,10,Pix,5,1,1249.5
CUST-00916,2024-08-23,Enterprise,249.9,28,9,Cartão de Crédito,16,0,3998.4
CUST-00917,2025-05-27,Enterprise,249.9,21,7,Cartão de Crédito,15,0,3748.5
CUST-00918,2024-06-04,Pro,79.9,28,4,Pix,18,0,1438.2
CUST-00919,2024-08-23,Enterprise,249.9,20,5,Boleto,19,0,4748.1
CUST-00920,2024-11-10,Basic,29.9,18,10,Cartão de Crédito,1,1,29.9
CUST-00921,2025-12-23,Basic,29.9,25,10,Boleto,19,0,568.1
CUST-00922,2024-06-06,Basic,29.9,27,0,Boleto,16,0,478.4
CUST-00923,2024-11-06,Basic,29.9,5,3,Pix,22,0,657.8
CUST-00924,2024-10-05,Enterprise,249.9,23,0,Cartão de Crédito,17,0,4248.3
CUST-00925,2024-10-13,Basic,29.9,16,5,Boleto,23,0,687.7
CUST-00926,2024-12-27,Pro,79.9,19,8,Boleto,8,1,639.2
CUST-00927,2024-08-16,Basic,29.9,1,2,Boleto,2,1,59.8
CUST-00928,2025-08-03,Enterprise,249.9,13,3,Cartão de Crédito,22,0,5497.8
CUST-00929,2024-06-13,Basic,29.9,24,7,Pix,20,0,598.0
CUST-00930,2024-08-02,Pro,79.9,17,8,Cartão de Crédito,9,1,719.1
CUST-00931,2024-07-24,Basic,29.9,7,0,Boleto,18,0,538.2
CUST-00932,2025-03-23,Enterprise,249.9,12,2,Pix,18,0,4498.2
CUST-00933,2024-06-05,Enterprise,249.9,28,1,Boleto,14,0,3498.6
CUST-00934,2025-11-22,Enterprise,249.9,24,4,Boleto,18,0,4498.2
CUST-00935,2024-03-10,Basic,29.9,18,6,Pix,13,0,388.7
CUST-00936,2025-07-09,Basic,29.9,14,1,Cartão de Crédito,6,1,179.4
CUST-00937,2024-07-26,Basic,29.9,18,5,Pix,18,0,538.2
CUST-00938,2025-12-20,Basic,29.9,11,7,Cartão de Crédito,15,0,448.5
CUST-00939,2024-02-15,Basic,29.9,29,4,Cartão de Crédito,22,0,657.8
CUST-00940,2025-01-09,Enterprise,249.9,4,0,Cartão de Crédito,23,0,5747.7
CUST-00941,2024-10-02,Basic,29.9,27,7,Boleto,12,1,358.8
CUST-00942,2025-04-29,Enterprise,249.9,15,8,Cartão de Crédito,14,0,3498.6
CUST-00943,2025-01-16,Basic,29.9,8,6,Pix,18,0,538.2
CUST-00944,2024-01-03,Enterprise,249.9,17,6,Boleto,3,1,749.7
CUST-00945,2024-06-13,Basic,29.9,19,3,Cartão de Crédito,20,0,598.0
CUST-00946,2025-12-07,Enterprise,249.9,2,0,Pix,23,0,5747.7
CUST-00947,2024-05-21,Basic,29.9,25,1,Pix,24,0,717.6
CUST-00948,2024-02-09,Pro,79.9,14,5,Cartão de Crédito,23,0,1837.7
CUST-00949,2025-03-15,Pro,79.9,18,5,Pix,5,1,399.5
CUST-00950,2024-12-30,Basic,29.9,5,10,Pix,18,0,538.2
CUST-00951,2024-12-02,Basic,29.9,13,8,Cartão de Crédito,23,0,687.7
CUST-00952,2025-05-18,Pro,79.9,16,8,Boleto,13,0,1038.7
CUST-00953,2024-12-02,Basic,29.9,23,0,Cartão de Crédito,15,0,448.5
CUST-00954,2025-01-11,Basic,29.9,8,2,Cartão de Crédito,13,0,388.7
CUST-00955,2024-03-03,Enterprise,249.9,28,8,Boleto,17,0,4248.3
CUST-00956,2025-12-17,Enterprise,249.9,23,5,Pix,24,0,5997.6
CUST-00957,2024-05-22,Basic,29.9,8,6,Boleto,20,0,598.0
CUST-00958,2025-08-23,Basic,29.9,21,0,Cartão de Crédito,6,1,179.4
CUST-00959,2025-03-27,Basic,29.9,21,3,Boleto,17,0,508.3
CUST-00960,2024-07-04,Enterprise,249.9,28,6,Pix,11,1,2748.9
CUST-00961,2025-04-06,Pro,79.9,17,2,Pix,23,0,1837.7
CUST-00962,2025-11-27,Pro,79.9,30,10,Pix,13,0,1038.7
CUST-00963,2024-05-30,Pro,79.9,17,5,Cartão de Crédito,20,0,1598.0
CUST-00964,2025-01-13,Pro,79.9,18,10,Cartão de Crédito,1,1,79.9
CUST-00965,2024-01-20,Basic,29.9,6,0,Cartão de Crédito,15,0,448.5
CUST-00966,2024-03-22,Basic,29.9,14,7,Cartão de Crédito,10,1,299.0
CUST-00967,2025-04-09,Pro,79.9,4,1,Cartão de Crédito,22,0,1757.8
CUST-00968,2025-03-04,Pro,79.9,6,4,Pix,13,0,1038.7
CUST-00969,2024-10-27,Pro,79.9,12,1,Boleto,21,0,1677.9
CUST-00970,2025-01-11,Basic,29.9,5,3,Boleto,24,0,717.6
CUST-00971,2025-11-30,Basic,29.9,17,8,Cartão de Crédito,2,1,59.8
CUST-00972,2025-09-18,Basic,29.9,22,1,Cartão de Crédito,17,0,508.3
CUST-00973,2024-12-05,Enterprise,249.9,13,3,Cartão de Crédito,1,1,249.9
CUST-00974,2025-01-15,Pro,79.9,24,7,Pix,5,1,399.5
CUST-00975,2025-10-26,Enterprise,249.9,25,4,Cartão de Crédito,24,0,5997.6
CUST-00976,2025-05-12,Basic,29.9,4,3,Boleto,24,0,717.6
CUST-00977,2025-12-30,Enterprise,249.9,9,6,Cartão de Crédito,23,0,5747.7
CUST-00978,2024-03-10,Pro,79.9,8,0,Pix,23,0,1837.7
CUST-00979,2024-07-29,Pro,79.9,17,8,Boleto,22,0,1757.8
CUST-00980,2024-08-29,Basic,29.9,29,3,Cartão de Crédito,17,0,508.3
CUST-00981,2025-08-19,Pro,79.9,24,0,Cartão de Crédito,23,0,1837.7
CUST-00982,2024-09-21,Enterprise,249.9,21,7,Cartão de Crédito,2,1,499.8
CUST-00983,2024-03-07,Basic,29.9,22,9,Boleto,14,0,418.6
CUST-00984,2025-08-15,Pro,79.9,10,3,Cartão de Crédito,17,0,1358.3
CUST-00985,2024-04-21,Basic,29.9,6,7,Cartão de Crédito,21,0,627.9
CUST-00986,2025-12-23,Pro,79.9,10,9,Pix,16,0,1278.4
CUST-00987,2025-10-04,Enterprise,249.9,13,9,Boleto,16,0,3998.4
CUST-00988,2024-05-12,Enterprise,249.9,12,9,Boleto,1,1,249.9
CUST-00989,2024-03-04,Enterprise,249.9,8,7,Pix,17,0,4248.3
CUST-00990,2025-06-27,Basic,29.9,6,9,Pix,24,0,717.6
CUST-00991,2025-05-14,Pro,79.9,6,7,Pix,22,0,1757.8
CUST-00992,2025-03-08,Pro,79.9,4,0,Boleto,20,0,1598.0
CUST-00993,2025-11-08,Enterprise,249.9,16,10,Pix,8,1,1999.2
CUST-00994,2024-12-08,Pro,79.9,18,7,Boleto,7,1,559.3
CUST-00995,2024-06-21,Pro,79.9,26,4,Boleto,24,0,1917.6
CUST-00996,2024-05-05,Basic,29.9,26,9,Boleto,15,0,448.5
CUST-00997,2025-05-13,Basic,29.9,5,4,Pix,21,0,627.9
CUST-00998,2024-08-16,Enterprise,249.9,8,0,Pix,7,1,1749.3
CUST-00999,2024-01-09,Basic,29.9,2,0,Pix,3,1,89.7
CUST-01000,2025-02-17,Pro,79.9,21,1,Pix,15,0,1198.5
CUST-01001,2024-05-20,Basic,29.9,29,4,Boleto,13,0,388.7
CUST-01002,2025-01-20,Basic,29.9,15,1,Pix,24,0,717.6
CUST-01003,2024-12-15,Pro,79.9,4,7,Boleto,20,0,1598.0
CUST-01004,2024-07-29,Enterprise,249.9,14,1,Boleto,18,0,4498.2
CUST-01005,2025-09-19,Enterprise,249.9,30,4,Pix,14,0,3498.6
CUST-01006,2024-05-01,Enterprise,249.9,29,3,Cartão de Crédito,16,0,3998.4
CUST-01007,2024-12-15,Pro,79.9,2,1,Boleto,3,1,239.7
CUST-01008,2025-03-15,Basic,29.9,10,6,Cartão de Crédito,8,1,239.2
CUST-01009,2025-09-24,Pro,79.9,21,1,Boleto,13,0,1038.7
CUST-01010,2024-12-18,Pro,79.9,26,8,Pix,21,0,1677.9
CUST-01011,2024-09-16,Pro,79.9,5,0,Cartão de Crédito,18,0,1438.2
CUST-01012,2025-08-26,Enterprise,249.9,26,7,Cartão de Crédito,5,1,1249.5
CUST-01013,2025-02-28,Enterprise,249.9,28,3,Boleto,12,1,2998.8
CUST-01014,2025-11-03,Pro,79.9,12,0,Pix,17,0,1358.3
CUST-01015,2024-11-16,Enterprise,249.9,13,9,Cartão de Crédito,7,1,1749.3
CUST-01016,2025-07-06,Basic,29.9,2,2,Cartão de Crédito,17,0,508.3
CUST-01017,2024-02-26,Basic,29.9,21,5,Cartão de Crédito,19,0,568.1
CUST-01018,2025-08-17,Pro,79.9,21,0,Pix,5,1,399.5
CUST-01019,2025-10-26,Basic,29.9,17,5,Pix,16,0,478.4
CUST-01020,2025-11-08,Enterprise,249.9,21,4,Boleto,17,0,4248.3
CUST-01021,2024-06-29,Pro,79.9,29,3,Boleto,16,0,1278.4
CUST-01022,2024-04-02,Pro,79.9,21,8,Pix,12,1,958.8
CUST-01023,2024-10-12,Enterprise,249.9,28,8,Pix,16,0,3998.4
CUST-01024,2024-04-06,Basic,29.9,29,0,Cartão de Crédito,21,0,627.9
CUST-01025,2025-01-20,Pro,79.9,30,6,Boleto,3,1,239.7
CUST-01026,2025-12-20,Pro,79.9,24,6,Cartão de Crédito,3,1,239.7
CUST-01027,2025-12-30,Basic,29.9,13,4,Boleto,18,0,538.2
CUST-01028,2025-11-15,Enterprise,249.9,11,6,Cartão de Crédito,16,0,3998.4
CUST-01029,2025-05-16,Basic,29.9,29,9,Boleto,9,1,269.1
CUST-01030,2024-09-29,Pro,79.9,13,1,Cartão de Crédito,21,0,1677.9
CUST-01031,2025-03-15,Basic,29.9,10,9,Boleto,21,0,627.9
CUST-01032,2025-08-07,Enterprise,249.9,28,4,Boleto,8,1,1999.2
CUST-01033,2025-08-04,Enterprise,249.9,23,8,Cartão de Crédito,24,0,5997.6
CUST-01034,2024-03-06,Enterprise,249.9,15,0,Pix,17,0,4248.3
CUST-01035,2025-04-27,Enterprise,249.9,4,0,Cartão de Crédito,16,0,3998.4
CUST-01036,2024-04-21,Enterprise,249.9,7,6,Cartão de Crédito,15,0,3748.5
CUST-01037,2024-12-17,Basic,29.9,6,4,Boleto,18,0,538.2
CUST-01038,2024-01-05,Basic,29.9,20,2,Boleto,19,0,568.1
CUST-01039,2025-09-25,Basic,29.9,3,2,Pix,1,1,29.9
CUST-01040,2024-11-08,Pro,79.9,15,0,Pix,19,0,1518.1
CUST-01041,2025-01-07,Pro,79.9,30,10,Boleto,2,1,159.8
CUST-01042,2024-03-27,Enterprise,249.9,8,7,Pix,4,1,999.6
CUST-01043,2025-10-10,Enterprise,249.9,2,0,Cartão de Crédito,1,1,249.9
CUST-01044,2025-09-27,Enterprise,249.9,8,7,Boleto,3,1,749.7
CUST-01045,2025-01-05,Pro,79.9,21,6,Pix,8,1,639.2
CUST-01046,2024-01-19,Basic,29.9,28,5,Pix,15,0,448.5
CUST-01047,2025-05-13,Basic,29.9,14,7,Pix,22,0,657.8
CUST-01048,2024-04-06,Pro,79.9,25,10,Pix,1,1,79.9
CUST-01049,2025-02-06,Basic,29.9,25,0,Cartão de Crédito,22,0,657.8
CUST-01050,2025-12-09,Basic,29.9,16,9,Pix,9,1,269.1
CUST-01051,2025-10-23,Basic,29.9,9,7,Pix,17,0,508.3
CUST-01052,2024-05-19,Pro,79.9,20,8,Pix,7,1,559.3
CUST-01053,2025-10-13,Basic,29.9,20,6,Cartão de Crédito,13,0,388.7
CUST-01054,2025-07-31,Enterprise,249.9,12,0,Boleto,14,0,3498.6
CUST-01055,2025-10-05,Pro,79.9,27,0,Boleto,22,0,1757.8
CUST-01056,2024-02-12,Pro,79.9,13,10,Cartão de Crédito,6,1,479.4
CUST-01057,2024-05-15,Pro,79.9,26,5,Pix,19,0,1518.1
CUST-01058,2024-09-16,Pro,79.9,3,8,Boleto,7,1,559.3
CUST-01059,2024-07-07,Pro,79.9,14,8,Boleto,13,0,1038.7
CUST-01060,2025-05-10,Pro,79.9,7,10,Boleto,13,0,1038.7
CUST-01061,2024-07-26,Basic,29.9,21,1,Cartão de Crédito,8,1,239.2
CUST-01062,2024-03-18,Enterprise,249.9,14,0,Cartão de Crédito,14,0,3498.6
CUST-01063,2024-10-02,Basic,29.9,19,0,Cartão de Crédito,13,0,388.7
CUST-01064,2024-10-01,Basic,29.9,30,2,Boleto,18,0,538.2
CUST-01065,2025-02-05,Basic,29.9,1,10,Cartão de Crédito,1,1,29.9
CUST-01066,2024-04-07,Pro,79.9,3,3,Pix,2,1,159.8
CUST-01067,2025-12-31,Enterprise,249.9,24,1,Pix,22,0,5497.8
CUST-01068,2025-10-17,Basic,29.9,28,9,Boleto,11,1,328.9
CUST-01069,2025-11-29,Basic,29.9,27,1,Pix,17,0,508.3
CUST-01070,2024-12-24,Enterprise,249.9,27,0,Cartão de Crédito,19,0,4748.1
CUST-01071,2024-01-18,Enterprise,249.9,1,2,Pix,6,1,1499.4
CUST-01072,2024-12-24,Pro,79.9,14,10,Cartão de Crédito,10,1,799.0
CUST-01073,2025-12-16,Enterprise,249.9,4,4,Cartão de Crédito,13,0,3248.7
CUST-01074,2025-08-28,Pro,79.9,6,1,Cartão de Crédito,14,0,1118.6
CUST-01075,2024-08-03,Enterprise,249.9,12,5,Pix,14,0,3498.6
CUST-01076,2024-04-28,Basic,29.9,18,6,Pix,13,0,388.7
CUST-01077,2024-07-25,Pro,79.9,10,1,Pix,14,0,1118.6
CUST-01078,2024-01-12,Enterprise,249.9,15,6,Pix,12,1,2998.8
CUST-01079,2025-07-09,Enterprise,249.9,1,8,Pix,4,1,999.6
CUST-01080,2025-10-10,Basic,29.9,15,3,Cartão de Crédito,19,0,568.1
CUST-01081,2024-12-26,Pro,79.9,22,6,Pix,9,1,719.1
CUST-01082,2024-12-20,Basic,29.9,30,8,Cartão de Crédito,10,1,299.0
CUST-01083,2024-06-02,Pro,79.9,16,0,Pix,17,0,1358.3
CUST-01084,2025-07-22,Basic,29.9,25,6,Boleto,5,1,149.5
CUST-01085,2025-10-26,Pro,79.9,15,6,Pix,19,0,1518.1
CUST-01086,2024-11-29,Basic,29.9,21,7,Pix,3,1,89.7
CUST-01087,2025-01-11,Basic,29.9,30,3,Boleto,17,0,508.3
CUST-01088,2024-12-08,Enterprise,249.9,7,3,Boleto,23,0,5747.7
CUST-01089,2024-11-15,Basic,29.9,17,5,Pix,13,0,388.7
CUST-01090,2024-10-17,Enterprise,249.9,19,5,Boleto,13,0,3248.7
CUST-01091,2024-08-15,Basic,29.9,5,10,Cartão de Crédito,17,0,508.3
CUST-01092,2024-04-09,Pro,79.9,8,7,Pix,23,0,1837.7
CUST-01093,2024-06-21,Basic,29.9,21,7,Boleto,4,1,119.6
CUST-01094,2025-02-10,Enterprise,249.9,2,1,Boleto,21,0,5247.9
CUST-01095,2024-07-07,Enterprise,249.9,15,6,Cartão de Crédito,18,0,4498.2
CUST-01096,2024-07-02,Enterprise,249.9,8,8,Cartão de Crédito,20,0,4998.0
CUST-01097,2024-06-14,Pro,79.9,18,7,Boleto,1,1,79.9
CUST-01098,2025-08-02,Enterprise,249.9,25,3,Pix,13,0,3248.7
CUST-01099,2025-07-19,Pro,79.9,1,4,Cartão de Crédito,24,0,1917.6
CUST-01100,2025-11-27,Pro,79.9,12,0,Cartão de Crédito,23,0,1837.7
CUST-01101,2025-09-15,Enterprise,249.9,18,9,Cartão de Crédito,4,1,999.6
CUST-01102,2025-02-18,Pro,79.9,28,1,Boleto,24,0,1917.6
CUST-01103,2025-03-19,Enterprise,249.9,1,4,Boleto,13,0,3248.7
CUST-01104,2025-01-26,Basic,29.9,27,9,Boleto,9,1,269.1
CUST-01105,2024-11-11,Pro,79.9,10,10,Boleto,2,1,159.8
CUST-01106,2025-09-05,Pro,79.9,18,5,Boleto,21,0,1677.9
CUST-01107,2025-11-07,Pro,79.9,7,4,Cartão de Crédito,24,0,1917.6
CUST-01108,2024-02-26,Basic,29.9,14,2,Boleto,19,0,568.1
CUST-01109,2024-04-06,Enterprise,249.9,9,9,Pix,14,0,3498.6
CUST-01110,2025-02-25,Pro,79.9,15,1,Boleto,23,0,1837.7
CUST-01111,2024-02-22,Basic,29.9,12,3,Boleto,21,0,627.9
CUST-01112,2025-03-19,Enterprise,249.9,15,1,Boleto,16,0,3998.4
CUST-01113,2024-11-02,Pro,79.9,18,8,Pix,3,1,239.7
CUST-01114,2025-12-03,Enterprise,249.9,21,7,Boleto,16,0,3998.4
CUST-01115,2024-11-30,Enterprise,249.9,5,2,Cartão de Crédito,14,0,3498.6
CUST-01116,2025-12-13,Enterprise,249.9,23,8,Pix,17,0,4248.3
CUST-01117,2024-10-10,Pro,79.9,22,5,Pix,10,1,799.0
CUST-01118,2025-11-03,Basic,29.9,17,3,Pix,24,0,717.6
CUST-01119,2025-12-25,Basic,29.9,29,7,Pix,9,1,269.1
CUST-01120,2025-10-29,Pro,79.9,23,1,Pix,18,0,1438.2
CUST-01121,2025-04-17,Basic,29.9,0,10,Pix,5,1,149.5
CUST-01122,2025-12-27,Basic,29.9,11,1,Cartão de Crédito,21,0,627.9
CUST-01123,2024-12-31,Basic,29.9,15,7,Cartão de Crédito,20,0,598.0
CUST-01124,2025-01-19,Basic,29.9,5,7,Pix,6,1,179.4
CUST-01125,2024-12-18,Enterprise,249.9,27,7,Cartão de Crédito,18,0,4498.2
CUST-01126,2024-06-07,Pro,79.9,16,5,Boleto,15,0,1198.5
CUST-01127,2025-04-23,Pro,79.9,15,1,Cartão de Crédito,23,0,1837.7
CUST-01128,2024-02-25,Basic,29.9,17,9,Cartão de Crédito,1,1,29.9
CUST-01129,2024-06-07,Basic,29.9,3,9,Pix,14,0,418.6
CUST-01130,2025-02-06,Pro,79.9,25,2,Boleto,23,0,1837.7
CUST-01131,2024-06-19,Basic,29.9,20,7,Pix,14,0,418.6
CUST-01132,2024-12-23,Pro,79.9,8,0,Pix,23,0,1837.7
CUST-01133,2024-07-28,Basic,29.9,17,6,Cartão de Crédito,20,0,598.0
CUST-01134,2024-05-01,Basic,29.9,30,4,Pix,18,0,538.2
CUST-01135,2024-06-01,Basic,29.9,0,5,Cartão de Crédito,15,0,448.5
CUST-01136,2024-10-01,Basic,29.9,9,10,Boleto,16,0,478.4
CUST-01137,2024-10-01,Enterprise,249.9,19,6,Pix,3,1,749.7
CUST-01138,2024-08-21,Enterprise,249.9,24,3,Pix,23,0,5747.7
CUST-01139,2024-03-23,Pro,79.9,2,8,Cartão de Crédito,7,1,559.3
CUST-01140,2024-11-01,Pro,79.9,6,5,Cartão de Crédito,24,0,1917.6
CUST-01141,2025-11-06,Pro,79.9,1,9,Cartão de Crédito,11,1,878.9
CUST-01142,2024-06-27,Enterprise,249.9,25,7,Pix,2,1,499.8
CUST-01143,2025-03-20,Enterprise,249.9,8,4,Pix,15,0,3748.5
CUST-01144,2025-03-08,Basic,29.9,10,8,Boleto,21,0,627.9
CUST-01145,2024-06-25,Pro,79.9,18,8,Pix,22,0,1757.8
CUST-01146,2025-03-08,Pro,79.9,9,5,Pix,23,0,1837.7
CUST-01147,2025-08-30,Basic,29.9,0,6,Pix,1,1,29.9
CUST-01148,2024-10-25,Pro,79.9,5,10,Boleto,4,1,319.6
CUST-01149,2025-04-24,Basic,29.9,4,0,Cartão de Crédito,6,1,179.4
CUST-01150,2025-01-03,Pro,79.9,13,7,Cartão de Crédito,22,0,1757.8
CUST-01151,2025-01-13,Pro,79.9,30,2,Pix,14,0,1118.6
CUST-01152,2025-05-09,Pro,79.9,5,1,Pix,18,0,1438.2
CUST-01153,2025-10-21,Pro,79.9,18,0,Cartão de Crédito,13,0,1038.7
CUST-01154,2025-03-28,Basic,29.9,28,5,Boleto,24,0,717.6
CUST-01155,2024-12-06,Pro,79.9,1,3,Cartão de Crédito,14,0,1118.6
CUST-01156,2024-03-12,Basic,29.9,24,4,Boleto,19,0,568.1
CUST-01157,2024-03-13,Pro,79.9,1,5,Boleto,21,0,1677.9
CUST-01158,2024-11-22,Pro,79.9,27,8,Cartão de Crédito,20,0,1598.0
CUST-01159,2024-07-17,Pro,79.9,8,4,Pix,16,0,1278.4
CUST-01160,2024-01-14,Enterprise,249.9,10,7,Pix,6,1,1499.4
CUST-01161,2025-10-15,Basic,29.9,20,6,Cartão de Crédito,22,0,657.8
CUST-01162,2024-02-29,Pro,79.9,29,2,Boleto,16,0,1278.4
CUST-01163,2025-03-27,Basic,29.9,9,3,Pix,17,0,508.3
CUST-01164,2025-09-16,Enterprise,249.9,17,2,Pix,19,0,4748.1
CUST-01165,2024-02-26,Enterprise,249.9,27,7,Pix,14,0,3498.6
CUST-01166,2025-08-09,Basic,29.9,16,5,Cartão de Crédito,16,0,478.4
CUST-01167,2024-01-21,Enterprise,249.9,15,0,Boleto,15,0,3748.5
CUST-01168,2024-07-28,Pro,79.9,0,7,Cartão de Crédito,4,1,319.6
CUST-01169,2024-04-06,Enterprise,249.9,20,8,Pix,20,0,4998.0
CUST-01170,2025-12-01,Enterprise,249.9,20,7,Pix,21,0,5247.9
CUST-01171,2024-01-17,Pro,79.9,10,4,Boleto,9,1,719.1
CUST-01172,2024-05-22,Pro,79.9,4,6,Cartão de Crédito,8,1,639.2
CUST-01173,2024-03-26,Enterprise,249.9,4,8,Pix,1,1,249.9
CUST-01174,2025-11-18,Pro,79.9,14,0,Pix,14,0,1118.6
CUST-01175,2025-12-14,Enterprise,249.9,15,4,Boleto,23,0,5747.7
CUST-01176,2025-02-23,Basic,29.9,29,0,Pix,18,0,538.2
CUST-01177,2024-10-23,Basic,29.9,14,6,Pix,12,1,358.8
CUST-01178,2024-02-01,Enterprise,249.9,15,6,Pix,22,0,5497.8
CUST-01179,2025-01-02,Pro,79.9,11,5,Cartão de Crédito,24,0,1917.6
CUST-01180,2025-07-07,Basic,29.9,19,3,Cartão de Crédito,19,0,568.1
CUST-01181,2025-04-03,Basic,29.9,27,2,Pix,23,0,687.7
CUST-01182,2025-03-28,Pro,79.9,26,3,Boleto,20,0,1598.0
CUST-01183,2024-12-14,Basic,29.9,12,2,Boleto,16,0,478.4
CUST-01184,2024-01-06,Enterprise,249.9,19,7,Boleto,23,0,5747.7
CUST-01185,2024-05-28,Pro,79.9,12,8,Cartão de Crédito,6,1,479.4
CUST-01186,2025-09-25,Enterprise,249.9,19,8,Pix,20,0,4998.0
CUST-01187,2024-07-05,Enterprise,249.9,23,9,Boleto,13,0,3248.7
CUST-01188,2025-04-02,Pro,79.9,8,2,Pix,13,0,1038.7
CUST-01189,2024-12-24,Enterprise,249.9,28,7,Boleto,4,1,999.6
CUST-01190,2025-05-13,Basic,29.9,7,3,Cartão de Crédito,20,0,598.0
CUST-01191,2024-06-25,Pro,79.9,27,5,Pix,20,0,1598.0
CUST-01192,2025-06-14,Pro,79.9,7,9,Pix,8,1,639.2
CUST-01193,2024-04-27,Pro,79.9,29,2,Cartão de Crédito,19,0,1518.1
CUST-01194,2024-04-17,Pro,79.9,20,3,Boleto,18,0,1438.2
CUST-01195,2025-08-16,Basic,29.9,24,7,Pix,24,0,717.6
CUST-01196,2024-11-04,Enterprise,249.9,1,10,Cartão de Crédito,9,1,2249.1
CUST-01197,2025-05-18,Pro,79.9,19,0,Pix,22,0,1757.8
CUST-01198,2025-11-03,Pro,79.9,18,1,Cartão de Crédito,20,0,1598.0
CUST-01199,2024-03-29,Basic,29.9,8,4,Pix,5,1,149.5
CUST-01200,2025-04-25,Basic,29.9,20,8,Pix,24,0,717.6
CUST-01201,2024-01-17,Pro,79.9,4,7,Pix,5,1,399.5
CUST-01202,2025-09-18,Enterprise,249.9,27,0,Pix,13,0,3248.7
CUST-01203,2024-04-22,Basic,29.9,1,9,Cartão de Crédito,19,0,568.1
CUST-01204,2024-09-29,Pro,79.9,2,7,Cartão de Crédito,2,1,159.8
CUST-01205,2024-08-18,Pro,79.9,25,7,Cartão de Crédito,19,0,1518.1
CUST-01206,2025-04-18,Enterprise,249.9,8,1,Pix,14,0,3498.6
CUST-01207,2025-12-15,Enterprise,249.9,12,7,Pix,18,0,4498.2
CUST-01208,2024-09-19,Pro,79.9,1,0,Boleto,24,0,1917.6
CUST-01209,2024-06-04,Basic,29.9,4,4,Pix,18,0,538.2
CUST-01210,2024-05-31,Enterprise,249.9,8,1,Pix,23,0,5747.7
CUST-01211,2025-08-03,Basic,29.9,0,1,Pix,15,0,448.5
CUST-01212,2024-09-02,Basic,29.9,11,1,Boleto,23,0,687.7
CUST-01213,2025-03-09,Enterprise,249.9,20,3,Boleto,23,0,5747.7
CUST-01214,2025-05-03,Basic,29.9,26,6,Boleto,5,1,149.5
CUST-01215,2024-06-02,Enterprise,249.9,0,9,Pix,11,1,2748.9
CUST-01216,2025-02-28,Basic,29.9,27,5,Cartão de Crédito,13,0,388.7
CUST-01217,2025-06-17,Enterprise,249.9,17,1,Cartão de Crédito,20,0,4998.0
CUST-01218,2024-08-09,Basic,29.9,18,8,Boleto,19,0,568.1
CUST-01219,2024-11-21,Enterprise,249.9,20,4,Pix,13,0,3248.7
CUST-01220,2024-08-12,Pro,79.9,25,8,Boleto,8,1,639.2
CUST-01221,2025-10-29,Enterprise,249.9,25,9,Pix,16,0,3998.4
CUST-01222,2025-07-25,Basic,29.9,2,0,Pix,1,1,29.9
CUST-01223,2024-07-18,Pro,79.9,17,2,Boleto,17,0,1358.3
CUST-01224,2024-12-16,Enterprise,249.9,24,8,Boleto,22,0,5497.8
CUST-01225,2024-12-25,Basic,29.9,1,8,Pix,2,1,59.8
CUST-01226,2024-12-28,Basic,29.9,4,7,Pix,9,1,269.1
CUST-01227,2025-02-07,Basic,29.9,18,1,Boleto,18,0,538.2
CUST-01228,2024-09-12,Enterprise,249.9,10,0,Pix,17,0,4248.3
CUST-01229,2025-07-12,Basic,29.9,0,6,Boleto,15,0,448.5
CUST-01230,2024-10-16,Enterprise,249.9,0,3,Pix,24,0,5997.6
CUST-01231,2025-05-31,Enterprise,249.9,18,3,Pix,14,0,3498.6
CUST-01232,2024-06-28,Basic,29.9,24,2,Boleto,21,0,627.9
CUST-01233,2024-09-24,Basic,29.9,30,3,Cartão de Crédito,17,0,508.3
CUST-01234,2024-10-19,Pro,79.9,28,5,Cartão de Crédito,21,0,1677.9
CUST-01235,2024-02-03,Basic,29.9,27,10,Pix,15,0,448.5
CUST-01236,2025-08-19,Pro,79.9,9,8,Cartão de Crédito,20,0,1598.0
CUST-01237,2025-07-19,Basic,29.9,5,0,Boleto,9,1,269.1
CUST-01238,2024-07-18,Pro,79.9,24,6,Pix,20,0,1598.0
CUST-01239,2025-10-22,Enterprise,249.9,20,10,Cartão de Crédito,14,0,3498.6
CUST-01240,2024-02-15,Pro,79.9,24,9,Cartão de Crédito,15,0,1198.5
CUST-01241,2025-09-30,Basic,29.9,8,0,Pix,16,0,478.4
CUST-01242,2025-01-04,Pro,79.9,23,7,Pix,10,1,799.0
CUST-01243,2024-04-30,Enterprise,249.9,27,0,Boleto,24,0,5997.6
CUST-01244,2024-07-05,Basic,29.9,17,4,Pix,11,1,328.9
CUST-01245,2024-06-01,Enterprise,249.9,6,1,Boleto,22,0,5497.8
CUST-01246,2025-08-01,Basic,29.9,12,0,Cartão de Crédito,14,0,418.6
CUST-01247,2024-05-13,Enterprise,249.9,23,9,Pix,1,1,249.9
CUST-01248,2024-05-02,Enterprise,249.9,15,5,Boleto,21,0,5247.9
CUST-01249,2024-01-11,Basic,29.9,30,4,Boleto,20,0,598.0
CUST-01250,2024-10-23,Pro,79.9,6,6,Cartão de Crédito,22,0,1757.8
CUST-01251,2024-10-11,Pro,79.9,17,4,Pix,16,0,1278.4
CUST-01252,2025-10-07,Enterprise,249.9,10,6,Cartão de Crédito,1,1,249.9
CUST-01253,2024-02-26,Basic,29.9,10,0,Boleto,20,0,598.0
CUST-01254,2025-05-16,Basic,29.9,23,3,Cartão de Crédito,18,0,538.2
CUST-01255,2024-03-11,Basic,29.9,22,4,Pix,19,0,568.1
CUST-01256,2025-01-12,Pro,79.9,9,8,Boleto,3,1,239.7
CUST-01257,2025-01-18,Basic,29.9,0,3,Pix,19,0,568.1
CUST-01258,2025-12-21,Enterprise,249.9,30,4,Boleto,19,0,4748.1
CUST-01259,2024-04-28,Basic,29.9,25,1,Cartão de Crédito,24,0,717.6
CUST-01260,2024-12-18,Basic,29.9,9,0,Pix,19,0,568.1
CUST-01261,2024-02-10,Basic,29.9,8,10,Cartão de Crédito,24,0,717.6
CUST-01262,2024-05-21,Basic,29.9,17,4,Cartão de Crédito,22,0,657.8
CUST-01263,2025-02-28,Pro,79.9,10,4,Cartão de Crédito,21,0,1677.9
CUST-01264,2025-07-03,Basic,29.9,8,2,Boleto,19,0,568.1
CUST-01265,2024-06-20,Basic,29.9,29,1,Pix,14,0,418.6
CUST-01266,2025-10-30,Enterprise,249.9,2,2,Pix,23,0,5747.7
CUST-01267,2025-01-02,Pro,79.9,22,0,Boleto,15,0,1198.5
CUST-01268,2024-08-27,Basic,29.9,26,10,Pix,22,0,657.8
CUST-01269,2025-02-13,Pro,79.9,23,6,Boleto,6,1,479.4
CUST-01270,2025-03-20,Basic,29.9,15,7,Pix,10,1,299.0
CUST-01271,2024-02-09,Basic,29.9,21,8,Boleto,14,0,418.6
CUST-01272,2025-03-31,Enterprise,249.9,19,5,Cartão de Crédito,14,0,3498.6
CUST-01273,2025-05-03,Enterprise,249.9,8,2,Cartão de Crédito,11,1,2748.9
CUST-01274,2024-06-20,Enterprise,249.9,13,3,Cartão de Crédito,14,0,3498.6
CUST-01275,2024-09-09,Pro,79.9,17,5,Boleto,17,0,1358.3
CUST-01276,2024-05-22,Enterprise,249.9,12,10,Cartão de Crédito,22,0,5497.8
CUST-01277,2024-08-23,Basic,29.9,14,8,Pix,2,1,59.8
CUST-01278,2024-02-16,Pro,79.9,7,10,Pix,22,0,1757.8
CUST-01279,2025-12-03,Basic,29.9,7,0,Cartão de Crédito,21,0,627.9
CUST-01280,2025-03-25,Basic,29.9,18,7,Boleto,23,0,687.7
CUST-01281,2025-12-08,Pro,79.9,21,8,Pix,10,1,799.0
CUST-01282,2024-05-05,Basic,29.9,30,1,Boleto,20,0,598.0
CUST-01283,2024-08-18,Basic,29.9,0,9,Cartão de Crédito,12,1,358.8
CUST-01284,2024-01-04,Enterprise,249.9,17,3,Pix,2,1,499.8
CUST-01285,2024-03-07,Basic,29.9,9,4,Boleto,24,0,717.6
CUST-01286,2024-04-07,Basic,29.9,9,7,Pix,16,0,478.4
CUST-01287,2025-06-03,Enterprise,249.9,19,0,Pix,19,0,4748.1
CUST-01288,2024-11-14,Pro,79.9,1,3,Cartão de Crédito,23,0,1837.7
CUST-01289,2025-05-07,Basic,29.9,6,9,Pix,19,0,568.1
CUST-01290,2025-03-27,Pro,79.9,0,5,Cartão de Crédito,11,1,878.9
CUST-01291,2025-05-30,Basic,29.9,6,3,Boleto,17,0,508.3
CUST-01292,2024-12-03,Enterprise,249.9,27,5,Boleto,14,0,3498.6
CUST-01293,2024-11-08,Enterprise,249.9,0,0,Pix,24,0,5997.6
CUST-01294,2024-06-05,Basic,29.9,18,0,Pix,15,0,448.5
CUST-01295,2024-09-29,Enterprise,249.9,5,4,Pix,2,1,499.8
CUST-01296,2024-05-23,Enterprise,249.9,10,8,Cartão de Crédito,2,1,499.8
CUST-01297,2025-01-24,Basic,29.9,13,9,Boleto,14,0,418.6
CUST-01298,2025-04-05,Basic,29.9,4,10,Boleto,6,1,179.4
CUST-01299,2025-01-07,Pro,79.9,19,6,Pix,21,0,1677.9
CUST-01300,2024-12-09,Enterprise,249.9,19,7,Cartão de Crédito,21,0,5247.9
CUST-01301,2024-04-03,Pro,79.9,7,0,Pix,17,0,1358.3
CUST-01302,2025-08-09,Enterprise,249.9,0,5,Cartão de Crédito,22,0,5497.8
CUST-01303,2024-07-31,Pro,79.9,14,10,Pix,9,1,719.1
CUST-01304,2025-10-29,Basic,29.9,18,3,Boleto,22,0,657.8
CUST-01305,2024-12-10,Basic,29.9,12,3,Cartão de Crédito,24,0,717.6
CUST-01306,2025-04-11,Pro,79.9,20,3,Pix,20,0,1598.0
CUST-01307,2024-01-21,Basic,29.9,9,4,Boleto,16,0,478.4
CUST-01308,2025-08-07,Pro,79.9,25,4,Boleto,14,0,1118.6
CUST-01309,2025-08-18,Basic,29.9,15,1,Cartão de Crédito,20,0,598.0
CUST-01310,2025-02-23,Pro,79.9,6,6,Cartão de Crédito,13,0,1038.7
CUST-01311,2024-09-11,Enterprise,249.9,16,1,Boleto,13,0,3248.7
CUST-01312,2024-10-01,Basic,29.9,17,8,Cartão de Crédito,4,1,119.6
CUST-01313,2025-11-13,Pro,79.9,16,10,Boleto,3,1,239.7
CUST-01314,2024-05-22,Basic,29.9,12,2,Cartão de Crédito,14,0,418.6
CUST-01315,2025-04-06,Enterprise,249.9,30,4,Cartão de Crédito,24,0,5997.6
CUST-01316,2024-03-02,Pro,79.9,10,9,Pix,6,1,479.4
CUST-01317,2024-04-13,Pro,79.9,26,5,Boleto,15,0,1198.5
CUST-01318,2025-09-02,Pro,79.9,3,3,Pix,23,0,1837.7
CUST-01319,2025-05-09,Pro,79.9,14,1,Boleto,21,0,1677.9
CUST-01320,2025-07-05,Basic,29.9,6,8,Boleto,10,1,299.0
CUST-01321,2025-04-01,Basic,29.9,27,7,Boleto,13,0,388.7
CUST-01322,2025-08-10,Pro,79.9,11,7,Pix,17,0,1358.3
CUST-01323,2024-09-18,Enterprise,249.9,3,1,Boleto,13,0,3248.7
CUST-01324,2024-11-30,Basic,29.9,10,10,Pix,7,1,209.3
CUST-01325,2025-02-06,Enterprise,249.9,7,6,Boleto,3,1,749.7
CUST-01326,2024-08-12,Basic,29.9,12,6,Boleto,1,1,29.9
CUST-01327,2025-10-29,Pro,79.9,24,9,Boleto,19,0,1518.1
CUST-01328,2025-04-04,Basic,29.9,19,1,Pix,24,0,717.6
CUST-01329,2024-05-03,Enterprise,249.9,6,7,Cartão de Crédito,15,0,3748.5
CUST-01330,2025-03-14,Pro,79.9,6,10,Boleto,10,1,799.0
CUST-01331,2025-02-06,Enterprise,249.9,8,0,Boleto,19,0,4748.1
CUST-01332,2024-01-30,Pro,79.9,30,10,Pix,9,1,719.1
CUST-01333,2024-11-30,Enterprise,249.9,23,3,Pix,17,0,4248.3
CUST-01334,2024-08-24,Pro,79.9,24,10,Cartão de Crédito,22,0,1757.8
CUST-01335,2024-02-20,Pro,79.9,19,3,Pix,16,0,1278.4
CUST-01336,2025-10-31,Basic,29.9,3,8,Pix,4,1,119.6
CUST-01337,2025-05-02,Basic,29.9,7,0,Cartão de Crédito,21,0,627.9
CUST-01338,2025-04-25,Enterprise,249.9,23,3,Boleto,7,1,1749.3
CUST-01339,2024-08-28,Basic,29.9,16,0,Boleto,18,0,538.2
CUST-01340,2025-10-16,Basic,29.9,1,3,Cartão de Crédito,6,1,179.4
CUST-01341,2025-09-03,Enterprise,249.9,21,9,Pix,18,0,4498.2
CUST-01342,2025-09-22,Pro,79.9,7,4,Boleto,21,0,1677.9
CUST-01343,2024-03-12,Basic,29.9,1,0,Boleto,21,0,627.9
CUST-01344,2025-06-20,Enterprise,249.9,24,4,Boleto,23,0,5747.7
CUST-01345,2025-04-14,Enterprise,249.9,18,3,Boleto,6,1,1499.4
CUST-01346,2024-04-26,Pro,79.9,16,7,Pix,7,1,559.3
CUST-01347,2024-03-07,Enterprise,249.9,17,8,Pix,18,0,4498.2
CUST-01348,2024-07-06,Basic,29.9,9,7,Cartão de Crédito,22,0,657.8
CUST-01349,2025-10-23,Enterprise,249.9,10,7,Pix,20,0,4998.0
CUST-01350,2025-09-26,Enterprise,249.9,4,1,Pix,22,0,5497.8
CUST-01351,2024-03-30,Enterprise,249.9,30,8,Pix,14,0,3498.6
CUST-01352,2024-08-10,Pro,79.9,21,0,Pix,19,0,1518.1
CUST-01353,2025-04-07,Pro,79.9,22,7,Pix,12,1,958.8
CUST-01354,2025-03-20,Basic,29.9,22,0,Pix,21,0,627.9
CUST-01355,2025-07-06,Enterprise,249.9,14,8,Cartão de Crédito,24,0,5997.6
CUST-01356,2024-08-24,Pro,79.9,7,4,Boleto,18,0,1438.2
CUST-01357,2024-02-26,Basic,29.9,14,3,Pix,11,1,328.9
CUST-01358,2024-12-04,Enterprise,249.9,15,0,Pix,13,0,3248.7
CUST-01359,2025-01-29,Pro,79.9,10,9,Cartão de Crédito,16,0,1278.4
CUST-01360,2025-07-13,Basic,29.9,23,4,Cartão de Crédito,17,0,508.3
CUST-01361,2024-06-06,Enterprise,249.9,14,7,Cartão de Crédito,22,0,5497.8
CUST-01362,2025-02-21,Basic,29.9,8,0,Pix,21,0,627.9
CUST-01363,2024-06-13,Pro,79.9,15,1,Cartão de Crédito,16,0,1278.4
CUST-01364,2024-07-05,Basic,29.9,25,8,Pix,13,0,388.7
CUST-01365,2025-10-17,Enterprise,249.9,26,9,Boleto,5,1,1249.5
CUST-01366,2025-06-15,Enterprise,249.9,13,9,Boleto,14,0,3498.6
CUST-01367,2024-06-29,Basic,29.9,13,1,Boleto,2,1,59.8
CUST-01368,2024-01-20,Enterprise,249.9,10,2,Pix,17,0,4248.3
CUST-01369,2025-11-17,Pro,79.9,12,9,Pix,14,0,1118.6
CUST-01370,2024-07-12,Enterprise,249.9,5,9,Pix,1,1,249.9
CUST-01371,2025-06-06,Pro,79.9,5,8,Cartão de Crédito,20,0,1598.0
CUST-01372,2025-11-17,Basic,29.9,12,1,Cartão de Crédito,21,0,627.9
CUST-01373,2024-06-10,Enterprise,249.9,19,6,Boleto,13,0,3248.7
CUST-01374,2024-10-15,Enterprise,249.9,28,1,Boleto,23,0,5747.7
CUST-01375,2025-11-07,Basic,29.9,15,10,Cartão de Crédito,18,0,538.2
CUST-01376,2025-08-06,Enterprise,249.9,9,3,Cartão de Crédito,7,1,1749.3
CUST-01377,2025-02-07,Basic,29.9,30,2,Pix,9,1,269.1
CUST-01378,2024-07-11,Enterprise,249.9,18,0,Cartão de Crédito,5,1,1249.5
CUST-01379,2025-05-02,Pro,79.9,28,4,Cartão de Crédito,17,0,1358.3
CUST-01380,2025-01-14,Basic,29.9,20,0,Pix,13,0,388.7
CUST-01381,2025-07-01,Enterprise,249.9,14,6,Cartão de Crédito,15,0,3748.5
CUST-01382,2024-04-22,Basic,29.9,11,0,Pix,24,0,717.6
CUST-01383,2025-12-01,Enterprise,249.9,9,6,Cartão de Crédito,20,0,4998.0
CUST-01384,2024-10-22,Pro,79.9,21,3,Boleto,13,0,1038.7
CUST-01385,2024-08-03,Pro,79.9,27,7,Cartão de Crédito,19,0,1518.1
CUST-01386,2024-04-16,Pro,79.9,6,8,Cartão de Crédito,4,1,319.6
CUST-01387,2025-01-18,Basic,29.9,30,3,Cartão de Crédito,16,0,478.4
CUST-01388,2025-10-04,Basic,29.9,25,0,Boleto,2,1,59.8
CUST-01389,2024-05-11,Basic,29.9,22,10,Cartão de Crédito,22,0,657.8
CUST-01390,2024-11-25,Pro,79.9,8,5,Pix,20,0,1598.0
CUST-01391,2024-08-20,Enterprise,249.9,12,10,Boleto,4,1,999.6
CUST-01392,2024-03-06,Enterprise,249.9,29,6,Cartão de Crédito,15,0,3748.5
CUST-01393,2024-05-31,Pro,79.9,14,5,Boleto,16,0,1278.4
CUST-01394,2024-02-03,Pro,79.9,2,10,Cartão de Crédito,4,1,319.6
CUST-01395,2025-03-03,Enterprise,249.9,7,10,Pix,15,0,3748.5
CUST-01396,2025-10-28,Pro,79.9,17,4,Cartão de Crédito,23,0,1837.7
CUST-01397,2025-11-05,Pro,79.9,22,0,Boleto,19,0,1518.1
CUST-01398,2024-01-19,Pro,79.9,18,4,Boleto,15,0,1198.5
CUST-01399,2024-12-25,Basic,29.9,4,3,Pix,19,0,568.1
CUST-01400,2025-02-09,Basic,29.9,30,7,Pix,19,0,568.1
CUST-01401,2025-05-19,Basic,29.9,24,0,Pix,16,0,478.4
CUST-01402,2024-10-12,Enterprise,249.9,22,8,Pix,24,0,5997.6
CUST-01403,2024-03-05,Pro,79.9,7,5,Boleto,21,0,1677.9
CUST-01404,2024-05-11,Basic,29.9,20,5,Cartão de Crédito,20,0,598.0
CUST-01405,2025-09-01,Basic,29.9,4,4,Cartão de Crédito,18,0,538.2
CUST-01406,2025-03-24,Enterprise,249.9,23,3,Pix,13,0,3248.7
CUST-01407,2025-08-02,Pro,79.9,4,5,Boleto,9,1,719.1
CUST-01408,2025-11-24,Enterprise,249.9,12,0,Boleto,18,0,4498.2
CUST-01409,2025-05-11,Enterprise,249.9,25,2,Cartão de Crédito,19,0,4748.1
CUST-01410,2024-08-07,Basic,29.9,7,8,Boleto,5,1,149.5
CUST-01411,2024-01-08,Pro,79.9,30,2,Pix,19,0,1518.1
CUST-01412,2025-06-16,Pro,79.9,6,6,Pix,19,0,1518.1
CUST-01413,2024-07-12,Basic,29.9,1,10,Boleto,2,1,59.8
CUST-01414,2025-04-08,Enterprise,249.9,20,3,Boleto,5,1,1249.5
CUST-01415,2024-06-26,Pro,79.9,0,10,Pix,8,1,639.2
CUST-01416,2024-07-23,Enterprise,249.9,25,2,Boleto,23,0,5747.7
CUST-01417,2025-05-29,Enterprise,249.9,9,0,Boleto,22,0,5497.8
CUST-01418,2025-10-30,Basic,29.9,27,2,Cartão de Crédito,18,0,538.2
CUST-01419,2025-06-04,Pro,79.9,16,2,Pix,15,0,1198.5
CUST-01420,2025-08-03,Pro,79.9,1,9,Cartão de Crédito,6,1,479.4
CUST-01421,2025-10-13,Pro,79.9,10,4,Boleto,18,0,1438.2
CUST-01422,2024-09-28,Basic,29.9,7,3,Cartão de Crédito,19,0,568.1
CUST-01423,2025-06-23,Pro,79.9,10,9,Pix,20,0,1598.0
CUST-01424,2025-08-03,Enterprise,249.9,23,10,Cartão de Crédito,2,1,499.8
CUST-01425,2024-12-30,Pro,79.9,9,9,Pix,23,0,1837.7
CUST-01426,2025-01-08,Pro,79.9,10,6,Pix,5,1,399.5
CUST-01427,2025-01-24,Basic,29.9,10,2,Pix,2,1,59.8
CUST-01428,2024-01-30,Basic,29.9,19,3,Cartão de Crédito,19,0,568.1
CUST-01429,2024-06-02,Enterprise,249.9,7,1,Boleto,8,1,1999.2
CUST-01430,2025-11-08,Basic,29.9,5,5,Pix,15,0,448.5
CUST-01431,2025-11-08,Enterprise,249.9,19,9,Pix,4,1,999.6
CUST-01432,2025-09-07,Enterprise,249.9,21,7,Boleto,20,0,4998.0
CUST-01433,2024-10-21,Pro,79.9,22,9,Boleto,18,0,1438.2
CUST-01434,2024-02-09,Enterprise,249.9,7,0,Pix,24,0,5997.6
CUST-01435,2025-03-17,Pro,79.9,2,10,Pix,22,0,1757.8
CUST-01436,2024-08-26,Basic,29.9,5,2,Cartão de Crédito,18,0,538.2
CUST-01437,2024-06-07,Pro,79.9,0,8,Boleto,6,1,479.4
CUST-01438,2025-08-16,Pro,79.9,12,0,Boleto,17,0,1358.3
CUST-01439,2025-02-02,Pro,79.9,25,5,Cartão de Crédito,16,0,1278.4
CUST-01440,2025-05-27,Basic,29.9,17,10,Cartão de Crédito,14,0,418.6
CUST-01441,2024-03-26,Enterprise,249.9,18,6,Cartão de Crédito,19,0,4748.1
CUST-01442,2025-06-11,Pro,79.9,29,0,Boleto,21,0,1677.9
CUST-01443,2025-07-12,Pro,79.9,11,0,Boleto,13,0,1038.7
CUST-01444,2024-11-02,Pro,79.9,0,7,Boleto,10,1,799.0
CUST-01445,2025-11-04,Enterprise,249.9,10,2,Boleto,13,0,3248.7
CUST-01446,2024-02-21,Pro,79.9,1,3,Pix,23,0,1837.7
CUST-01447,2025-09-29,Basic,29.9,7,10,Pix,24,0,717.6
CUST-01448,2025-03-01,Basic,29.9,24,10,Pix,5,1,149.5
CUST-01449,2024-11-21,Pro,79.9,26,4,Cartão de Crédito,20,0,1598.0
CUST-01450,2024-06-04,Basic,29.9,27,7,Boleto,5,1,149.5
CUST-01451,2024-01-03,Basic,29.9,4,0,Cartão de Crédito,19,0,568.1
CUST-01452,2025-05-24,Pro,79.9,16,6,Boleto,11,1,878.9
CUST-01453,2024-07-14,Pro,79.9,6,4,Pix,15,0,1198.5
CUST-01454,2025-09-23,Basic,29.9,27,0,Boleto,16,0,478.4
CUST-01455,2024-07-03,Enterprise,249.9,0,5,Cartão de Crédito,14,0,3498.6
CUST-01456,2025-09-04,Basic,29.9,20,8,Boleto,13,0,388.7
CUST-01457,2024-06-14,Pro,79.9,4,10,Boleto,3,1,239.7
CUST-01458,2024-07-11,Enterprise,249.9,24,9,Pix,5,1,1249.5
CUST-01459,2024-01-23,Enterprise,249.9,12,4,Cartão de Crédito,16,0,3998.4
CUST-01460,2025-04-13,Pro,79.9,25,6,Cartão de Crédito,13,0,1038.7
CUST-01461,2025-08-11,Enterprise,249.9,9,8,Pix,15,0,3748.5
CUST-01462,2025-10-09,Basic,29.9,22,0,Boleto,18,0,538.2
CUST-01463,2024-02-07,Basic,29.9,29,10,Pix,13,0,388.7
CUST-01464,2024-01-04,Basic,29.9,28,5,Boleto,22,0,657.8
CUST-01465,2024-11-19,Basic,29.9,0,9,Boleto,18,0,538.2
CUST-01466,2025-05-23,Enterprise,249.9,25,7,Boleto,17,0,4248.3
CUST-01467,2024-09-02,Basic,29.9,0,6,Pix,7,1,209.3
CUST-01468,2025-01-21,Enterprise,249.9,28,4,Pix,14,0,3498.6
CUST-01469,2024-01-12,Enterprise,249.9,29,3,Cartão de Crédito,16,0,3998.4
CUST-01470,2024-06-04,Pro,79.9,30,10,Pix,19,0,1518.1
CUST-01471,2025-10-19,Pro,79.9,28,4,Cartão de Crédito,17,0,1358.3
CUST-01472,2024-09-15,Enterprise,249.9,17,0,Boleto,20,0,4998.0
CUST-01473,2024-02-09,Basic,29.9,1,0,Cartão de Crédito,18,0,538.2
CUST-01474,2024-03-15,Basic,29.9,12,5,Pix,21,0,627.9
CUST-01475,2025-09-06,Basic,29.9,30,6,Pix,14,0,418.6
CUST-01476,2024-03-04,Pro,79.9,27,4,Cartão de Crédito,21,0,1677.9
CUST-01477,2025-08-01,Basic,29.9,10,0,Boleto,18,0,538.2
CUST-01478,2025-01-05,Basic,29.9,24,3,Cartão de Crédito,16,0,478.4
CUST-01479,2024-08-28,Basic,29.9,2,0,Pix,14,0,418.6
CUST-01480,2024-12-22,Enterprise,249.9,23,7,Pix,20,0,4998.0
CUST-01481,2025-12-19,Pro,79.9,30,3,Boleto,23,0,1837.7
CUST-01482,2024-07-01,Pro,79.9,3,1,Cartão de Crédito,6,1,479.4
CUST-01483,2024-08-30,Pro,79.9,0,8,Cartão de Crédito,10,1,799.0
CUST-01484,2025-08-02,Basic,29.9,8,6,Pix,12,1,358.8
CUST-01485,2024-05-17,Pro,79.9,24,2,Cartão de Crédito,17,0,1358.3
CUST-01486,2024-12-22,Basic,29.9,5,5,Pix,18,0,538.2
CUST-01487,2024-12-07,Basic,29.9,30,3,Pix,18,0,538.2
CUST-01488,2024-10-10,Enterprise,249.9,11,2,Boleto,19,0,4748.1
CUST-01489,2024-09-29,Pro,79.9,5,5,Cartão de Crédito,1,1,79.9
CUST-01490,2025-12-05,Basic,29.9,8,5,Boleto,19,0,568.1
CUST-01491,2024-11-05,Basic,29.9,29,10,Pix,15,0,448.5
CUST-01492,2024-10-05,Basic,29.9,14,7,Pix,3,1,89.7
CUST-01493,2024-03-16,Enterprise,249.9,16,1,Cartão de Crédito,22,0,5497.8
CUST-01494,2025-01-27,Basic,29.9,16,4,Cartão de Crédito,23,0,687.7
CUST-01495,2025-05-28,Pro,79.9,26,6,Cartão de Crédito,16,0,1278.4
CUST-01496,2025-07-21,Enterprise,249.9,5,2,Pix,19,0,4748.1
CUST-01497,2025-01-03,Basic,29.9,0,1,Boleto,2,1,59.8
CUST-01498,2024-05-25,Basic,29.9,1,5,Boleto,20,0,598.0
CUST-01499,2024-07-14,Enterprise,249.9,26,5,Boleto,21,0,5247.9
CUST-01500,2025-02-16,Pro,79.9,6,5,Boleto,17,0,1358.3
CUST-01501,2025-11-23,Pro,79.9,26,8,Cartão de Crédito,7,1,559.3
CUST-01502,2024-03-18,Pro,79.9,13,8,Boleto,18,0,1438.2
CUST-01503,2024-07-05,Basic,29.9,21,3,Boleto,23,0,687.7
CUST-01504,2025-09-20,Pro,79.9,29,1,Pix,23,0,1837.7
CUST-01505,2024-09-29,Enterprise,249.9,26,2,Cartão de Crédito,23,0,5747.7
CUST-01506,2024-07-25,Enterprise,249.9,24,2,Pix,17,0,4248.3
CUST-01507,2024-05-01,Basic,29.9,26,3,Boleto,13,0,388.7
CUST-01508,2024-09-09,Basic,29.9,3,1,Cartão de Crédito,22,0,657.8
CUST-01509,2024-04-25,Pro,79.9,24,4,Cartão de Crédito,22,0,1757.8
CUST-01510,2025-08-03,Basic,29.9,8,2,Cartão de Crédito,20,0,598.0
CUST-01511,2024-05-22,Enterprise,249.9,30,7,Pix,12,1,2998.8
CUST-01512,2024-05-06,Pro,79.9,5,9,Boleto,13,0,1038.7
CUST-01513,2025-10-21,Basic,29.9,22,10,Pix,3,1,89.7
CUST-01514,2025-10-24,Basic,29.9,15,6,Boleto,7,1,209.3
CUST-01515,2025-03-08,Enterprise,249.9,21,5,Boleto,23,0,5747.7
CUST-01516,2024-10-02,Enterprise,249.9,0,3,Pix,9,1,2249.1
CUST-01517,2024-10-16,Enterprise,249.9,13,10,Pix,2,1,499.8
CUST-01518,2025-11-01,Pro,79.9,18,4,Pix,3,1,239.7
CUST-01519,2025-07-20,Enterprise,249.9,18,1,Pix,18,0,4498.2
CUST-01520,2024-06-25,Enterprise,249.9,27,1,Pix,2,1,499.8
CUST-01521,2025-08-04,Enterprise,249.9,2,9,Pix,10,1,2499.0
CUST-01522,2024-02-19,Enterprise,249.9,4,8,Pix,7,1,1749.3
CUST-01523,2025-05-27,Enterprise,249.9,22,4,Boleto,13,0,3248.7
CUST-01524,2024-12-25,Basic,29.9,11,5,Boleto,21,0,627.9
CUST-01525,2025-04-22,Enterprise,249.9,18,3,Boleto,20,0,4998.0
CUST-01526,2025-12-16,Pro,79.9,29,8,Cartão de Crédito,12,1,958.8
CUST-01527,2024-09-24,Enterprise,249.9,17,7,Boleto,3,1,749.7
CUST-01528,2024-10-11,Pro,79.9,29,6,Cartão de Crédito,8,1,639.2
CUST-01529,2025-07-31,Basic,29.9,1,1,Pix,11,1,328.9
CUST-01530,2025-11-06,Enterprise,249.9,24,2,Cartão de Crédito,22,0,5497.8
CUST-01531,2025-05-15,Pro,79.9,15,5,Pix,23,0,1837.7
CUST-01532,2025-04-11,Enterprise,249.9,28,9,Cartão de Crédito,18,0,4498.2
CUST-01533,2025-10-10,Pro,79.9,5,7,Cartão de Crédito,11,1,878.9
CUST-01534,2024-03-31,Basic,29.9,18,6,Cartão de Crédito,7,1,209.3
CUST-01535,2025-09-05,Enterprise,249.9,16,8,Cartão de Crédito,4,1,999.6
CUST-01536,2025-12-26,Pro,79.9,26,0,Cartão de Crédito,23,0,1837.7
CUST-01537,2025-02-24,Basic,29.9,15,9,Pix,14,0,418.6
CUST-01538,2025-05-02,Enterprise,249.9,29,0,Boleto,12,1,2998.8
CUST-01539,2024-08-01,Pro,79.9,1,4,Cartão de Crédito,24,0,1917.6
CUST-01540,2024-07-13,Enterprise,249.9,19,0,Pix,11,1,2748.9
CUST-01541,2024-11-02,Basic,29.9,7,8,Pix,10,1,299.0
CUST-01542,2024-12-25,Basic,29.9,26,1,Cartão de Crédito,19,0,568.1
CUST-01543,2024-04-28,Basic,29.9,28,9,Boleto,17,0,508.3
CUST-01544,2024-08-11,Basic,29.9,9,0,Cartão de Crédito,16,0,478.4
CUST-01545,2024-11-18,Pro,79.9,15,4,Cartão de Crédito,9,1,719.1
CUST-01546,2024-01-14,Pro,79.9,17,9,Pix,23,0,1837.7
CUST-01547,2024-02-14,Pro,79.9,28,8,Cartão de Crédito,4,1,319.6
CUST-01548,2024-12-21,Basic,29.9,10,0,Cartão de Crédito,23,0,687.7
CUST-01549,2025-10-17,Enterprise,249.9,29,7,Cartão de Crédito,19,0,4748.1
CUST-01550,2025-03-26,Pro,79.9,2,9,Boleto,4,1,319.6
CUST-01551,2024-05-03,Basic,29.9,18,8,Boleto,6,1,179.4
CUST-01552,2024-09-22,Pro,79.9,23,10,Cartão de Crédito,21,0,1677.9
CUST-01553,2024-12-29,Pro,79.9,27,9,Pix,13,0,1038.7
CUST-01554,2025-02-20,Basic,29.9,7,1,Cartão de Crédito,2,1,59.8
CUST-01555,2024-12-23,Pro,79.9,5,6,Boleto,1,1,79.9
CUST-01556,2024-01-15,Basic,29.9,17,2,Pix,13,0,388.7
CUST-01557,2024-11-25,Pro,79.9,19,5,Pix,19,0,1518.1
CUST-01558,2024-12-06,Basic,29.9,26,3,Cartão de Crédito,18,0,538.2
CUST-01559,2025-05-05,Pro,79.9,14,10,Pix,14,0,1118.6
CUST-01560,2024-03-28,Basic,29.9,6,2,Cartão de Crédito,18,0,538.2
CUST-01561,2024-01-27,Enterprise,249.9,13,10,Cartão de Crédito,2,1,499.8
CUST-01562,2025-02-25,Enterprise,249.9,27,6,Cartão de Crédito,23,0,5747.7
CUST-01563,2025-08-22,Pro,79.9,7,9,Boleto,6,1,479.4
CUST-01564,2025-07-11,Pro,79.9,29,0,Cartão de Crédito,14,0,1118.6
CUST-01565,2025-02-20,Enterprise,249.9,3,3,Cartão de Crédito,22,0,5497.8
CUST-01566,2024-12-29,Enterprise,249.9,28,5,Pix,24,0,5997.6
CUST-01567,2025-11-02,Basic,29.9,0,2,Cartão de Crédito,16,0,478.4
CUST-01568,2025-08-07,Pro,79.9,26,3,Pix,14,0,1118.6
CUST-01569,2025-07-31,Enterprise,249.9,11,9,Cartão de Crédito,5,1,1249.5
CUST-01570,2024-03-08,Pro,79.9,27,8,Boleto,8,1,639.2
CUST-01571,2025-07-17,Enterprise,249.9,22,1,Boleto,15,0,3748.5
CUST-01572,2024-07-14,Enterprise,249.9,17,2,Boleto,24,0,5997.6
CUST-01573,2024-08-15,Pro,79.9,15,3,Boleto,13,0,1038.7
CUST-01574,2025-06-11,Pro,79.9,23,0,Cartão de Crédito,13,0,1038.7
CUST-01575,2024-07-17,Basic,29.9,0,3,Cartão de Crédito,13,0,388.7
CUST-01576,2025-04-04,Enterprise,249.9,21,2,Pix,23,0,5747.7
CUST-01577,2025-03-15,Pro,79.9,10,9,Pix,17,0,1358.3
CUST-01578,2024-01-20,Enterprise,249.9,25,8,Boleto,17,0,4248.3
CUST-01579,2024-03-11,Pro,79.9,28,3,Boleto,16,0,1278.4
CUST-01580,2025-01-01,Basic,29.9,24,7,Boleto,17,0,508.3
CUST-01581,2024-02-07,Pro,79.9,15,4,Boleto,19,0,1518.1
CUST-01582,2024-02-28,Enterprise,249.9,1,10,Cartão de Crédito,12,1,2998.8
CUST-01583,2025-12-26,Enterprise,249.9,11,10,Pix,18,0,4498.2
CUST-01584,2025-01-09,Basic,29.9,2,7,Pix,13,0,388.7
CUST-01585,2024-03-28,Pro,79.9,22,2,Cartão de Crédito,4,1,319.6
CUST-01586,2025-09-05,Basic,29.9,5,7,Cartão de Crédito,22,0,657.8
CUST-01587,2025-03-16,Pro,79.9,15,0,Boleto,15,0,1198.5
CUST-01588,2025-11-30,Enterprise,249.9,23,0,Cartão de Crédito,23,0,5747.7
CUST-01589,2025-10-01,Enterprise,249.9,23,8,Boleto,3,1,749.7
CUST-01590,2025-09-25,Pro,79.9,30,9,Pix,21,0,1677.9
CUST-01591,2025-11-21,Basic,29.9,24,8,Boleto,15,0,448.5
CUST-01592,2025-07-30,Enterprise,249.9,11,4,Cartão de Crédito,23,0,5747.7
CUST-01593,2024-08-20,Pro,79.9,21,9,Cartão de Crédito,23,0,1837.7
CUST-01594,2025-07-29,Basic,29.9,10,8,Cartão de Crédito,10,1,299.0
CUST-01595,2025-09-12,Pro,79.9,28,4,Cartão de Crédito,22,0,1757.8
CUST-01596,2025-10-22,Enterprise,249.9,29,9,Cartão de Crédito,9,1,2249.1
CUST-01597,2024-09-24,Basic,29.9,27,1,Boleto,16,0,478.4
CUST-01598,2025-07-29,Basic,29.9,5,8,Cartão de Crédito,21,0,627.9
CUST-01599,2024-09-05,Basic,29.9,21,4,Pix,20,0,598.0
CUST-01600,2025-09-18,Enterprise,249.9,5,5,Boleto,14,0,3498.6
CUST-01601,2024-04-08,Enterprise,249.9,7,6,Cartão de Crédito,12,1,2998.8
CUST-01602,2025-08-04,Pro,79.9,30,6,Cartão de Crédito,3,1,239.7
CUST-01603,2024-01-21,Basic,29.9,6,4,Pix,21,0,627.9
CUST-01604,2025-02-16,Pro,79.9,5,0,Pix,18,0,1438.2
CUST-01605,2025-01-17,Basic,29.9,26,8,Boleto,15,0,448.5
CUST-01606,2024-03-31,Basic,29.9,9,9,Cartão de Crédito,7,1,209.3
CUST-01607,2025-03-05,Enterprise,249.9,25,9,Boleto,21,0,5247.9
CUST-01608,2024-10-04,Enterprise,249.9,14,1,Boleto,23,0,5747.7
CUST-01609,2024-09-30,Pro,79.9,17,0,Boleto,13,0,1038.7
CUST-01610,2025-05-14,Pro,79.9,18,2,Pix,23,0,1837.7
CUST-01611,2024-10-17,Enterprise,249.9,14,3,Cartão de Crédito,19,0,4748.1
CUST-01612,2025-08-04,Enterprise,249.9,22,9,Boleto,10,1,2499.0
CUST-01613,2025-11-10,Pro,79.9,21,7,Pix,19,0,1518.1
CUST-01614,2024-07-13,Pro,79.9,16,9,Pix,24,0,1917.6
CUST-01615,2024-10-15,Enterprise,249.9,3,1,Cartão de Crédito,17,0,4248.3
CUST-01616,2025-03-13,Enterprise,249.9,27,5,Cartão de Crédito,23,0,5747.7
CUST-01617,2025-11-20,Enterprise,249.9,13,0,Pix,21,0,5247.9
CUST-01618,2024-05-31,Basic,29.9,22,2,Pix,23,0,687.7
CUST-01619,2024-06-25,Pro,79.9,2,3,Boleto,24,0,1917.6
CUST-01620,2024-04-03,Basic,29.9,7,2,Cartão de Crédito,15,0,448.5
CUST-01621,2025-08-09,Basic,29.9,23,8,Cartão de Crédito,16,0,478.4
CUST-01622,2025-01-24,Pro,79.9,17,1,Pix,24,0,1917.6
CUST-01623,2025-09-07,Enterprise,249.9,1,0,Pix,8,1,1999.2
CUST-01624,2024-11-04,Enterprise,249.9,0,5,Boleto,12,1,2998.8
CUST-01625,2025-09-22,Basic,29.9,1,6,Cartão de Crédito,6,1,179.4
CUST-01626,2025-11-24,Enterprise,249.9,8,4,Cartão de Crédito,13,0,3248.7
CUST-01627,2024-01-05,Basic,29.9,29,8,Cartão de Crédito,21,0,627.9
CUST-01628,2024-11-19,Pro,79.9,12,7,Cartão de Crédito,8,1,639.2
CUST-01629,2024-03-07,Basic,29.9,3,1,Boleto,11,1,328.9
CUST-01630,2024-12-17,Basic,29.9,13,5,Boleto,21,0,627.9
CUST-01631,2025-07-13,Pro,79.9,12,6,Pix,10,1,799.0
CUST-01632,2024-10-30,Enterprise,249.9,20,3,Cartão de Crédito,14,0,3498.6
CUST-01633,2025-06-19,Pro,79.9,10,6,Boleto,2,1,159.8
CUST-01634,2024-06-12,Enterprise,249.9,17,1,Boleto,22,0,5497.8
CUST-01635,2024-04-03,Enterprise,249.9,25,10,Boleto,17,0,4248.3
CUST-01636,2025-10-31,Enterprise,249.9,27,0,Pix,19,0,4748.1
CUST-01637,2024-02-25,Enterprise,249.9,27,5,Pix,21,0,5247.9
CUST-01638,2025-10-17,Enterprise,249.9,23,2,Pix,5,1,1249.5
CUST-01639,2025-07-27,Pro,79.9,25,4,Boleto,20,0,1598.0
CUST-01640,2024-11-02,Pro,79.9,8,2,Cartão de Crédito,18,0,1438.2
CUST-01641,2024-06-22,Enterprise,249.9,22,6,Cartão de Crédito,13,0,3248.7
CUST-01642,2025-07-03,Basic,29.9,5,1,Boleto,16,0,478.4
CUST-01643,2024-11-21,Pro,79.9,9,8,Cartão de Crédito,7,1,559.3
CUST-01644,2024-02-10,Enterprise,249.9,23,6,Cartão de Crédito,17,0,4248.3
CUST-01645,2024-05-24,Pro,79.9,7,10,Cartão de Crédito,8,1,639.2
CUST-01646,2025-03-14,Basic,29.9,20,2,Boleto,20,0,598.0
CUST-01647,2025-09-02,Pro,79.9,20,5,Pix,17,0,1358.3
CUST-01648,2024-04-02,Basic,29.9,7,5,Pix,3,1,89.7
CUST-01649,2025-09-26,Pro,79.9,9,10,Cartão de Crédito,17,0,1358.3
CUST-01650,2025-08-29,Enterprise,249.9,17,4,Boleto,16,0,3998.4
CUST-01651,2024-10-17,Enterprise,249.9,6,3,Boleto,23,0,5747.7
CUST-01652,2025-02-07,Enterprise,249.9,18,10,Cartão de Crédito,11,1,2748.9
CUST-01653,2024-08-15,Enterprise,249.9,2,10,Cartão de Crédito,8,1,1999.2
CUST-01654,2024-01-04,Enterprise,249.9,12,3,Pix,10,1,2499.0
CUST-01655,2024-08-26,Basic,29.9,24,6,Boleto,12,1,358.8
CUST-01656,2024-02-25,Pro,79.9,5,4,Cartão de Crédito,2,1,159.8
CUST-01657,2025-11-03,Pro,79.9,1,4,Boleto,23,0,1837.7
CUST-01658,2024-02-02,Pro,79.9,17,10,Boleto,15,0,1198.5
CUST-01659,2025-12-02,Enterprise,249.9,6,0,Boleto,15,0,3748.5
CUST-01660,2025-07-31,Pro,79.9,10,4,Boleto,2,1,159.8
CUST-01661,2025-10-10,Enterprise,249.9,14,7,Boleto,16,0,3998.4
CUST-01662,2025-06-07,Enterprise,249.9,16,3,Boleto,10,1,2499.0
CUST-01663,2025-06-14,Pro,79.9,15,7,Pix,15,0,1198.5
CUST-01664,2024-08-05,Basic,29.9,8,5,Cartão de Crédito,15,0,448.5
CUST-01665,2025-10-18,Enterprise,249.9,3,4,Pix,4,1,999.6
CUST-01666,2024-05-08,Pro,79.9,12,0,Cartão de Crédito,14,0,1118.6
CUST-01667,2024-09-09,Enterprise,249.9,3,10,Boleto,24,0,5997.6
CUST-01668,2024-06-20,Enterprise,249.9,30,3,Cartão de Crédito,20,0,4998.0
CUST-01669,2024-08-02,Enterprise,249.9,5,0,Cartão de Crédito,13,0,3248.7
CUST-01670,2025-03-26,Enterprise,249.9,17,1,Pix,22,0,5497.8
CUST-01671,2024-09-05,Basic,29.9,26,3,Cartão de Crédito,15,0,448.5
CUST-01672,2025-05-11,Basic,29.9,9,0,Cartão de Crédito,16,0,478.4
CUST-01673,2025-05-22,Enterprise,249.9,28,4,Pix,22,0,5497.8
CUST-01674,2024-06-03,Enterprise,249.9,0,8,Pix,10,1,2499.0
CUST-01675,2025-09-12,Enterprise,249.9,21,5,Boleto,17,0,4248.3
CUST-01676,2025-09-10,Pro,79.9,8,10,Boleto,8,1,639.2
CUST-01677,2024-04-26,Basic,29.9,3,6,Boleto,12,1,358.8
CUST-01678,2024-07-23,Basic,29.9,3,5,Boleto,24,0,717.6
CUST-01679,2025-02-18,Enterprise,249.9,29,8,Pix,20,0,4998.0
CUST-01680,2024-07-30,Pro,79.9,24,10,Pix,12,1,958.8
CUST-01681,2025-03-02,Pro,79.9,27,6,Cartão de Crédito,1,1,79.9
CUST-01682,2025-12-01,Basic,29.9,15,9,Pix,22,0,657.8
CUST-01683,2025-06-08,Basic,29.9,24,3,Pix,21,0,627.9
CUST-01684,2025-01-30,Pro,79.9,28,9,Boleto,19,0,1518.1
CUST-01685,2025-05-02,Enterprise,249.9,11,0,Cartão de Crédito,18,0,4498.2
CUST-01686,2025-10-26,Basic,29.9,9,4,Cartão de Crédito,24,0,717.6
CUST-01687,2024-08-25,Enterprise,249.9,1,0,Cartão de Crédito,18,0,4498.2
CUST-01688,2024-07-16,Basic,29.9,4,2,Pix,13,0,388.7
CUST-01689,2024-04-12,Pro,79.9,13,5,Pix,11,1,878.9
CUST-01690,2025-12-11,Pro,79.9,10,5,Pix,10,1,799.0
CUST-01691,2025-03-12,Pro,79.9,20,2,Pix,19,0,1518.1
CUST-01692,2025-11-06,Enterprise,249.9,16,5,Pix,21,0,5247.9
CUST-01693,2024-05-20,Enterprise,249.9,22,7,Pix,3,1,749.7
CUST-01694,2024-05-31,Enterprise,249.9,19,2,Pix,21,0,5247.9
CUST-01695,2025-10-26,Pro,79.9,30,9,Boleto,17,0,1358.3
CUST-01696,2024-08-08,Pro,79.9,14,7,Boleto,9,1,719.1
CUST-01697,2025-11-08,Enterprise,249.9,7,9,Pix,9,1,2249.1
CUST-01698,2025-01-13,Enterprise,249.9,9,10,Pix,20,0,4998.0
CUST-01699,2024-12-18,Basic,29.9,10,10,Boleto,16,0,478.4
CUST-01700,2024-11-01,Basic,29.9,12,6,Boleto,13,0,388.7
CUST-01701,2024-10-16,Pro,79.9,23,5,Cartão de Crédito,24,0,1917.6
CUST-01702,2025-05-18,Pro,79.9,27,1,Pix,20,0,1598.0
CUST-01703,2024-06-18,Enterprise,249.9,7,3,Cartão de Crédito,23,0,5747.7
CUST-01704,2025-03-14,Pro,79.9,17,9,Boleto,17,0,1358.3
CUST-01705,2024-12-17,Enterprise,249.9,8,2,Cartão de Crédito,5,1,1249.5
CUST-01706,2025-06-13,Basic,29.9,27,0,Pix,16,0,478.4
CUST-01707,2025-04-22,Basic,29.9,18,5,Boleto,23,0,687.7
CUST-01708,2025-05-26,Enterprise,249.9,19,4,Cartão de Crédito,2,1,499.8
CUST-01709,2025-12-15,Enterprise,249.9,30,6,Pix,13,0,3248.7
CUST-01710,2025-03-13,Pro,79.9,12,4,Boleto,18,0,1438.2
CUST-01711,2024-01-09,Pro,79.9,2,6,Pix,7,1,559.3
CUST-01712,2025-08-11,Enterprise,249.9,26,10,Cartão de Crédito,4,1,999.6
CUST-01713,2025-08-04,Enterprise,249.9,0,3,Cartão de Crédito,2,1,499.8
CUST-01714,2025-03-20,Basic,29.9,9,7,Boleto,14,0,418.6
CUST-01715,2024-02-20,Enterprise,249.9,2,7,Cartão de Crédito,9,1,2249.1
CUST-01716,2024-06-26,Basic,29.9,23,3,Cartão de Crédito,18,0,538.2
CUST-01717,2024-04-28,Pro,79.9,25,0,Pix,18,0,1438.2
CUST-01718,2025-10-18,Enterprise,249.9,29,8,Cartão de Crédito,14,0,3498.6
CUST-01719,2025-05-22,Enterprise,249.9,15,7,Boleto,5,1,1249.5
CUST-01720,2024-05-21,Pro,79.9,10,2,Cartão de Crédito,20,0,1598.0
CUST-01721,2025-12-29,Basic,29.9,29,8,Cartão de Crédito,23,0,687.7
CUST-01722,2024-06-12,Basic,29.9,17,5,Cartão de Crédito,19,0,568.1
CUST-01723,2024-01-28,Basic,29.9,12,6,Cartão de Crédito,2,1,59.8
CUST-01724,2024-12-18,Basic,29.9,22,5,Pix,23,0,687.7
CUST-01725,2025-07-06,Pro,79.9,10,0,Boleto,22,0,1757.8
CUST-01726,2025-07-08,Pro,79.9,22,0,Boleto,22,0,1757.8
CUST-01727,2024-07-27,Enterprise,249.9,19,9,Boleto,18,0,4498.2
CUST-01728,2024-06-04,Pro,79.9,0,4,Cartão de Crédito,21,0,1677.9
CUST-01729,2024-11-02,Enterprise,249.9,11,2,Pix,23,0,5747.7
CUST-01730,2024-03-07,Pro,79.9,27,8,Boleto,9,1,719.1
CUST-01731,2025-03-02,Enterprise,249.9,8,4,Cartão de Crédito,13,0,3248.7
CUST-01732,2024-08-04,Enterprise,249.9,0,5,Pix,24,0,5997.6
CUST-01733,2025-05-25,Enterprise,249.9,22,9,Cartão de Crédito,23,0,5747.7
CUST-01734,2024-05-21,Basic,29.9,17,6,Pix,20,0,598.0
CUST-01735,2024-08-25,Pro,79.9,27,1,Boleto,17,0,1358.3
CUST-01736,2025-01-30,Pro,79.9,13,9,Cartão de Crédito,18,0,1438.2
CUST-01737,2024-09-29,Pro,79.9,25,10,Cartão de Crédito,16,0,1278.4
CUST-01738,2024-01-10,Enterprise,249.9,15,4,Cartão de Crédito,17,0,4248.3
CUST-01739,2025-05-09,Basic,29.9,29,10,Pix,22,0,657.8
CUST-01740,2024-05-17,Pro,79.9,13,0,Cartão de Crédito,24,0,1917.6
CUST-01741,2025-12-24,Basic,29.9,20,5,Pix,19,0,568.1
CUST-01742,2025-03-16,Basic,29.9,17,2,Boleto,22,0,657.8
CUST-01743,2024-12-06,Pro,79.9,16,1,Cartão de Crédito,18,0,1438.2
CUST-01744,2024-02-19,Pro,79.9,2,2,Cartão de Crédito,21,0,1677.9
CUST-01745,2024-08-06,Pro,79.9,23,2,Pix,24,0,1917.6
CUST-01746,2024-08-26,Enterprise,249.9,16,4,Boleto,16,0,3998.4
CUST-01747,2025-10-08,Basic,29.9,5,0,Boleto,21,0,627.9
CUST-01748,2024-01-06,Pro,79.9,22,6,Boleto,24,0,1917.6
CUST-01749,2025-11-11,Pro,79.9,1,4,Pix,11,1,878.9
CUST-01750,2025-10-24,Basic,29.9,29,6,Cartão de Crédito,1,1,29.9
CUST-01751,2024-04-14,Enterprise,249.9,12,10,Pix,16,0,3998.4
CUST-01752,2024-11-03,Enterprise,249.9,8,1,Boleto,20,0,4998.0
CUST-01753,2024-10-11,Basic,29.9,16,10,Boleto,12,1,358.8
CUST-01754,2025-04-10,Basic,29.9,1,10,Cartão de Crédito,11,1,328.9
CUST-01755,2024-10-31,Basic,29.9,17,9,Cartão de Crédito,14,0,418.6
CUST-01756,2024-04-23,Basic,29.9,30,0,Cartão de Crédito,16,0,478.4
CUST-01757,2024-10-22,Basic,29.9,3,2,Boleto,14,0,418.6
CUST-01758,2025-11-28,Pro,79.9,27,7,Cartão de Crédito,11,1,878.9
CUST-01759,2025-04-22,Pro,79.9,19,1,Cartão de Crédito,18,0,1438.2
CUST-01760,2024-06-26,Pro,79.9,25,9,Pix,7,1,559.3
CUST-01761,2024-05-17,Pro,79.9,3,3,Cartão de Crédito,24,0,1917.6
CUST-01762,2024-07-22,Enterprise,249.9,5,5,Boleto,14,0,3498.6
CUST-01763,2024-08-24,Enterprise,249.9,15,1,Boleto,13,0,3248.7
CUST-01764,2025-07-03,Basic,29.9,21,10,Boleto,3,1,89.7
CUST-01765,2025-04-17,Pro,79.9,26,3,Boleto,19,0,1518.1
CUST-01766,2024-08-25,Pro,79.9,12,5,Pix,20,0,1598.0
CUST-01767,2025-03-19,Pro,79.9,29,7,Boleto,21,0,1677.9
CUST-01768,2024-04-16,Enterprise,249.9,0,10,Cartão de Crédito,9,1,2249.1
CUST-01769,2025-04-05,Basic,29.9,29,9,Pix,14,0,418.6
CUST-01770,2024-01-21,Pro,79.9,19,8,Pix,14,0,1118.6
CUST-01771,2024-04-07,Enterprise,249.9,16,10,Cartão de Crédito,8,1,1999.2
CUST-01772,2024-05-07,Pro,79.9,12,4,Boleto,16,0,1278.4
CUST-01773,2024-04-30,Pro,79.9,16,10,Pix,21,0,1677.9
CUST-01774,2025-11-04,Enterprise,249.9,16,4,Pix,19,0,4748.1
CUST-01775,2024-11-15,Enterprise,249.9,26,4,Pix,16,0,3998.4
CUST-01776,2025-10-22,Basic,29.9,4,2,Pix,8,1,239.2
CUST-01777,2024-07-17,Enterprise,249.9,30,1,Cartão de Crédito,18,0,4498.2
CUST-01778,2024-09-05,Pro,79.9,5,8,Pix,14,0,1118.6
CUST-01779,2024-07-30,Enterprise,249.9,22,8,Cartão de Crédito,5,1,1249.5
CUST-01780,2025-12-21,Basic,29.9,9,7,Boleto,6,1,179.4
CUST-01781,2025-08-02,Pro,79.9,11,4,Pix,17,0,1358.3
CUST-01782,2025-08-09,Enterprise,249.9,21,7,Boleto,6,1,1499.4
CUST-01783,2024-03-31,Enterprise,249.9,7,1,Cartão de Crédito,14,0,3498.6
CUST-01784,2024-12-07,Pro,79.9,30,3,Pix,3,1,239.7
CUST-01785,2025-10-20,Pro,79.9,0,6,Pix,9,1,719.1
CUST-01786,2025-06-05,Basic,29.9,3,4,Pix,12,1,358.8
CUST-01787,2025-09-30,Basic,29.9,4,10,Cartão de Crédito,6,1,179.4
CUST-01788,2024-08-05,Pro,79.9,27,6,Boleto,17,0,1358.3
CUST-01789,2024-12-20,Basic,29.9,14,0,Cartão de Crédito,17,0,508.3
CUST-01790,2025-11-25,Enterprise,249.9,9,3,Boleto,14,0,3498.6
CUST-01791,2025-01-26,Basic,29.9,11,6,Cartão de Crédito,14,0,418.6
CUST-01792,2024-11-16,Basic,29.9,14,10,Boleto,3,1,89.7
CUST-01793,2025-06-23,Enterprise,249.9,2,7,Cartão de Crédito,8,1,1999.2
CUST-01794,2025-01-06,Basic,29.9,14,7,Pix,8,1,239.2
CUST-01795,2024-02-21,Enterprise,249.9,12,8,Boleto,13,0,3248.7
CUST-01796,2024-02-27,Basic,29.9,27,0,Pix,13,0,388.7
CUST-01797,2025-08-28,Basic,29.9,22,2,Pix,11,1,328.9
CUST-01798,2025-10-24,Pro,79.9,20,3,Cartão de Crédito,13,0,1038.7
CUST-01799,2025-06-13,Enterprise,249.9,13,9,Cartão de Crédito,2,1,499.8
CUST-01800,2024-09-29,Pro,79.9,11,3,Cartão de Crédito,13,0,1038.7
CUST-01801,2025-11-17,Basic,29.9,7,8,Boleto,18,0,538.2
CUST-01802,2025-06-13,Enterprise,249.9,28,3,Pix,23,0,5747.7
CUST-01803,2025-07-28,Basic,29.9,7,3,Boleto,23,0,687.7
CUST-01804,2025-03-27,Basic,29.9,20,10,Pix,11,1,328.9
CUST-01805,2024-11-10,Basic,29.9,14,4,Boleto,14,0,418.6
CUST-01806,2025-04-11,Pro,79.9,0,1,Pix,3,1,239.7
CUST-01807,2025-01-07,Pro,79.9,30,10,Pix,19,0,1518.1
CUST-01808,2024-02-03,Pro,79.9,27,7,Pix,3,1,239.7
CUST-01809,2025-08-17,Basic,29.9,28,5,Pix,19,0,568.1
CUST-01810,2024-09-27,Basic,29.9,8,3,Boleto,17,0,508.3
CUST-01811,2024-09-30,Pro,79.9,28,1,Boleto,24,0,1917.6
CUST-01812,2025-03-22,Pro,79.9,3,8,Pix,5,1,399.5
CUST-01813,2025-07-08,Basic,29.9,14,0,Cartão de Crédito,19,0,568.1
CUST-01814,2024-04-07,Pro,79.9,9,2,Cartão de Crédito,20,0,1598.0
CUST-01815,2025-08-12,Pro,79.9,9,5,Boleto,23,0,1837.7
CUST-01816,2025-02-13,Basic,29.9,29,1,Pix,24,0,717.6
CUST-01817,2024-06-11,Pro,79.9,3,3,Cartão de Crédito,14,0,1118.6
CUST-01818,2025-12-27,Enterprise,249.9,21,5,Cartão de Crédito,13,0,3248.7
CUST-01819,2025-01-15,Enterprise,249.9,13,8,Pix,4,1,999.6
CUST-01820,2025-10-07,Basic,29.9,4,1,Cartão de Crédito,20,0,598.0
CUST-01821,2024-11-29,Basic,29.9,6,1,Cartão de Crédito,14,0,418.6
CUST-01822,2025-08-25,Basic,29.9,19,5,Pix,18,0,538.2
CUST-01823,2025-12-03,Pro,79.9,2,6,Boleto,12,1,958.8
CUST-01824,2025-01-07,Basic,29.9,23,0,Pix,21,0,627.9
CUST-01825,2025-11-21,Enterprise,249.9,24,8,Pix,5,1,1249.5
CUST-01826,2024-01-01,Pro,79.9,14,7,Pix,7,1,559.3
CUST-01827,2024-11-05,Pro,79.9,13,10,Pix,2,1,159.8
CUST-01828,2025-01-09,Enterprise,249.9,13,4,Cartão de Crédito,13,0,3248.7
CUST-01829,2025-09-12,Pro,79.9,4,7,Boleto,2,1,159.8
CUST-01830,2024-03-12,Enterprise,249.9,10,7,Boleto,6,1,1499.4
CUST-01831,2025-10-30,Basic,29.9,24,5,Cartão de Crédito,24,0,717.6
CUST-01832,2024-04-09,Basic,29.9,4,4,Pix,13,0,388.7
CUST-01833,2024-02-13,Enterprise,249.9,10,4,Pix,13,0,3248.7
CUST-01834,2024-08-20,Basic,29.9,1,9,Boleto,3,1,89.7
CUST-01835,2025-12-05,Pro,79.9,7,5,Pix,7,1,559.3
CUST-01836,2025-04-28,Pro,79.9,25,1,Pix,6,1,479.4
CUST-01837,2024-09-03,Enterprise,249.9,8,10,Pix,21,0,5247.9
CUST-01838,2024-01-10,Basic,29.9,30,10,Boleto,18,0,538.2
CUST-01839,2024-08-13,Enterprise,249.9,12,4,Pix,15,0,3748.5
CUST-01840,2025-12-20,Enterprise,249.9,29,9,Cartão de Crédito,23,0,5747.7
CUST-01841,2025-10-21,Enterprise,249.9,19,5,Pix,14,0,3498.6
CUST-01842,2025-08-29,Pro,79.9,3,4,Pix,16,0,1278.4
CUST-01843,2025-01-25,Enterprise,249.9,23,10,Boleto,23,0,5747.7
CUST-01844,2024-12-02,Basic,29.9,15,5,Boleto,19,0,568.1
CUST-01845,2025-04-23,Enterprise,249.9,22,7,Pix,23,0,5747.7
CUST-01846,2024-09-01,Pro,79.9,5,2,Pix,13,0,1038.7
CUST-01847,2025-09-21,Basic,29.9,17,1,Cartão de Crédito,18,0,538.2
CUST-01848,2024-09-11,Basic,29.9,18,6,Pix,19,0,568.1
CUST-01849,2024-11-29,Enterprise,249.9,26,0,Cartão de Crédito,19,0,4748.1
CUST-01850,2024-12-02,Basic,29.9,12,8,Cartão de Crédito,17,0,508.3
CUST-01851,2025-11-18,Pro,79.9,25,4,Cartão de Crédito,5,1,399.5
CUST-01852,2025-10-23,Basic,29.9,28,3,Cartão de Crédito,16,0,478.4
CUST-01853,2025-07-02,Pro,79.9,6,8,Pix,12,1,958.8
CUST-01854,2024-04-04,Basic,29.9,27,0,Pix,13,0,388.7
CUST-01855,2025-11-22,Pro,79.9,19,1,Cartão de Crédito,16,0,1278.4
CUST-01856,2024-05-19,Basic,29.9,11,2,Pix,22,0,657.8
CUST-01857,2024-11-07,Pro,79.9,16,1,Pix,17,0,1358.3
CUST-01858,2024-07-02,Pro,79.9,0,3,Cartão de Crédito,11,1,878.9
CUST-01859,2025-12-24,Basic,29.9,26,7,Cartão de Crédito,17,0,508.3
CUST-01860,2024-11-03,Enterprise,249.9,13,4,Cartão de Crédito,18,0,4498.2
CUST-01861,2025-09-02,Basic,29.9,19,1,Pix,21,0,627.9
CUST-01862,2024-05-28,Basic,29.9,6,3,Boleto,17,0,508.3
CUST-01863,2025-05-16,Enterprise,249.9,24,7,Boleto,19,0,4748.1
CUST-01864,2025-04-21,Pro,79.9,7,4,Cartão de Crédito,16,0,1278.4
CUST-01865,2024-01-05,Basic,29.9,24,9,Boleto,11,1,328.9
CUST-01866,2025-04-14,Pro,79.9,26,2,Pix,4,1,319.6
CUST-01867,2024-07-25,Pro,79.9,23,7,Boleto,19,0,1518.1
CUST-01868,2024-01-14,Pro,79.9,19,4,Boleto,24,0,1917.6
CUST-01869,2025-09-03,Basic,29.9,2,5,Pix,9,1,269.1
CUST-01870,2025-10-11,Enterprise,249.9,22,2,Pix,20,0,4998.0
CUST-01871,2025-10-26,Enterprise,249.9,20,7,Cartão de Crédito,16,0,3998.4
CUST-01872,2024-01-27,Basic,29.9,21,8,Pix,6,1,179.4
CUST-01873,2024-07-11,Pro,79.9,8,0,Boleto,16,0,1278.4
CUST-01874,2024-11-11,Enterprise,249.9,6,1,Pix,14,0,3498.6
CUST-01875,2024-08-25,Pro,79.9,7,7,Pix,23,0,1837.7
CUST-01876,2024-07-19,Pro,79.9,28,4,Boleto,20,0,1598.0
CUST-01877,2024-02-24,Enterprise,249.9,9,8,Boleto,18,0,4498.2
CUST-01878,2024-07-21,Pro,79.9,29,9,Cartão de Crédito,20,0,1598.0
CUST-01879,2024-01-26,Enterprise,249.9,3,8,Cartão de Crédito,7,1,1749.3
CUST-01880,2024-04-17,Pro,79.9,0,9,Pix,8,1,639.2
CUST-01881,2025-01-20,Enterprise,249.9,11,7,Boleto,1,1,249.9
CUST-01882,2024-04-22,Pro,79.9,14,0,Pix,18,0,1438.2
CUST-01883,2024-08-08,Basic,29.9,22,5,Boleto,20,0,598.0
CUST-01884,2024-11-28,Pro,79.9,22,9,Pix,13,0,1038.7
CUST-01885,2024-03-17,Enterprise,249.9,17,7,Boleto,17,0,4248.3
CUST-01886,2025-12-12,Enterprise,249.9,1,1,Cartão de Crédito,4,1,999.6
CUST-01887,2025-01-31,Pro,79.9,6,8,Boleto,10,1,799.0
CUST-01888,2025-08-29,Basic,29.9,26,7,Boleto,17,0,508.3
CUST-01889,2025-01-27,Enterprise,249.9,25,10,Boleto,18,0,4498.2
CUST-01890,2025-06-20,Basic,29.9,10,1,Boleto,13,0,388.7
CUST-01891,2025-08-06,Enterprise,249.9,5,7,Boleto,1,1,249.9
CUST-01892,2025-07-16,Basic,29.9,20,4,Cartão de Crédito,16,0,478.4
CUST-01893,2025-08-01,Basic,29.9,28,0,Pix,24,0,717.6
CUST-01894,2025-05-02,Enterprise,249.9,4,2,Boleto,5,1,1249.5
CUST-01895,2024-11-24,Pro,79.9,21,3,Boleto,23,0,1837.7
CUST-01896,2024-09-09,Enterprise,249.9,10,6,Pix,21,0,5247.9
CUST-01897,2025-08-13,Basic,29.9,9,9,Pix,18,0,538.2
CUST-01898,2024-11-08,Pro,79.9,16,0,Cartão de Crédito,18,0,1438.2
CUST-01899,2025-03-28,Enterprise,249.9,28,7,Cartão de Crédito,12,1,2998.8
CUST-01900,2025-01-25,Pro,79.9,9,3,Cartão de Crédito,23,0,1837.7
CUST-01901,2024-10-12,Enterprise,249.9,13,2,Pix,21,0,5247.9
CUST-01902,2024-12-17,Enterprise,249.9,10,8,Cartão de Crédito,24,0,5997.6
CUST-01903,2025-01-17,Pro,79.9,1,8,Cartão de Crédito,17,0,1358.3
CUST-01904,2025-01-09,Enterprise,249.9,27,8,Pix,3,1,749.7
CUST-01905,2025-03-29,Basic,29.9,7,5,Boleto,14,0,418.6
CUST-01906,2025-11-16,Enterprise,249.9,22,0,Boleto,14,0,3498.6
CUST-01907,2024-06-24,Pro,79.9,23,1,Boleto,14,0,1118.6
CUST-01908,2025-12-04,Pro,79.9,23,10,Boleto,2,1,159.8
CUST-01909,2025-05-24,Enterprise,249.9,15,4,Pix,6,1,1499.4
CUST-01910,2024-07-16,Pro,79.9,12,3,Pix,15,0,1198.5
CUST-01911,2024-11-19,Pro,79.9,9,8,Cartão de Crédito,9,1,719.1
CUST-01912,2025-12-13,Basic,29.9,28,4,Pix,13,0,388.7
CUST-01913,2024-06-10,Enterprise,249.9,21,4,Boleto,24,0,5997.6
CUST-01914,2024-09-18,Pro,79.9,0,4,Pix,7,1,559.3
CUST-01915,2024-05-08,Basic,29.9,11,6,Cartão de Crédito,19,0,568.1
CUST-01916,2024-10-29,Basic,29.9,24,5,Cartão de Crédito,11,1,328.9
CUST-01917,2025-03-13,Enterprise,249.9,9,1,Pix,16,0,3998.4
CUST-01918,2025-02-21,Enterprise,249.9,6,5,Boleto,18,0,4498.2
CUST-01919,2025-02-10,Pro,79.9,28,3,Boleto,20,0,1598.0
CUST-01920,2025-03-22,Basic,29.9,7,5,Pix,22,0,657.8
CUST-01921,2025-02-07,Enterprise,249.9,21,0,Pix,18,0,4498.2
CUST-01922,2025-08-20,Pro,79.9,24,2,Boleto,13,0,1038.7
CUST-01923,2024-01-08,Enterprise,249.9,24,2,Pix,13,0,3248.7
CUST-01924,2024-01-29,Basic,29.9,30,2,Pix,22,0,657.8
CUST-01925,2025-01-18,Pro,79.9,4,5,Pix,10,1,799.0
CUST-01926,2025-09-01,Pro,79.9,11,10,Cartão de Crédito,18,0,1438.2
CUST-01927,2025-10-30,Enterprise,249.9,19,10,Pix,22,0,5497.8
CUST-01928,2025-02-11,Basic,29.9,24,0,Boleto,24,0,717.6
CUST-01929,2025-01-09,Pro,79.9,0,4,Cartão de Crédito,23,0,1837.7
CUST-01930,2025-06-24,Basic,29.9,8,5,Cartão de Crédito,16,0,478.4
CUST-01931,2024-01-21,Basic,29.9,6,6,Boleto,20,0,598.0
CUST-01932,2024-03-24,Enterprise,249.9,26,4,Boleto,24,0,5997.6
CUST-01933,2024-12-07,Pro,79.9,23,4,Pix,17,0,1358.3
CUST-01934,2024-05-31,Enterprise,249.9,13,8,Boleto,11,1,2748.9
CUST-01935,2025-04-21,Basic,29.9,1,1,Cartão de Crédito,16,0,478.4
CUST-01936,2024-04-19,Pro,79.9,25,0,Cartão de Crédito,22,0,1757.8
CUST-01937,2024-04-05,Enterprise,249.9,7,9,Pix,4,1,999.6
CUST-01938,2024-06-25,Basic,29.9,29,6,Boleto,24,0,717.6
CUST-01939,2024-07-22,Pro,79.9,22,2,Boleto,23,0,1837.7
CUST-01940,2025-12-12,Pro,79.9,24,5,Pix,23,0,1837.7
CUST-01941,2024-06-13,Enterprise,249.9,14,5,Pix,21,0,5247.9
CUST-01942,2024-11-28,Enterprise,249.9,14,5,Boleto,16,0,3998.4
CUST-01943,2025-06-24,Pro,79.9,14,10,Pix,22,0,1757.8
CUST-01944,2024-07-13,Pro,79.9,8,0,Boleto,17,0,1358.3
CUST-01945,2025-12-09,Enterprise,249.9,6,0,Cartão de Crédito,14,0,3498.6
CUST-01946,2025-03-01,Pro,79.9,6,4,Cartão de Crédito,18,0,1438.2
CUST-01947,2025-10-22,Pro,79.9,30,7,Pix,12,1,958.8
CUST-01948,2024-11-07,Basic,29.9,6,1,Boleto,24,0,717.6
CUST-01949,2024-11-03,Enterprise,249.9,3,5,Pix,14,0,3498.6
CUST-01950,2024-02-01,Enterprise,249.9,21,4,Boleto,22,0,5497.8
CUST-01951,2025-03-04,Basic,29.9,15,0,Boleto,18,0,538.2
CUST-01952,2025-10-18,Pro,79.9,8,4,Pix,16,0,1278.4
CUST-01953,2024-05-15,Pro,79.9,5,3,Cartão de Crédito,21,0,1677.9
CUST-01954,2024-11-13,Enterprise,249.9,12,3,Cartão de Crédito,20,0,4998.0
CUST-01955,2024-12-19,Basic,29.9,1,9,Cartão de Crédito,19,0,568.1
CUST-01956,2025-11-13,Pro,79.9,28,1,Pix,15,0,1198.5
CUST-01957,2024-07-13,Enterprise,249.9,19,5,Cartão de Crédito,14,0,3498.6
CUST-01958,2025-05-18,Basic,29.9,25,10,Boleto,24,0,717.6
CUST-01959,2024-01-19,Basic,29.9,17,2,Pix,16,0,478.4
CUST-01960,2025-01-12,Pro,79.9,4,5,Boleto,18,0,1438.2
CUST-01961,2025-12-02,Enterprise,249.9,13,5,Pix,18,0,4498.2
CUST-01962,2025-11-02,Pro,79.9,17,4,Boleto,24,0,1917.6
CUST-01963,2024-12-20,Enterprise,249.9,14,10,Pix,13,0,3248.7
CUST-01964,2025-07-11,Enterprise,249.9,30,0,Pix,19,0,4748.1
CUST-01965,2024-10-02,Pro,79.9,16,7,Cartão de Crédito,21,0,1677.9
CUST-01966,2024-06-16,Enterprise,249.9,10,6,Cartão de Crédito,23,0,5747.7
CUST-01967,2025-01-21,Enterprise,249.9,24,5,Pix,15,0,3748.5
CUST-01968,2024-09-13,Basic,29.9,17,1,Pix,14,0,418.6
CUST-01969,2024-07-31,Pro,79.9,1,8,Pix,9,1,719.1
CUST-01970,2024-08-02,Enterprise,249.9,13,9,Boleto,8,1,1999.2
CUST-01971,2024-01-28,Enterprise,249.9,22,6,Pix,22,0,5497.8
CUST-01972,2025-12-18,Enterprise,249.9,15,8,Boleto,19,0,4748.1
CUST-01973,2024-06-11,Pro,79.9,10,6,Pix,1,1,79.9
CUST-01974,2024-09-06,Basic,29.9,10,3,Boleto,21,0,627.9
CUST-01975,2024-02-09,Pro,79.9,1,6,Boleto,12,1,958.8
CUST-01976,2025-04-19,Pro,79.9,9,6,Pix,16,0,1278.4
CUST-01977,2025-02-04,Enterprise,249.9,25,0,Boleto,18,0,4498.2
CUST-01978,2024-07-22,Basic,29.9,15,5,Cartão de Crédito,13,0,388.7
CUST-01979,2025-11-11,Basic,29.9,26,4,Boleto,13,0,388.7
CUST-01980,2024-12-21,Enterprise,249.9,29,8,Pix,8,1,1999.2
CUST-01981,2025-03-14,Pro,79.9,3,0,Cartão de Crédito,6,1,479.4
CUST-01982,2025-11-08,Enterprise,249.9,2,2,Cartão de Crédito,17,0,4248.3
CUST-01983,2024-01-09,Basic,29.9,10,3,Cartão de Crédito,19,0,568.1
CUST-01984,2024-03-11,Pro,79.9,20,1,Cartão de Crédito,20,0,1598.0
CUST-01985,2025-11-03,Enterprise,249.9,20,3,Cartão de Crédito,14,0,3498.6
CUST-01986,2024-12-07,Enterprise,249.9,13,3,Cartão de Crédito,24,0,5997.6
CUST-01987,2024-10-07,Enterprise,249.9,5,3,Pix,15,0,3748.5
CUST-01988,2025-12-23,Pro,79.9,20,3,Cartão de Crédito,20,0,1598.0
CUST-01989,2024-05-03,Enterprise,249.9,22,4,Cartão de Crédito,17,0,4248.3
CUST-01990,2024-01-12,Pro,79.9,7,4,Pix,24,0,1917.6
CUST-01991,2024-01-26,Basic,29.9,8,4,Pix,24,0,717.6
CUST-01992,2024-10-20,Enterprise,249.9,20,7,Cartão de Crédito,2,1,499.8
CUST-01993,2025-01-25,Pro,79.9,6,1,Cartão de Crédito,21,0,1677.9
CUST-01994,2025-06-03,Pro,79.9,13,0,Cartão de Crédito,16,0,1278.4
CUST-01995,2024-08-12,Pro,79.9,16,0,Cartão de Crédito,11,1,878.9
CUST-01996,2025-07-08,Pro,79.9,1,4,Pix,23,0,1837.7
CUST-01997,2025-04-04,Enterprise,249.9,10,5,Cartão de Crédito,22,0,5497.8
CUST-01998,2025-04-12,Basic,29.9,21,6,Cartão de Crédito,5,1,149.5
CUST-01999,2025-06-15,Pro,79.9,30,8,Cartão de Crédito,13,0,1038.7
CUST-02000,2025-07-21,Enterprise,249.9,5,3,Pix,21,0,5247.9
CUST-02001,2024-09-08,Pro,79.9,9,10,Cartão de Crédito,11,1,878.9
CUST-02002,2025-10-03,Enterprise,249.9,28,9,Pix,3,1,749.7
CUST-02003,2025-06-11,Enterprise,249.9,23,1,Cartão de Crédito,14,0,3498.6
CUST-02004,2025-01-20,Enterprise,249.9,23,6,Cartão de Crédito,12,1,2998.8
CUST-02005,2024-10-02,Enterprise,249.9,0,1,Pix,11,1,2748.9
CUST-02006,2025-12-02,Enterprise,249.9,4,4,Boleto,24,0,5997.6
CUST-02007,2025-10-11,Basic,29.9,6,5,Boleto,16,0,478.4
CUST-02008,2025-10-09,Enterprise,249.9,27,1,Cartão de Crédito,22,0,5497.8
CUST-02009,2025-02-23,Pro,79.9,9,9,Boleto,17,0,1358.3
CUST-02010,2025-07-13,Basic,29.9,12,10,Pix,1,1,29.9
CUST-02011,2024-11-20,Enterprise,249.9,14,6,Pix,21,0,5247.9
CUST-02012,2024-05-08,Pro,79.9,22,3,Cartão de Crédito,23,0,1837.7
CUST-02013,2025-04-13,Pro,79.9,27,0,Pix,13,0,1038.7
CUST-02014,2024-05-05,Basic,29.9,27,8,Cartão de Crédito,18,0,538.2
CUST-02015,2025-07-12,Basic,29.9,2,2,Boleto,18,0,538.2
CUST-02016,2024-01-19,Basic,29.9,18,2,Cartão de Crédito,18,0,538.2
CUST-02017,2025-10-21,Enterprise,249.9,25,4,Cartão de Crédito,24,0,5997.6
CUST-02018,2024-06-15,Enterprise,249.9,5,1,Pix,21,0,5247.9
CUST-02019,2024-05-08,Pro,79.9,24,8,Pix,15,0,1198.5
CUST-02020,2025-12-25,Basic,29.9,9,2,Cartão de Crédito,22,0,657.8
CUST-02021,2025-01-01,Enterprise,249.9,24,6,Boleto,5,1,1249.5
CUST-02022,2025-06-19,Pro,79.9,4,0,Boleto,3,1,239.7
CUST-02023,2024-01-30,Pro,79.9,26,1,Boleto,13,0,1038.7
CUST-02024,2025-02-26,Pro,79.9,30,3,Boleto,18,0,1438.2
CUST-02025,2025-12-31,Enterprise,249.9,24,4,Cartão de Crédito,15,0,3748.5
CUST-02026,2025-03-01,Basic,29.9,5,8,Cartão de Crédito,19,0,568.1
CUST-02027,2025-01-03,Basic,29.9,4,7,Boleto,10,1,299.0
CUST-02028,2025-07-29,Basic,29.9,8,6,Cartão de Crédito,24,0,717.6
CUST-02029,2025-04-14,Pro,79.9,18,3,Cartão de Crédito,16,0,1278.4
CUST-02030,2024-07-25,Basic,29.9,7,6,Pix,16,0,478.4
CUST-02031,2025-09-09,Pro,79.9,10,4,Boleto,19,0,1518.1
CUST-02032,2025-07-24,Basic,29.9,22,7,Pix,12,1,358.8
CUST-02033,2024-09-20,Enterprise,249.9,19,4,Pix,20,0,4998.0
CUST-02034,2024-02-24,Basic,29.9,29,10,Cartão de Crédito,7,1,209.3
CUST-02035,2024-06-10,Enterprise,249.9,15,7,Pix,23,0,5747.7
CUST-02036,2024-08-26,Enterprise,249.9,30,7,Boleto,18,0,4498.2
CUST-02037,2024-09-18,Enterprise,249.9,27,6,Boleto,19,0,4748.1
CUST-02038,2024-07-25,Pro,79.9,19,7,Pix,4,1,319.6
CUST-02039,2024-07-01,Enterprise,249.9,15,4,Pix,22,0,5497.8
CUST-02040,2025-08-01,Pro,79.9,4,6,Pix,20,0,1598.0
CUST-02041,2025-12-17,Basic,29.9,13,9,Boleto,14,0,418.6
CUST-02042,2024-10-06,Pro,79.9,13,4,Pix,19,0,1518.1
CUST-02043,2024-11-11,Enterprise,249.9,5,8,Pix,9,1,2249.1
CUST-02044,2024-05-05,Pro,79.9,24,4,Boleto,23,0,1837.7
CUST-02045,2025-02-07,Enterprise,249.9,14,1,Pix,20,0,4998.0
CUST-02046,2024-10-12,Pro,79.9,26,6,Pix,19,0,1518.1
CUST-02047,2024-09-20,Pro,79.9,5,4,Cartão de Crédito,23,0,1837.7
CUST-02048,2025-07-09,Enterprise,249.9,5,6,Cartão de Crédito,21,0,5247.9
CUST-02049,2025-12-09,Pro,79.9,5,9,Pix,9,1,719.1
CUST-02050,2025-10-05,Basic,29.9,30,4,Cartão de Crédito,21,0,627.9
CUST-02051,2025-11-24,Basic,29.9,3,2,Cartão de Crédito,14,0,418.6
CUST-02052,2025-07-25,Pro,79.9,15,3,Boleto,14,0,1118.6
CUST-02053,2024-03-30,Enterprise,249.9,5,2,Pix,14,0,3498.6
CUST-02054,2024-06-03,Enterprise,249.9,29,5,Cartão de Crédito,23,0,5747.7
CUST-02055,2025-01-03,Pro,79.9,25,6,Cartão de Crédito,9,1,719.1
CUST-02056,2024-06-14,Pro,79.9,7,0,Boleto,18,0,1438.2
CUST-02057,2025-08-01,Pro,79.9,28,0,Pix,19,0,1518.1
CUST-02058,2025-05-09,Basic,29.9,16,4,Cartão de Crédito,20,0,598.0
CUST-02059,2024-05-21,Enterprise,249.9,15,2,Pix,24,0,5997.6
CUST-02060,2025-05-11,Basic,29.9,24,5,Pix,13,0,388.7
CUST-02061,2024-04-11,Basic,29.9,30,8,Pix,12,1,358.8
CUST-02062,2025-01-24,Pro,79.9,23,10,Cartão de Crédito,12,1,958.8
CUST-02063,2024-04-17,Basic,29.9,27,10,Boleto,13,0,388.7
CUST-02064,2025-09-09,Pro,79.9,4,5,Boleto,13,0,1038.7
CUST-02065,2024-01-21,Pro,79.9,6,5,Boleto,19,0,1518.1
CUST-02066,2025-11-16,Enterprise,249.9,3,3,Boleto,17,0,4248.3
CUST-02067,2024-10-15,Enterprise,249.9,22,8,Boleto,18,0,4498.2
CUST-02068,2024-08-23,Enterprise,249.9,22,3,Boleto,23,0,5747.7
CUST-02069,2025-10-28,Basic,29.9,9,2,Boleto,23,0,687.7
CUST-02070,2024-09-02,Enterprise,249.9,20,9,Pix,8,1,1999.2
CUST-02071,2025-11-21,Enterprise,249.9,18,8,Cartão de Crédito,6,1,1499.4
CUST-02072,2025-08-09,Pro,79.9,28,0,Cartão de Crédito,3,1,239.7
CUST-02073,2025-11-12,Enterprise,249.9,19,5,Boleto,21,0,5247.9
CUST-02074,2024-07-11,Basic,29.9,23,10,Boleto,2,1,59.8
CUST-02075,2025-10-07,Enterprise,249.9,18,1,Pix,23,0,5747.7
CUST-02076,2025-09-23,Enterprise,249.9,12,9,Pix,16,0,3998.4
CUST-02077,2024-10-15,Basic,29.9,24,2,Boleto,24,0,717.6
CUST-02078,2025-06-04,Enterprise,249.9,6,3,Cartão de Crédito,15,0,3748.5
CUST-02079,2024-03-08,Pro,79.9,6,3,Pix,20,0,1598.0
CUST-02080,2024-12-24,Basic,29.9,14,8,Cartão de Crédito,21,0,627.9
CUST-02081,2025-07-01,Pro,79.9,23,5,Pix,13,0,1038.7
CUST-02082,2025-03-10,Enterprise,249.9,0,7,Pix,3,1,749.7
CUST-02083,2024-12-18,Enterprise,249.9,15,5,Boleto,20,0,4998.0
CUST-02084,2025-03-15,Basic,29.9,1,1,Pix,8,1,239.2
CUST-02085,2024-04-24,Enterprise,249.9,30,2,Cartão de Crédito,18,0,4498.2
CUST-02086,2024-01-29,Enterprise,249.9,20,10,Pix,15,0,3748.5
CUST-02087,2025-04-05,Enterprise,249.9,21,8,Pix,4,1,999.6
CUST-02088,2024-05-09,Basic,29.9,27,1,Pix,14,0,418.6
CUST-02089,2025-12-03,Pro,79.9,26,3,Cartão de Crédito,17,0,1358.3
CUST-02090,2024-04-04,Basic,29.9,30,8,Pix,2,1,59.8
CUST-02091,2025-07-18,Basic,29.9,16,8,Boleto,24,0,717.6
CUST-02092,2025-12-01,Basic,29.9,2,6,Cartão de Crédito,5,1,149.5
CUST-02093,2024-10-09,Pro,79.9,18,5,Pix,15,0,1198.5
CUST-02094,2025-12-29,Basic,29.9,21,5,Boleto,16,0,478.4
CUST-02095,2025-10-07,Basic,29.9,2,10,Cartão de Crédito,1,1,29.9
CUST-02096,2025-04-25,Enterprise,249.9,21,0,Pix,24,0,5997.6
CUST-02097,2024-08-18,Enterprise,249.9,1,0,Cartão de Crédito,5,1,1249.5
CUST-02098,2025-07-02,Basic,29.9,4,10,Cartão de Crédito,11,1,328.9
CUST-02099,2024-07-07,Enterprise,249.9,12,2,Cartão de Crédito,16,0,3998.4
CUST-02100,2024-06-24,Basic,29.9,30,0,Pix,3,1,89.7
CUST-02101,2024-06-02,Enterprise,249.9,14,8,Cartão de Crédito,24,0,5997.6
CUST-02102,2024-08-19,Pro,79.9,6,1,Boleto,13,0,1038.7
CUST-02103,2025-04-16,Pro,79.9,24,1,Pix,15,0,1198.5
CUST-02104,2024-08-06,Basic,29.9,5,7,Boleto,14,0,418.6
CUST-02105,2024-06-25,Enterprise,249.9,12,6,Pix,18,0,4498.2
CUST-02106,2024-03-29,Enterprise,249.9,9,5,Cartão de Crédito,18,0,4498.2
CUST-02107,2024-06-17,Enterprise,249.9,12,1,Boleto,15,0,3748.5
CUST-02108,2024-09-28,Pro,79.9,21,3,Pix,2,1,159.8
CUST-02109,2024-07-12,Basic,29.9,6,4,Pix,17,0,508.3
CUST-02110,2025-04-20,Basic,29.9,26,0,Cartão de Crédito,1,1,29.9
CUST-02111,2024-07-25,Pro,79.9,29,3,Pix,20,0,1598.0
CUST-02112,2025-07-15,Basic,29.9,26,7,Boleto,2,1,59.8
CUST-02113,2025-02-06,Pro,79.9,19,4,Cartão de Crédito,22,0,1757.8
CUST-02114,2025-03-28,Enterprise,249.9,19,8,Pix,23,0,5747.7
CUST-02115,2025-07-02,Enterprise,249.9,21,7,Cartão de Crédito,17,0,4248.3
CUST-02116,2024-03-01,Basic,29.9,2,0,Pix,11,1,328.9
CUST-02117,2024-08-25,Basic,29.9,11,5,Boleto,21,0,627.9
CUST-02118,2024-01-20,Basic,29.9,4,6,Boleto,12,1,358.8
CUST-02119,2024-11-19,Enterprise,249.9,22,3,Pix,15,0,3748.5
CUST-02120,2024-10-21,Enterprise,249.9,22,9,Cartão de Crédito,15,0,3748.5
CUST-02121,2025-06-11,Basic,29.9,22,3,Boleto,15,0,448.5
CUST-02122,2025-07-30,Pro,79.9,2,0,Pix,16,0,1278.4
CUST-02123,2024-11-14,Basic,29.9,2,4,Pix,5,1,149.5
CUST-02124,2025-11-22,Pro,79.9,2,8,Boleto,7,1,559.3
CUST-02125,2024-03-30,Basic,29.9,24,4,Cartão de Crédito,16,0,478.4
CUST-02126,2025-08-20,Basic,29.9,28,5,Boleto,15,0,448.5
CUST-02127,2024-09-28,Enterprise,249.9,9,4,Boleto,12,1,2998.8
CUST-02128,2025-12-07,Enterprise,249.9,3,3,Cartão de Crédito,20,0,4998.0
CUST-02129,2024-12-21,Basic,29.9,28,8,Boleto,2,1,59.8
CUST-02130,2025-01-29,Basic,29.9,20,2,Cartão de Crédito,12,1,358.8
CUST-02131,2024-09-30,Pro,79.9,30,5,Pix,14,0,1118.6
CUST-02132,2025-01-12,Pro,79.9,29,2,Cartão de Crédito,24,0,1917.6
CUST-02133,2025-09-22,Basic,29.9,28,9,Cartão de Crédito,9,1,269.1
CUST-02134,2025-01-01,Enterprise,249.9,29,2,Cartão de Crédito,14,0,3498.6
CUST-02135,2024-01-25,Pro,79.9,16,2,Cartão de Crédito,18,0,1438.2
CUST-02136,2024-07-19,Enterprise,249.9,23,4,Cartão de Crédito,22,0,5497.8
CUST-02137,2024-04-15,Enterprise,249.9,27,9,Cartão de Crédito,15,0,3748.5
CUST-02138,2024-09-27,Enterprise,249.9,14,0,Cartão de Crédito,13,0,3248.7
CUST-02139,2024-06-21,Basic,29.9,13,4,Pix,18,0,538.2
CUST-02140,2025-03-04,Pro,79.9,3,7,Cartão de Crédito,9,1,719.1
CUST-02141,2024-05-18,Enterprise,249.9,19,9,Boleto,19,0,4748.1
CUST-02142,2025-06-09,Pro,79.9,9,6,Boleto,13,0,1038.7
CUST-02143,2024-04-30,Enterprise,249.9,6,7,Boleto,23,0,5747.7
CUST-02144,2025-04-04,Enterprise,249.9,27,6,Pix,13,0,3248.7
CUST-02145,2024-02-19,Pro,79.9,10,9,Boleto,12,1,958.8
CUST-02146,2025-05-06,Basic,29.9,20,5,Pix,24,0,717.6
CUST-02147,2025-04-25,Pro,79.9,30,3,Pix,21,0,1677.9
CUST-02148,2024-03-01,Pro,79.9,27,8,Cartão de Crédito,7,1,559.3
CUST-02149,2024-03-06,Basic,29.9,21,2,Cartão de Crédito,20,0,598.0
CUST-02150,2024-11-14,Enterprise,249.9,7,7,Boleto,4,1,999.6
CUST-02151,2024-09-27,Pro,79.9,28,10,Pix,10,1,799.0
CUST-02152,2025-09-11,Enterprise,249.9,15,3,Boleto,15,0,3748.5
CUST-02153,2024-10-18,Basic,29.9,12,8,Pix,21,0,627.9
CUST-02154,2025-04-04,Enterprise,249.9,2,4,Cartão de Crédito,1,1,249.9
CUST-02155,2025-12-01,Basic,29.9,0,0,Cartão de Crédito,14,0,418.6
CUST-02156,2024-08-27,Pro,79.9,18,10,Boleto,20,0,1598.0
CUST-02157,2025-11-03,Pro,79.9,16,1,Pix,21,0,1677.9
CUST-02158,2024-02-17,Pro,79.9,0,7,Boleto,9,1,719.1
CUST-02159,2024-05-28,Basic,29.9,28,5,Boleto,20,0,598.0
CUST-02160,2024-10-30,Basic,29.9,18,5,Pix,19,0,568.1
CUST-02161,2025-01-18,Enterprise,249.9,30,7,Cartão de Crédito,17,0,4248.3
CUST-02162,2024-10-18,Enterprise,249.9,18,6,Pix,14,0,3498.6
CUST-02163,2024-10-17,Enterprise,249.9,23,8,Cartão de Crédito,21,0,5247.9
CUST-02164,2025-09-16,Basic,29.9,3,2,Pix,10,1,299.0
CUST-02165,2025-12-08,Basic,29.9,28,5,Pix,23,0,687.7
CUST-02166,2025-05-21,Enterprise,249.9,4,5,Pix,20,0,4998.0
CUST-02167,2025-08-13,Basic,29.9,18,4,Cartão de Crédito,12,1,358.8
CUST-02168,2025-03-09,Pro,79.9,12,6,Boleto,19,0,1518.1
CUST-02169,2025-02-13,Basic,29.9,20,0,Boleto,21,0,627.9
CUST-02170,2025-08-24,Basic,29.9,27,10,Pix,17,0,508.3
CUST-02171,2025-10-27,Basic,29.9,5,8,Boleto,24,0,717.6
CUST-02172,2024-12-13,Pro,79.9,20,3,Boleto,16,0,1278.4
CUST-02173,2025-02-08,Enterprise,249.9,28,8,Boleto,1,1,249.9
CUST-02174,2024-01-30,Basic,29.9,16,5,Boleto,19,0,568.1
CUST-02175,2025-05-22,Pro,79.9,9,1,Pix,17,0,1358.3
CUST-02176,2024-12-08,Pro,79.9,21,0,Cartão de Crédito,23,0,1837.7
CUST-02177,2025-03-18,Basic,29.9,1,8,Cartão de Crédito,10,1,299.0
CUST-02178,2025-03-26,Pro,79.9,7,10,Cartão de Crédito,14,0,1118.6
CUST-02179,2024-12-13,Pro,79.9,10,0,Cartão de Crédito,14,0,1118.6
CUST-02180,2024-08-12,Basic,29.9,27,6,Boleto,20,0,598.0
CUST-02181,2024-07-15,Basic,29.9,1,3,Boleto,1,1,29.9
CUST-02182,2024-10-19,Basic,29.9,28,7,Boleto,15,0,448.5
CUST-02183,2025-11-15,Basic,29.9,20,4,Cartão de Crédito,20,0,598.0
CUST-02184,2025-07-24,Enterprise,249.9,25,3,Cartão de Crédito,17,0,4248.3
CUST-02185,2024-02-13,Enterprise,249.9,7,9,Pix,21,0,5247.9
CUST-02186,2025-08-23,Enterprise,249.9,9,6,Cartão de Crédito,17,0,4248.3
CUST-02187,2025-05-29,Basic,29.9,23,2,Pix,24,0,717.6
CUST-02188,2025-09-04,Pro,79.9,6,4,Cartão de Crédito,19,0,1518.1
CUST-02189,2024-10-05,Basic,29.9,29,8,Boleto,14,0,418.6
CUST-02190,2024-01-26,Enterprise,249.9,13,8,Cartão de Crédito,4,1,999.6
CUST-02191,2024-10-19,Basic,29.9,10,6,Pix,24,0,717.6
CUST-02192,2025-01-21,Enterprise,249.9,7,6,Boleto,21,0,5247.9
CUST-02193,2025-08-15,Basic,29.9,9,1,Boleto,19,0,568.1
CUST-02194,2024-04-07,Enterprise,249.9,30,9,Boleto,7,1,1749.3
CUST-02195,2025-09-29,Pro,79.9,5,10,Cartão de Crédito,4,1,319.6
CUST-02196,2024-04-29,Pro,79.9,9,6,Cartão de Crédito,7,1,559.3
CUST-02197,2024-09-21,Enterprise,249.9,6,0,Pix,16,0,3998.4
CUST-02198,2025-09-03,Basic,29.9,26,4,Boleto,23,0,687.7
CUST-02199,2025-05-15,Pro,79.9,25,2,Boleto,24,0,1917.6
CUST-02200,2025-07-22,Pro,79.9,17,4,Cartão de Crédito,20,0,1598.0
CUST-02201,2025-03-28,Pro,79.9,6,8,Cartão de Crédito,22,0,1757.8
CUST-02202,2025-12-14,Pro,79.9,0,2,Pix,10,1,799.0
CUST-02203,2025-05-22,Basic,29.9,16,10,Cartão de Crédito,12,1,358.8
CUST-02204,2025-11-02,Enterprise,249.9,25,8,Boleto,20,0,4998.0
CUST-02205,2024-01-14,Enterprise,249.9,11,2,Boleto,14,0,3498.6
CUST-02206,2024-05-27,Pro,79.9,5,3,Pix,18,0,1438.2
CUST-02207,2024-08-12,Enterprise,249.9,28,10,Cartão de Crédito,7,1,1749.3
CUST-02208,2025-07-14,Enterprise,249.9,13,4,Boleto,18,0,4498.2
CUST-02209,2024-01-30,Enterprise,249.9,21,5,Pix,18,0,4498.2
CUST-02210,2025-07-17,Basic,29.9,27,6,Cartão de Crédito,6,1,179.4
CUST-02211,2024-05-30,Pro,79.9,19,3,Cartão de Crédito,13,0,1038.7
CUST-02212,2025-11-27,Enterprise,249.9,27,9,Boleto,1,1,249.9
CUST-02213,2024-06-16,Pro,79.9,23,2,Cartão de Crédito,18,0,1438.2
CUST-02214,2025-11-07,Enterprise,249.9,27,6,Pix,19,0,4748.1
CUST-02215,2025-05-09,Basic,29.9,23,3,Boleto,16,0,478.4
CUST-02216,2024-09-08,Enterprise,249.9,30,10,Boleto,24,0,5997.6
CUST-02217,2025-12-17,Basic,29.9,9,4,Boleto,24,0,717.6
CUST-02218,2024-10-23,Enterprise,249.9,12,7,Boleto,18,0,4498.2
CUST-02219,2025-08-21,Pro,79.9,2,4,Pix,13,0,1038.7
CUST-02220,2025-12-24,Enterprise,249.9,7,4,Pix,21,0,5247.9
CUST-02221,2025-02-26,Basic,29.9,3,0,Pix,1,1,29.9
CUST-02222,2025-01-04,Basic,29.9,13,9,Pix,12,1,358.8
CUST-02223,2025-07-14,Enterprise,249.9,26,3,Cartão de Crédito,24,0,5997.6
CUST-02224,2024-08-15,Basic,29.9,17,5,Pix,1,1,29.9
CUST-02225,2025-08-07,Pro,79.9,19,9,Boleto,7,1,559.3
CUST-02226,2025-11-18,Basic,29.9,29,2,Pix,22,0,657.8
CUST-02227,2024-08-08,Pro,79.9,26,1,Cartão de Crédito,18,0,1438.2
CUST-02228,2024-09-05,Enterprise,249.9,10,0,Boleto,21,0,5247.9
CUST-02229,2025-06-06,Enterprise,249.9,12,3,Pix,22,0,5497.8
CUST-02230,2025-07-01,Basic,29.9,8,7,Cartão de Crédito,17,0,508.3
CUST-02231,2025-12-24,Basic,29.9,21,9,Cartão de Crédito,20,0,598.0
CUST-02232,2025-07-05,Pro,79.9,26,8,Pix,5,1,399.5
CUST-02233,2024-05-08,Pro,79.9,8,6,Cartão de Crédito,9,1,719.1
CUST-02234,2025-07-28,Basic,29.9,24,9,Cartão de Crédito,5,1,149.5
CUST-02235,2024-04-02,Pro,79.9,6,9,Boleto,20,0,1598.0
CUST-02236,2025-05-11,Pro,79.9,22,4,Pix,18,0,1438.2
CUST-02237,2025-07-16,Pro,79.9,19,3,Pix,20,0,1598.0
CUST-02238,2024-03-07,Enterprise,249.9,12,7,Boleto,14,0,3498.6
CUST-02239,2024-08-14,Pro,79.9,16,7,Boleto,16,0,1278.4
CUST-02240,2024-07-16,Pro,79.9,19,5,Pix,24,0,1917.6
CUST-02241,2024-01-31,Enterprise,249.9,8,3,Boleto,21,0,5247.9
CUST-02242,2024-09-06,Pro,79.9,14,3,Boleto,23,0,1837.7
CUST-02243,2025-08-22,Pro,79.9,8,9,Boleto,12,1,958.8
CUST-02244,2024-10-06,Pro,79.9,0,2,Pix,7,1,559.3
CUST-02245,2025-08-04,Pro,79.9,0,4,Pix,20,0,1598.0
CUST-02246,2025-05-05,Pro,79.9,26,6,Cartão de Crédito,19,0,1518.1
CUST-02247,2024-01-28,Basic,29.9,27,0,Cartão de Crédito,23,0,687.7
CUST-02248,2025-06-22,Basic,29.9,19,8,Boleto,11,1,328.9
CUST-02249,2024-03-12,Pro,79.9,1,4,Boleto,21,0,1677.9
CUST-02250,2025-12-14,Enterprise,249.9,29,10,Pix,17,0,4248.3
CUST-02251,2024-06-12,Basic,29.9,27,0,Cartão de Crédito,18,0,538.2
CUST-02252,2025-05-11,Enterprise,249.9,14,9,Cartão de Crédito,16,0,3998.4
CUST-02253,2024-02-08,Pro,79.9,5,5,Cartão de Crédito,24,0,1917.6
CUST-02254,2024-04-01,Enterprise,249.9,13,0,Boleto,18,0,4498.2
CUST-02255,2024-10-15,Basic,29.9,17,4,Boleto,18,0,538.2
CUST-02256,2025-01-09,Enterprise,249.9,21,3,Cartão de Crédito,24,0,5997.6
CUST-02257,2025-07-28,Basic,29.9,7,10,Cartão de Crédito,24,0,717.6
CUST-02258,2025-02-05,Basic,29.9,19,0,Boleto,16,0,478.4
CUST-02259,2024-12-02,Basic,29.9,25,6,Cartão de Crédito,22,0,657.8
CUST-02260,2024-07-22,Basic,29.9,16,5,Cartão de Crédito,15,0,448.5
CUST-02261,2024-07-13,Pro,79.9,2,1,Pix,4,1,319.6
CUST-02262,2024-08-03,Enterprise,249.9,4,2,Cartão de Crédito,3,1,749.7
CUST-02263,2025-07-13,Basic,29.9,23,6,Boleto,19,0,568.1
CUST-02264,2025-06-16,Enterprise,249.9,3,7,Boleto,15,0,3748.5
CUST-02265,2025-11-04,Enterprise,249.9,25,6,Pix,3,1,749.7
CUST-02266,2024-11-14,Enterprise,249.9,9,0,Pix,17,0,4248.3
CUST-02267,2024-11-10,Enterprise,249.9,17,0,Pix,13,0,3248.7
CUST-02268,2024-12-05,Pro,79.9,14,7,Boleto,20,0,1598.0
CUST-02269,2025-03-24,Basic,29.9,10,2,Cartão de Crédito,18,0,538.2
CUST-02270,2025-10-14,Enterprise,249.9,16,8,Cartão de Crédito,24,0,5997.6
CUST-02271,2024-02-03,Enterprise,249.9,16,4,Pix,11,1,2748.9
CUST-02272,2024-08-31,Enterprise,249.9,24,10,Boleto,18,0,4498.2
CUST-02273,2025-04-10,Pro,79.9,22,3,Boleto,15,0,1198.5
CUST-02274,2025-03-30,Enterprise,249.9,29,0,Cartão de Crédito,5,1,1249.5
CUST-02275,2024-09-09,Enterprise,249.9,21,1,Pix,14,0,3498.6
CUST-02276,2024-01-01,Pro,79.9,28,9,Boleto,3,1,239.7
CUST-02277,2024-11-23,Pro,79.9,17,9,Cartão de Crédito,14,0,1118.6
CUST-02278,2024-08-21,Enterprise,249.9,25,4,Boleto,15,0,3748.5
CUST-02279,2024-04-24,Basic,29.9,1,2,Boleto,8,1,239.2
CUST-02280,2024-01-10,Pro,79.9,4,2,Boleto,20,0,1598.0
CUST-02281,2024-11-15,Basic,29.9,23,9,Boleto,7,1,209.3
CUST-02282,2025-12-31,Basic,29.9,11,7,Cartão de Crédito,15,0,448.5
CUST-02283,2024-08-25,Enterprise,249.9,27,7,Cartão de Crédito,15,0,3748.5
CUST-02284,2025-01-29,Enterprise,249.9,7,2,Cartão de Crédito,22,0,5497.8
CUST-02285,2024-08-01,Enterprise,249.9,20,3,Boleto,2,1,499.8
CUST-02286,2025-05-03,Basic,29.9,18,0,Pix,19,0,568.1
CUST-02287,2024-09-18,Basic,29.9,9,7,Cartão de Crédito,17,0,508.3
CUST-02288,2025-01-31,Pro,79.9,7,4,Cartão de Crédito,13,0,1038.7
CUST-02289,2025-05-22,Basic,29.9,0,5,Pix,10,1,299.0
CUST-02290,2025-07-29,Pro,79.9,22,2,Cartão de Crédito,22,0,1757.8
CUST-02291,2025-07-17,Pro,79.9,7,7,Cartão de Crédito,18,0,1438.2
CUST-02292,2024-03-27,Pro,79.9,21,7,Boleto,13,0,1038.7
CUST-02293,2025-12-18,Pro,79.9,22,4,Pix,20,0,1598.0
CUST-02294,2024-04-10,Enterprise,249.9,15,8,Cartão de Crédito,14,0,3498.6
CUST-02295,2024-12-16,Pro,79.9,11,2,Cartão de Crédito,15,0,1198.5
CUST-02296,2024-10-06,Pro,79.9,15,10,Pix,4,1,319.6
CUST-02297,2024-01-24,Pro,79.9,10,7,Pix,20,0,1598.0
CUST-02298,2024-02-25,Pro,79.9,2,2,Cartão de Crédito,22,0,1757.8
CUST-02299,2025-05-01,Pro,79.9,8,8,Cartão de Crédito,20,0,1598.0
CUST-02300,2025-08-23,Pro,79.9,24,7,Pix,16,0,1278.4
CUST-02301,2025-05-08,Basic,29.9,25,8,Boleto,17,0,508.3
CUST-02302,2024-10-15,Enterprise,249.9,11,8,Cartão de Crédito,5,1,1249.5
CUST-02303,2025-04-20,Pro,79.9,7,4,Boleto,12,1,958.8
CUST-02304,2025-12-22,Pro,79.9,10,1,Boleto,14,0,1118.6
CUST-02305,2024-01-06,Basic,29.9,15,9,Pix,23,0,687.7
CUST-02306,2025-02-28,Basic,29.9,7,9,Pix,11,1,328.9
CUST-02307,2024-01-26,Pro,79.9,28,7,Cartão de Crédito,21,0,1677.9
CUST-02308,2024-11-30,Basic,29.9,1,5,Pix,14,0,418.6
CUST-02309,2024-06-22,Basic,29.9,13,6,Pix,15,0,448.5
CUST-02310,2024-08-12,Enterprise,249.9,24,6,Cartão de Crédito,19,0,4748.1
CUST-02311,2025-10-05,Basic,29.9,14,5,Cartão de Crédito,16,0,478.4
CUST-02312,2024-05-08,Enterprise,249.9,12,8,Cartão de Crédito,24,0,5997.6
CUST-02313,2024-10-07,Enterprise,249.9,23,5,Cartão de Crédito,13,0,3248.7
CUST-02314,2024-07-11,Basic,29.9,2,6,Boleto,6,1,179.4
CUST-02315,2025-01-06,Enterprise,249.9,0,5,Pix,14,0,3498.6
CUST-02316,2025-03-17,Enterprise,249.9,17,6,Cartão de Crédito,23,0,5747.7
CUST-02317,2024-03-08,Enterprise,249.9,4,2,Boleto,5,1,1249.5
CUST-02318,2025-12-31,Pro,79.9,0,7,Boleto,8,1,639.2
CUST-02319,2025-09-04,Pro,79.9,29,3,Cartão de Crédito,15,0,1198.5
CUST-02320,2024-10-23,Enterprise,249.9,12,1,Pix,21,0,5247.9
CUST-02321,2025-10-25,Pro,79.9,4,9,Pix,21,0,1677.9
CUST-02322,2024-06-20,Pro,79.9,5,10,Pix,23,0,1837.7
CUST-02323,2024-05-31,Basic,29.9,2,3,Cartão de Crédito,9,1,269.1
CUST-02324,2024-10-28,Basic,29.9,2,3,Pix,10,1,299.0
CUST-02325,2025-01-30,Basic,29.9,19,1,Cartão de Crédito,20,0,598.0
CUST-02326,2024-02-18,Basic,29.9,30,4,Cartão de Crédito,24,0,717.6
CUST-02327,2025-09-02,Basic,29.9,27,9,Cartão de Crédito,19,0,568.1
CUST-02328,2024-05-08,Enterprise,249.9,15,6,Boleto,14,0,3498.6
CUST-02329,2025-12-05,Enterprise,249.9,5,8,Boleto,9,1,2249.1
CUST-02330,2025-03-12,Pro,79.9,14,3,Boleto,23,0,1837.7
CUST-02331,2025-04-19,Pro,79.9,10,2,Cartão de Crédito,17,0,1358.3
CUST-02332,2025-07-15,Basic,29.9,27,0,Pix,23,0,687.7
CUST-02333,2025-05-30,Pro,79.9,30,8,Cartão de Crédito,23,0,1837.7
CUST-02334,2024-11-21,Pro,79.9,9,4,Boleto,23,0,1837.7
CUST-02335,2025-03-18,Pro,79.9,6,3,Cartão de Crédito,17,0,1358.3
CUST-02336,2024-01-28,Pro,79.9,17,7,Pix,14,0,1118.6
CUST-02337,2024-03-17,Pro,79.9,21,9,Boleto,12,1,958.8
CUST-02338,2025-10-19,Enterprise,249.9,29,4,Cartão de Crédito,21,0,5247.9
CUST-02339,2025-01-20,Pro,79.9,0,0,Pix,3,1,239.7
CUST-02340,2025-01-26,Enterprise,249.9,25,5,Pix,21,0,5247.9
CUST-02341,2025-10-28,Enterprise,249.9,18,2,Boleto,13,0,3248.7
CUST-02342,2024-08-28,Enterprise,249.9,3,8,Cartão de Crédito,11,1,2748.9
CUST-02343,2024-03-13,Enterprise,249.9,1,7,Pix,10,1,2499.0
CUST-02344,2025-12-13,Basic,29.9,19,0,Pix,15,0,448.5
CUST-02345,2025-01-30,Pro,79.9,11,0,Boleto,20,0,1598.0
CUST-02346,2024-04-07,Pro,79.9,25,0,Cartão de Crédito,16,0,1278.4
CUST-02347,2024-12-19,Pro,79.9,29,4,Boleto,10,1,799.0
CUST-02348,2024-10-12,Enterprise,249.9,14,2,Boleto,23,0,5747.7
CUST-02349,2025-08-15,Enterprise,249.9,9,1,Boleto,24,0,5997.6
CUST-02350,2025-07-29,Pro,79.9,1,5,Boleto,4,1,319.6
CUST-02351,2025-09-28,Pro,79.9,4,1,Pix,11,1,878.9
CUST-02352,2025-09-15,Enterprise,249.9,30,8,Boleto,15,0,3748.5
CUST-02353,2025-04-27,Basic,29.9,2,6,Boleto,10,1,299.0
CUST-02354,2024-11-15,Pro,79.9,18,2,Pix,22,0,1757.8
CUST-02355,2024-06-04,Basic,29.9,12,0,Pix,21,0,627.9
CUST-02356,2024-12-22,Basic,29.9,5,2,Pix,22,0,657.8
CUST-02357,2024-04-28,Pro,79.9,16,1,Pix,16,0,1278.4
CUST-02358,2024-08-19,Basic,29.9,27,2,Pix,15,0,448.5
CUST-02359,2025-11-08,Pro,79.9,17,6,Cartão de Crédito,3,1,239.7
CUST-02360,2024-03-31,Basic,29.9,11,8,Pix,23,0,687.7
CUST-02361,2024-12-03,Basic,29.9,26,1,Pix,7,1,209.3
CUST-02362,2025-12-27,Basic,29.9,11,5,Cartão de Crédito,24,0,717.6
CUST-02363,2025-04-12,Basic,29.9,28,2,Boleto,17,0,508.3
CUST-02364,2024-10-25,Pro,79.9,17,8,Pix,17,0,1358.3
CUST-02365,2024-05-17,Enterprise,249.9,28,0,Boleto,13,0,3248.7
CUST-02366,2024-12-29,Basic,29.9,19,9,Boleto,11,1,328.9
CUST-02367,2025-09-24,Enterprise,249.9,3,7,Cartão de Crédito,2,1,499.8
CUST-02368,2025-08-01,Enterprise,249.9,4,9,Pix,17,0,4248.3
CUST-02369,2025-08-16,Basic,29.9,26,5,Boleto,17,0,508.3
CUST-02370,2025-10-26,Enterprise,249.9,9,3,Boleto,17,0,4248.3
CUST-02371,2024-07-23,Basic,29.9,3,4,Boleto,19,0,568.1
CUST-02372,2025-01-02,Pro,79.9,28,5,Cartão de Crédito,20,0,1598.0
CUST-02373,2025-03-14,Pro,79.9,17,0,Pix,21,0,1677.9
CUST-02374,2025-05-24,Basic,29.9,2,10,Cartão de Crédito,8,1,239.2
CUST-02375,2025-12-07,Enterprise,249.9,14,0,Pix,19,0,4748.1
CUST-02376,2024-11-22,Pro,79.9,7,10,Cartão de Crédito,22,0,1757.8
CUST-02377,2024-04-11,Enterprise,249.9,17,6,Pix,8,1,1999.2
CUST-02378,2025-07-20,Pro,79.9,4,7,Cartão de Crédito,10,1,799.0
CUST-02379,2024-10-14,Enterprise,249.9,27,7,Pix,13,0,3248.7
CUST-02380,2024-03-22,Pro,79.9,6,1,Cartão de Crédito,18,0,1438.2
CUST-02381,2025-01-13,Basic,29.9,29,6,Boleto,23,0,687.7
CUST-02382,2025-07-12,Enterprise,249.9,12,9,Cartão de Crédito,15,0,3748.5
CUST-02383,2025-07-29,Basic,29.9,30,6,Pix,21,0,627.9
CUST-02384,2025-04-20,Enterprise,249.9,25,1,Boleto,18,0,4498.2
CUST-02385,2024-09-03,Pro,79.9,25,6,Boleto,15,0,1198.5
CUST-02386,2025-01-23,Enterprise,249.9,8,1,Boleto,15,0,3748.5
CUST-02387,2024-01-18,Basic,29.9,12,6,Cartão de Crédito,6,1,179.4
CUST-02388,2025-05-07,Enterprise,249.9,21,6,Pix,9,1,2249.1
CUST-02389,2024-07-01,Pro,79.9,30,4,Pix,14,0,1118.6
CUST-02390,2025-03-20,Basic,29.9,7,0,Pix,23,0,687.7
CUST-02391,2025-06-29,Enterprise,249.9,25,4,Pix,23,0,5747.7
CUST-02392,2024-06-15,Enterprise,249.9,2,5,Cartão de Crédito,10,1,2499.0
CUST-02393,2025-07-29,Pro,79.9,24,0,Boleto,14,0,1118.6
CUST-02394,2024-02-25,Pro,79.9,22,3,Boleto,16,0,1278.4
CUST-02395,2024-09-04,Pro,79.9,30,3,Boleto,17,0,1358.3
CUST-02396,2024-06-27,Pro,79.9,27,4,Cartão de Crédito,15,0,1198.5
CUST-02397,2024-08-05,Pro,79.9,18,9,Cartão de Crédito,16,0,1278.4
CUST-02398,2024-07-13,Enterprise,249.9,2,9,Pix,19,0,4748.1
CUST-02399,2025-12-18,Pro,79.9,13,1,Pix,13,0,1038.7
CUST-02400,2024-05-24,Basic,29.9,19,10,Cartão de Crédito,19,0,568.1
CUST-02401,2024-12-25,Pro,79.9,25,9,Cartão de Crédito,24,0,1917.6
CUST-02402,2025-11-13,Enterprise,249.9,4,0,Pix,5,1,1249.5
CUST-02403,2024-06-07,Pro,79.9,21,4,Pix,19,0,1518.1
CUST-02404,2025-07-09,Enterprise,249.9,11,4,Pix,19,0,4748.1
CUST-02405,2024-06-01,Basic,29.9,14,0,Cartão de Crédito,23,0,687.7
CUST-02406,2024-05-10,Pro,79.9,17,10,Cartão de Crédito,11,1,878.9
CUST-02407,2025-02-24,Pro,79.9,7,4,Pix,20,0,1598.0
CUST-02408,2025-02-04,Basic,29.9,21,4,Pix,18,0,538.2
CUST-02409,2024-06-26,Basic,29.9,22,10,Boleto,19,0,568.1
CUST-02410,2025-01-04,Pro,79.9,1,1,Pix,6,1,479.4
CUST-02411,2025-12-14,Enterprise,249.9,11,3,Pix,17,0,4248.3
CUST-02412,2025-08-09,Pro,79.9,29,3,Cartão de Crédito,17,0,1358.3
CUST-02413,2024-12-18,Pro,79.9,3,8,Cartão de Crédito,6,1,479.4
CUST-02414,2025-11-03,Pro,79.9,10,2,Pix,14,0,1118.6
CUST-02415,2025-01-16,Pro,79.9,14,7,Cartão de Crédito,19,0,1518.1
CUST-02416,2024-06-14,Pro,79.9,21,0,Pix,20,0,1598.0
CUST-02417,2025-08-07,Enterprise,249.9,3,5,Boleto,9,1,2249.1
CUST-02418,2024-08-18,Enterprise,249.9,29,10,Cartão de Crédito,5,1,1249.5
CUST-02419,2024-06-17,Basic,29.9,2,9,Cartão de Crédito,7,1,209.3
CUST-02420,2024-06-15,Basic,29.9,26,0,Cartão de Crédito,24,0,717.6
CUST-02421,2025-05-21,Pro,79.9,3,0,Boleto,11,1,878.9
CUST-02422,2025-03-21,Pro,79.9,14,2,Cartão de Crédito,19,0,1518.1
CUST-02423,2025-05-21,Enterprise,249.9,23,1,Cartão de Crédito,18,0,4498.2
CUST-02424,2025-02-03,Enterprise,249.9,22,2,Boleto,23,0,5747.7
CUST-02425,2025-09-08,Enterprise,249.9,10,6,Cartão de Crédito,18,0,4498.2
CUST-02426,2025-06-11,Basic,29.9,28,7,Pix,17,0,508.3
CUST-02427,2025-04-24,Basic,29.9,19,9,Pix,16,0,478.4
CUST-02428,2024-05-31,Basic,29.9,2,10,Pix,3,1,89.7
CUST-02429,2024-05-21,Basic,29.9,14,1,Pix,22,0,657.8
CUST-02430,2025-06-02,Basic,29.9,4,5,Pix,17,0,508.3
CUST-02431,2024-01-04,Pro,79.9,3,3,Pix,19,0,1518.1
CUST-02432,2025-11-21,Enterprise,249.9,23,5,Boleto,19,0,4748.1
CUST-02433,2025-12-17,Pro,79.9,30,1,Boleto,13,0,1038.7
CUST-02434,2024-06-22,Enterprise,249.9,8,0,Boleto,23,0,5747.7
CUST-02435,2024-06-10,Basic,29.9,23,4,Pix,23,0,687.7
CUST-02436,2025-07-04,Pro,79.9,26,6,Boleto,1,1,79.9
CUST-02437,2024-04-09,Enterprise,249.9,19,8,Boleto,6,1,1499.4
CUST-02438,2025-01-14,Enterprise,249.9,0,10,Pix,3,1,749.7
CUST-02439,2024-06-21,Enterprise,249.9,9,4,Pix,15,0,3748.5
CUST-02440,2025-10-10,Pro,79.9,22,7,Boleto,17,0,1358.3
CUST-02441,2024-10-02,Basic,29.9,25,10,Pix,16,0,478.4
CUST-02442,2025-09-28,Enterprise,249.9,29,2,Boleto,24,0,5997.6
CUST-02443,2024-12-10,Basic,29.9,9,9,Cartão de Crédito,22,0,657.8
CUST-02444,2024-01-10,Pro,79.9,19,3,Cartão de Crédito,18,0,1438.2
CUST-02445,2025-03-21,Pro,79.9,28,5,Pix,23,0,1837.7
CUST-02446,2024-09-26,Pro,79.9,29,5,Pix,7,1,559.3
CUST-02447,2025-11-28,Pro,79.9,5,7,Boleto,24,0,1917.6
CUST-02448,2024-04-29,Enterprise,249.9,26,8,Pix,21,0,5247.9
CUST-02449,2024-04-16,Basic,29.9,17,4,Boleto,16,0,478.4
CUST-02450,2025-07-09,Pro,79.9,6,10,Pix,2,1,159.8
CUST-02451,2025-03-01,Basic,29.9,26,0,Cartão de Crédito,15,0,448.5
CUST-02452,2024-07-25,Pro,79.9,5,8,Boleto,23,0,1837.7
CUST-02453,2025-08-21,Pro,79.9,21,4,Cartão de Crédito,24,0,1917.6
CUST-02454,2024-11-20,Basic,29.9,16,7,Cartão de Crédito,1,1,29.9
CUST-02455,2024-11-08,Enterprise,249.9,27,8,Pix,24,0,5997.6
CUST-02456,2025-02-18,Enterprise,249.9,11,10,Cartão de Crédito,22,0,5497.8
CUST-02457,2024-12-19,Pro,79.9,2,0,Boleto,7,1,559.3
CUST-02458,2025-11-08,Basic,29.9,12,9,Boleto,14,0,418.6
CUST-02459,2024-05-29,Basic,29.9,23,9,Cartão de Crédito,17,0,508.3
CUST-02460,2024-01-23,Enterprise,249.9,21,9,Pix,17,0,4248.3
CUST-02461,2025-06-06,Basic,29.9,23,3,Cartão de Crédito,5,1,149.5
CUST-02462,2025-12-07,Basic,29.9,24,10,Cartão de Crédito,13,0,388.7
CUST-02463,2024-10-22,Basic,29.9,1,2,Pix,11,1,328.9
CUST-02464,2025-12-30,Basic,29.9,27,2,Boleto,16,0,478.4
CUST-02465,2025-11-03,Pro,79.9,14,2,Pix,20,0,1598.0
CUST-02466,2024-12-04,Basic,29.9,19,3,Boleto,13,0,388.7
CUST-02467,2024-06-11,Enterprise,249.9,26,9,Cartão de Crédito,18,0,4498.2
CUST-02468,2025-11-30,Basic,29.9,21,10,Boleto,8,1,239.2
CUST-02469,2025-10-30,Basic,29.9,17,6,Pix,10,1,299.0
CUST-02470,2024-10-03,Basic,29.9,4,8,Pix,10,1,299.0
CUST-02471,2024-07-19,Pro,79.9,5,5,Cartão de Crédito,18,0,1438.2
CUST-02472,2025-11-14,Basic,29.9,12,7,Cartão de Crédito,7,1,209.3
CUST-02473,2024-04-25,Pro,79.9,25,3,Cartão de Crédito,21,0,1677.9
CUST-02474,2024-12-19,Basic,29.9,21,8,Cartão de Crédito,20,0,598.0
CUST-02475,2024-06-23,Basic,29.9,24,7,Cartão de Crédito,16,0,478.4
CUST-02476,2025-09-16,Basic,29.9,7,6,Boleto,6,1,179.4
CUST-02477,2024-06-24,Enterprise,249.9,12,3,Pix,10,1,2499.0
CUST-02478,2025-04-16,Basic,29.9,3,2,Boleto,13,0,388.7
CUST-02479,2025-06-09,Enterprise,249.9,25,10,Boleto,13,0,3248.7
CUST-02480,2025-04-07,Basic,29.9,22,5,Pix,17,0,508.3
CUST-02481,2025-05-24,Enterprise,249.9,6,8,Cartão de Crédito,22,0,5497.8
CUST-02482,2024-02-06,Basic,29.9,30,8,Cartão de Crédito,20,0,598.0
CUST-02483,2025-10-19,Enterprise,249.9,11,5,Cartão de Crédito,18,0,4498.2
CUST-02484,2024-10-22,Enterprise,249.9,14,2,Boleto,24,0,5997.6
CUST-02485,2024-06-03,Pro,79.9,11,1,Pix,17,0,1358.3
CUST-02486,2024-07-17,Basic,29.9,9,5,Pix,17,0,508.3
CUST-02487,2025-03-14,Enterprise,249.9,27,3,Boleto,15,0,3748.5
CUST-02488,2024-11-06,Enterprise,249.9,19,4,Boleto,19,0,4748.1
CUST-02489,2025-06-11,Pro,79.9,8,1,Cartão de Crédito,23,0,1837.7
CUST-02490,2024-07-18,Enterprise,249.9,23,6,Pix,17,0,4248.3
CUST-02491,2025-03-15,Pro,79.9,20,5,Boleto,22,0,1757.8
CUST-02492,2025-03-11,Pro,79.9,28,10,Pix,2,1,159.8
CUST-02493,2024-11-19,Pro,79.9,24,4,Cartão de Crédito,20,0,1598.0
CUST-02494,2025-10-17,Enterprise,249.9,17,1,Cartão de Crédito,20,0,4998.0
CUST-02495,2025-10-19,Enterprise,249.9,15,10,Cartão de Crédito,6,1,1499.4
CUST-02496,2025-12-10,Basic,29.9,10,0,Boleto,20,0,598.0
CUST-02497,2025-06-17,Pro,79.9,16,9,Cartão de Crédito,23,0,1837.7
CUST-02498,2025-02-04,Enterprise,249.9,8,10,Boleto,14,0,3498.6
CUST-02499,2025-11-19,Enterprise,249.9,19,6,Boleto,17,0,4248.3
CUST-02500,2024-08-30,Pro,79.9,7,8,Boleto,1,1,79.9
CUST-02501,2024-02-28,Pro,79.9,2,8,Cartão de Crédito,5,1,399.5
CUST-02502,2025-05-01,Enterprise,249.9,2,1,Pix,8,1,1999.2
CUST-02503,2024-08-09,Pro,79.9,22,6,Boleto,9,1,719.1
CUST-02504,2024-07-03,Pro,79.9,0,4,Pix,24,0,1917.6
CUST-02505,2025-11-03,Basic,29.9,20,0,Cartão de Crédito,22,0,657.8
CUST-02506,2024-03-23,Pro,79.9,3,0,Boleto,22,0,1757.8
CUST-02507,2025-03-08,Enterprise,249.9,0,6,Cartão de Crédito,13,0,3248.7
CUST-02508,2024-02-27,Pro,79.9,6,1,Cartão de Crédito,16,0,1278.4
CUST-02509,2025-04-14,Enterprise,249.9,10,1,Pix,16,0,3998.4
CUST-02510,2025-09-30,Pro,79.9,17,8,Boleto,8,1,639.2
CUST-02511,2025-11-08,Pro,79.9,27,3,Pix,16,0,1278.4
CUST-02512,2025-05-06,Basic,29.9,10,4,Cartão de Crédito,22,0,657.8
CUST-02513,2024-08-26,Pro,79.9,23,4,Cartão de Crédito,18,0,1438.2
CUST-02514,2024-06-03,Pro,79.9,16,7,Cartão de Crédito,11,1,878.9
CUST-02515,2024-07-23,Enterprise,249.9,30,9,Boleto,19,0,4748.1
CUST-02516,2025-03-18,Pro,79.9,29,8,Pix,5,1,399.5
CUST-02517,2025-12-05,Pro,79.9,16,0,Cartão de Crédito,14,0,1118.6
CUST-02518,2024-11-06,Pro,79.9,15,0,Cartão de Crédito,15,0,1198.5
CUST-02519,2025-01-01,Basic,29.9,30,4,Boleto,17,0,508.3
CUST-02520,2025-07-16,Basic,29.9,16,7,Boleto,24,0,717.6
CUST-02521,2024-10-25,Enterprise,249.9,25,1,Pix,16,0,3998.4
CUST-02522,2025-04-26,Enterprise,249.9,23,3,Pix,13,0,3248.7
CUST-02523,2025-03-30,Enterprise,249.9,19,2,Cartão de Crédito,22,0,5497.8
CUST-02524,2025-04-17,Enterprise,249.9,13,0,Cartão de Crédito,20,0,4998.0
CUST-02525,2025-04-13,Pro,79.9,7,1,Pix,13,0,1038.7
CUST-02526,2025-07-08,Enterprise,249.9,29,1,Cartão de Crédito,13,0,3248.7
CUST-02527,2024-12-22,Enterprise,249.9,5,10,Boleto,20,0,4998.0
CUST-02528,2025-04-08,Enterprise,249.9,28,3,Pix,19,0,4748.1
CUST-02529,2024-10-10,Pro,79.9,14,8,Boleto,20,0,1598.0
CUST-02530,2024-01-04,Basic,29.9,4,4,Cartão de Crédito,21,0,627.9
CUST-02531,2025-06-13,Pro,79.9,10,0,Pix,1,1,79.9
CUST-02532,2024-09-05,Basic,29.9,10,8,Boleto,19,0,568.1
CUST-02533,2024-07-01,Basic,29.9,9,6,Boleto,11,1,328.9
CUST-02534,2024-10-27,Pro,79.9,10,6,Boleto,23,0,1837.7
CUST-02535,2025-09-01,Enterprise,249.9,20,2,Boleto,24,0,5997.6
CUST-02536,2025-06-21,Pro,79.9,30,4,Boleto,13,0,1038.7
CUST-02537,2024-12-01,Basic,29.9,15,9,Boleto,23,0,687.7
CUST-02538,2025-01-04,Pro,79.9,22,8,Pix,24,0,1917.6
CUST-02539,2024-08-06,Pro,79.9,27,7,Cartão de Crédito,9,1,719.1
CUST-02540,2024-10-21,Pro,79.9,14,5,Boleto,18,0,1438.2
CUST-02541,2024-12-05,Pro,79.9,27,4,Boleto,24,0,1917.6
CUST-02542,2024-04-07,Pro,79.9,22,9,Boleto,23,0,1837.7
CUST-02543,2025-08-05,Enterprise,249.9,16,3,Boleto,14,0,3498.6
CUST-02544,2025-02-17,Enterprise,249.9,12,1,Pix,21,0,5247.9
CUST-02545,2024-02-08,Basic,29.9,10,6,Boleto,17,0,508.3
CUST-02546,2025-09-15,Pro,79.9,30,8,Boleto,15,0,1198.5
CUST-02547,2024-12-06,Enterprise,249.9,1,8,Pix,10,1,2499.0
CUST-02548,2024-01-22,Enterprise,249.9,7,9,Boleto,10,1,2499.0
CUST-02549,2025-01-08,Basic,29.9,18,1,Boleto,18,0,538.2
CUST-02550,2024-06-29,Basic,29.9,1,3,Pix,5,1,149.5
CUST-02551,2025-09-30,Basic,29.9,20,8,Pix,2,1,59.8
CUST-02552,2024-02-08,Basic,29.9,8,8,Boleto,19,0,568.1
CUST-02553,2024-02-07,Basic,29.9,18,8,Boleto,1,1,29.9
CUST-02554,2025-04-28,Enterprise,249.9,14,1,Boleto,22,0,5497.8
CUST-02555,2024-08-28,Pro,79.9,9,1,Boleto,14,0,1118.6
CUST-02556,2024-04-20,Pro,79.9,24,7,Cartão de Crédito,23,0,1837.7
CUST-02557,2025-03-10,Enterprise,249.9,16,6,Cartão de Crédito,24,0,5997.6
CUST-02558,2024-02-06,Basic,29.9,14,0,Cartão de Crédito,24,0,717.6
CUST-02559,2024-04-08,Enterprise,249.9,1,2,Cartão de Crédito,8,1,1999.2
CUST-02560,2024-12-17,Pro,79.9,12,1,Boleto,23,0,1837.7
CUST-02561,2025-06-20,Pro,79.9,21,5,Boleto,14,0,1118.6
CUST-02562,2024-08-19,Basic,29.9,26,6,Boleto,6,1,179.4
CUST-02563,2024-08-20,Pro,79.9,1,5,Pix,17,0,1358.3
CUST-02564,2025-02-19,Pro,79.9,7,4,Pix,15,0,1198.5
CUST-02565,2025-07-25,Enterprise,249.9,16,0,Pix,21,0,5247.9
CUST-02566,2024-07-12,Enterprise,249.9,1,5,Boleto,15,0,3748.5
CUST-02567,2025-09-14,Enterprise,249.9,16,9,Boleto,6,1,1499.4
CUST-02568,2025-11-27,Enterprise,249.9,24,0,Pix,22,0,5497.8
CUST-02569,2024-02-25,Basic,29.9,24,4,Boleto,18,0,538.2
CUST-02570,2024-05-06,Basic,29.9,12,10,Pix,7,1,209.3
CUST-02571,2025-10-28,Pro,79.9,16,1,Cartão de Crédito,21,0,1677.9
CUST-02572,2024-04-26,Enterprise,249.9,17,2,Pix,20,0,4998.0
CUST-02573,2025-02-05,Enterprise,249.9,15,5,Boleto,24,0,5997.6
CUST-02574,2025-02-14,Basic,29.9,4,2,Pix,21,0,627.9
CUST-02575,2024-03-12,Pro,79.9,22,9,Pix,13,0,1038.7
CUST-02576,2025-08-27,Pro,79.9,4,8,Cartão de Crédito,8,1,639.2
CUST-02577,2024-02-05,Pro,79.9,8,1,Cartão de Crédito,20,0,1598.0
CUST-02578,2024-01-11,Enterprise,249.9,15,6,Boleto,9,1,2249.1
CUST-02579,2024-04-30,Pro,79.9,5,4,Pix,14,0,1118.6
CUST-02580,2024-08-26,Basic,29.9,4,0,Boleto,17,0,508.3
CUST-02581,2025-11-28,Pro,79.9,10,0,Cartão de Crédito,21,0,1677.9
CUST-02582,2025-10-26,Enterprise,249.9,7,10,Cartão de Crédito,13,0,3248.7
CUST-02583,2025-04-15,Basic,29.9,23,10,Boleto,9,1,269.1
CUST-02584,2025-04-26,Enterprise,249.9,8,0,Boleto,17,0,4248.3
CUST-02585,2024-04-22,Basic,29.9,1,3,Pix,2,1,59.8
CUST-02586,2024-11-04,Enterprise,249.9,18,3,Cartão de Crédito,18,0,4498.2
CUST-02587,2025-05-29,Enterprise,249.9,15,6,Cartão de Crédito,5,1,1249.5
CUST-02588,2025-02-13,Enterprise,249.9,4,2,Boleto,14,0,3498.6
CUST-02589,2024-07-07,Enterprise,249.9,1,3,Boleto,15,0,3748.5
CUST-02590,2024-05-21,Enterprise,249.9,26,10,Pix,10,1,2499.0
CUST-02591,2024-12-06,Enterprise,249.9,21,3,Boleto,21,0,5247.9
CUST-02592,2024-01-04,Basic,29.9,1,7,Pix,4,1,119.6
CUST-02593,2025-07-17,Basic,29.9,7,8,Cartão de Crédito,18,0,538.2
CUST-02594,2025-05-03,Enterprise,249.9,30,2,Pix,24,0,5997.6
CUST-02595,2025-05-06,Enterprise,249.9,13,3,Cartão de Crédito,20,0,4998.0
CUST-02596,2024-05-26,Basic,29.9,30,2,Pix,18,0,538.2
CUST-02597,2025-06-25,Pro,79.9,24,3,Cartão de Crédito,22,0,1757.8
CUST-02598,2024-08-31,Basic,29.9,20,5,Pix,10,1,299.0
CUST-02599,2025-01-30,Enterprise,249.9,25,3,Pix,24,0,5997.6
CUST-02600,2025-01-02,Basic,29.9,16,8,Boleto,2,1,59.8
CUST-02601,2025-05-14,Pro,79.9,11,6,Boleto,18,0,1438.2
CUST-02602,2024-01-28,Pro,79.9,3,8,Pix,5,1,399.5
CUST-02603,2024-08-05,Pro,79.9,18,5,Pix,5,1,399.5
CUST-02604,2024-12-11,Basic,29.9,3,1,Cartão de Crédito,23,0,687.7
CUST-02605,2024-10-19,Pro,79.9,12,8,Pix,20,0,1598.0
CUST-02606,2025-11-28,Basic,29.9,1,9,Cartão de Crédito,23,0,687.7
CUST-02607,2025-12-25,Enterprise,249.9,4,9,Pix,9,1,2249.1
CUST-02608,2024-10-19,Basic,29.9,10,0,Boleto,11,1,328.9
CUST-02609,2025-08-13,Basic,29.9,22,10,Pix,2,1,59.8
CUST-02610,2025-08-01,Basic,29.9,15,2,Cartão de Crédito,6,1,179.4
CUST-02611,2024-02-28,Basic,29.9,27,10,Cartão de Crédito,19,0,568.1
CUST-02612,2025-07-02,Pro,79.9,25,2,Cartão de Crédito,14,0,1118.6
CUST-02613,2024-03-10,Basic,29.9,15,4,Pix,20,0,598.0
CUST-02614,2024-06-16,Basic,29.9,29,3,Boleto,23,0,687.7
CUST-02615,2025-04-16,Pro,79.9,0,0,Cartão de Crédito,13,0,1038.7
CUST-02616,2025-12-31,Enterprise,249.9,3,8,Cartão de Crédito,9,1,2249.1
CUST-02617,2025-11-24,Pro,79.9,2,0,Boleto,17,0,1358.3
CUST-02618,2024-06-10,Basic,29.9,16,8,Pix,11,1,328.9
CUST-02619,2025-07-22,Enterprise,249.9,5,5,Pix,24,0,5997.6
CUST-02620,2025-09-04,Basic,29.9,30,7,Boleto,11,1,328.9
CUST-02621,2024-09-10,Pro,79.9,12,5,Pix,23,0,1837.7
CUST-02622,2025-11-21,Enterprise,249.9,13,5,Boleto,17,0,4248.3
CUST-02623,2025-06-08,Enterprise,249.9,5,10,Cartão de Crédito,4,1,999.6
CUST-02624,2024-08-06,Pro,79.9,2,1,Cartão de Crédito,8,1,639.2
CUST-02625,2025-09-05,Basic,29.9,2,3,Cartão de Crédito,8,1,239.2
CUST-02626,2024-01-13,Pro,79.9,19,4,Boleto,14,0,1118.6
CUST-02627,2024-08-09,Pro,79.9,28,0,Pix,21,0,1677.9
CUST-02628,2025-02-22,Enterprise,249.9,20,5,Boleto,21,0,5247.9
CUST-02629,2024-06-09,Basic,29.9,30,7,Boleto,20,0,598.0
CUST-02630,2025-03-28,Basic,29.9,3,2,Cartão de Crédito,23,0,687.7
CUST-02631,2024-05-04,Pro,79.9,8,2,Boleto,20,0,1598.0
CUST-02632,2024-05-03,Basic,29.9,30,4,Pix,23,0,687.7
CUST-02633,2024-10-23,Basic,29.9,22,7,Cartão de Crédito,21,0,627.9
CUST-02634,2024-02-16,Enterprise,249.9,28,0,Cartão de Crédito,15,0,3748.5
CUST-02635,2024-04-29,Enterprise,249.9,7,0,Cartão de Crédito,14,0,3498.6
CUST-02636,2024-11-18,Pro,79.9,11,10,Pix,21,0,1677.9
CUST-02637,2024-02-29,Basic,29.9,11,4,Boleto,16,0,478.4
CUST-02638,2025-09-04,Pro,79.9,23,10,Cartão de Crédito,20,0,1598.0
CUST-02639,2024-06-01,Basic,29.9,10,1,Cartão de Crédito,20,0,598.0
CUST-02640,2025-02-09,Pro,79.9,13,0,Pix,23,0,1837.7
CUST-02641,2025-10-15,Enterprise,249.9,28,8,Cartão de Crédito,20,0,4998.0
CUST-02642,2025-03-01,Pro,79.9,2,3,Pix,17,0,1358.3
CUST-02643,2024-09-11,Basic,29.9,28,2,Pix,24,0,717.6
CUST-02644,2025-04-01,Pro,79.9,0,10,Cartão de Crédito,8,1,639.2
CUST-02645,2025-10-28,Pro,79.9,27,8,Cartão de Crédito,16,0,1278.4
CUST-02646,2025-07-17,Basic,29.9,6,8,Pix,9,1,269.1
CUST-02647,2024-02-27,Basic,29.9,22,2,Boleto,10,1,299.0
CUST-02648,2025-09-25,Basic,29.9,8,10,Cartão de Crédito,13,0,388.7
CUST-02649,2024-02-22,Basic,29.9,15,5,Cartão de Crédito,5,1,149.5
CUST-02650,2025-07-27,Basic,29.9,6,10,Boleto,21,0,627.9
CUST-02651,2024-04-21,Enterprise,249.9,29,0,Pix,23,0,5747.7
CUST-02652,2025-06-13,Pro,79.9,7,3,Cartão de Crédito,4,1,319.6
CUST-02653,2024-03-10,Pro,79.9,15,6,Cartão de Crédito,5,1,399.5
CUST-02654,2024-08-06,Pro,79.9,8,3,Cartão de Crédito,21,0,1677.9
CUST-02655,2024-08-04,Pro,79.9,1,9,Pix,10,1,799.0
CUST-02656,2025-01-30,Pro,79.9,3,8,Boleto,1,1,79.9
CUST-02657,2025-08-12,Enterprise,249.9,3,9,Cartão de Crédito,2,1,499.8
CUST-02658,2025-01-31,Pro,79.9,19,5,Boleto,24,0,1917.6
CUST-02659,2025-07-02,Basic,29.9,8,4,Boleto,19,0,568.1
CUST-02660,2024-04-11,Basic,29.9,17,6,Boleto,14,0,418.6
CUST-02661,2025-07-07,Basic,29.9,2,7,Cartão de Crédito,6,1,179.4
CUST-02662,2024-02-17,Pro,79.9,2,5,Cartão de Crédito,9,1,719.1
CUST-02663,2024-07-15,Enterprise,249.9,0,3,Boleto,18,0,4498.2
CUST-02664,2024-02-17,Enterprise,249.9,4,4,Pix,5,1,1249.5
CUST-02665,2025-09-10,Pro,79.9,7,0,Cartão de Crédito,21,0,1677.9
CUST-02666,2024-11-09,Basic,29.9,11,0,Cartão de Crédito,13,0,388.7
CUST-02667,2024-05-31,Enterprise,249.9,25,1,Pix,20,0,4998.0
CUST-02668,2025-12-06,Pro,79.9,25,1,Boleto,18,0,1438.2
CUST-02669,2025-12-08,Basic,29.9,0,3,Cartão de Crédito,15,0,448.5
CUST-02670,2025-10-22,Enterprise,249.9,6,1,Pix,21,0,5247.9
CUST-02671,2024-01-22,Enterprise,249.9,20,10,Cartão de Crédito,9,1,2249.1
CUST-02672,2025-09-22,Basic,29.9,26,1,Pix,18,0,538.2
CUST-02673,2024-02-23,Basic,29.9,28,5,Cartão de Crédito,17,0,508.3
CUST-02674,2025-05-09,Pro,79.9,14,9,Cartão de Crédito,15,0,1198.5
CUST-02675,2024-02-01,Basic,29.9,24,5,Pix,17,0,508.3
CUST-02676,2024-02-05,Enterprise,249.9,7,2,Boleto,19,0,4748.1
CUST-02677,2024-07-13,Basic,29.9,19,7,Pix,2,1,59.8
CUST-02678,2025-08-20,Basic,29.9,19,10,Pix,13,0,388.7
CUST-02679,2025-12-08,Enterprise,249.9,7,8,Pix,23,0,5747.7
CUST-02680,2025-09-28,Basic,29.9,24,9,Cartão de Crédito,24,0,717.6
CUST-02681,2024-06-14,Enterprise,249.9,20,0,Pix,23,0,5747.7
CUST-02682,2024-02-19,Enterprise,249.9,16,6,Pix,20,0,4998.0
CUST-02683,2025-09-23,Enterprise,249.9,15,2,Pix,20,0,4998.0
CUST-02684,2025-09-02,Enterprise,249.9,20,10,Boleto,4,1,999.6
CUST-02685,2024-04-16,Enterprise,249.9,29,9,Pix,24,0,5997.6
CUST-02686,2025-10-16,Pro,79.9,9,6,Boleto,14,0,1118.6
CUST-02687,2025-11-14,Pro,79.9,21,4,Pix,18,0,1438.2
CUST-02688,2024-12-13,Pro,79.9,2,7,Pix,7,1,559.3
CUST-02689,2024-01-25,Pro,79.9,2,7,Pix,12,1,958.8
CUST-02690,2025-07-05,Enterprise,249.9,30,7,Pix,1,1,249.9
CUST-02691,2024-04-03,Pro,79.9,5,7,Boleto,14,0,1118.6
CUST-02692,2024-07-31,Pro,79.9,8,1,Pix,22,0,1757.8
CUST-02693,2024-03-03,Pro,79.9,28,9,Cartão de Crédito,16,0,1278.4
CUST-02694,2024-04-09,Basic,29.9,18,6,Cartão de Crédito,14,0,418.6
CUST-02695,2025-05-10,Basic,29.9,18,10,Pix,4,1,119.6
CUST-02696,2024-10-22,Pro,79.9,14,6,Cartão de Crédito,23,0,1837.7
CUST-02697,2024-05-26,Pro,79.9,13,5,Cartão de Crédito,21,0,1677.9
CUST-02698,2024-10-02,Pro,79.9,21,2,Cartão de Crédito,20,0,1598.0
CUST-02699,2024-11-04,Pro,79.9,12,3,Pix,20,0,1598.0
CUST-02700,2025-03-31,Basic,29.9,4,2,Boleto,11,1,328.9
CUST-02701,2025-04-16,Basic,29.9,15,5,Pix,17,0,508.3
CUST-02702,2025-11-09,Pro,79.9,5,5,Cartão de Crédito,15,0,1198.5
CUST-02703,2024-05-24,Pro,79.9,29,5,Cartão de Crédito,6,1,479.4
CUST-02704,2025-02-15,Pro,79.9,14,9,Boleto,8,1,639.2
CUST-02705,2024-06-13,Basic,29.9,25,5,Pix,22,0,657.8
CUST-02706,2024-11-30,Pro,79.9,25,10,Cartão de Crédito,13,0,1038.7
CUST-02707,2025-07-03,Enterprise,249.9,27,2,Cartão de Crédito,24,0,5997.6
CUST-02708,2025-11-07,Pro,79.9,4,4,Cartão de Crédito,18,0,1438.2
CUST-02709,2025-03-01,Basic,29.9,30,1,Pix,17,0,508.3
CUST-02710,2025-02-09,Pro,79.9,26,9,Cartão de Crédito,21,0,1677.9
CUST-02711,2024-07-25,Basic,29.9,10,3,Pix,16,0,478.4
CUST-02712,2024-10-16,Pro,79.9,10,2,Boleto,7,1,559.3
CUST-02713,2025-04-07,Basic,29.9,3,7,Pix,19,0,568.1
CUST-02714,2024-12-06,Pro,79.9,4,0,Pix,20,0,1598.0
CUST-02715,2024-12-19,Enterprise,249.9,23,10,Cartão de Crédito,12,1,2998.8
CUST-02716,2025-11-10,Basic,29.9,2,3,Boleto,14,0,418.6
CUST-02717,2025-09-19,Basic,29.9,23,4,Boleto,16,0,478.4
CUST-02718,2024-05-23,Pro,79.9,26,1,Cartão de Crédito,13,0,1038.7
CUST-02719,2025-02-22,Basic,29.9,27,0,Cartão de Crédito,19,0,568.1
CUST-02720,2025-12-02,Pro,79.9,13,6,Cartão de Crédito,23,0,1837.7
CUST-02721,2024-08-27,Pro,79.9,23,6,Cartão de Crédito,22,0,1757.8
CUST-02722,2024-03-15,Pro,79.9,23,5,Pix,16,0,1278.4
CUST-02723,2024-07-07,Pro,79.9,29,9,Pix,20,0,1598.0
CUST-02724,2025-08-17,Pro,79.9,9,7,Boleto,23,0,1837.7
CUST-02725,2024-01-01,Basic,29.9,20,2,Cartão de Crédito,19,0,568.1
CUST-02726,2025-12-25,Basic,29.9,27,4,Boleto,12,1,358.8
CUST-02727,2024-02-23,Pro,79.9,10,10,Cartão de Crédito,4,1,319.6
CUST-02728,2024-06-11,Enterprise,249.9,0,8,Boleto,19,0,4748.1
CUST-02729,2025-01-30,Basic,29.9,10,9,Pix,11,1,328.9
CUST-02730,2025-05-19,Basic,29.9,18,1,Pix,18,0,538.2
CUST-02731,2025-12-29,Pro,79.9,9,3,Pix,13,0,1038.7
CUST-02732,2025-04-18,Basic,29.9,27,6,Cartão de Crédito,22,0,657.8
CUST-02733,2025-10-18,Enterprise,249.9,16,9,Cartão de Crédito,16,0,3998.4
CUST-02734,2025-07-16,Pro,79.9,9,9,Boleto,2,1,159.8
CUST-02735,2024-12-21,Basic,29.9,7,2,Boleto,20,0,598.0
CUST-02736,2025-04-10,Basic,29.9,30,0,Pix,17,0,508.3
CUST-02737,2024-12-26,Basic,29.9,18,3,Boleto,23,0,687.7
CUST-02738,2025-12-01,Basic,29.9,2,1,Cartão de Crédito,24,0,717.6
CUST-02739,2024-03-20,Pro,79.9,25,0,Cartão de Crédito,16,0,1278.4
CUST-02740,2024-05-01,Enterprise,249.9,7,6,Pix,23,0,5747.7
CUST-02741,2024-08-01,Pro,79.9,6,2,Pix,21,0,1677.9
CUST-02742,2024-03-12,Basic,29.9,0,5,Pix,18,0,538.2
CUST-02743,2025-04-24,Basic,29.9,27,3,Boleto,24,0,717.6
CUST-02744,2025-09-25,Pro,79.9,30,5,Cartão de Crédito,20,0,1598.0
CUST-02745,2024-04-26,Pro,79.9,30,1,Pix,14,0,1118.6
CUST-02746,2025-08-26,Pro,79.9,12,0,Cartão de Crédito,13,0,1038.7
CUST-02747,2024-05-26,Basic,29.9,5,5,Cartão de Crédito,19,0,568.1
CUST-02748,2025-06-09,Pro,79.9,19,8,Boleto,21,0,1677.9
CUST-02749,2024-07-30,Enterprise,249.9,26,5,Cartão de Crédito,19,0,4748.1
CUST-02750,2024-12-07,Pro,79.9,11,0,Cartão de Crédito,13,0,1038.7
CUST-02751,2025-05-27,Pro,79.9,18,5,Pix,13,0,1038.7
CUST-02752,2025-12-12,Basic,29.9,12,1,Pix,19,0,568.1
CUST-02753,2024-05-25,Basic,29.9,10,9,Cartão de Crédito,4,1,119.6
CUST-02754,2024-10-24,Pro,79.9,2,1,Cartão de Crédito,13,0,1038.7
CUST-02755,2024-04-12,Basic,29.9,19,8,Cartão de Crédito,13,0,388.7
CUST-02756,2024-07-17,Basic,29.9,21,7,Pix,19,0,568.1
CUST-02757,2024-05-23,Basic,29.9,19,1,Pix,19,0,568.1
CUST-02758,2025-11-04,Pro,79.9,17,5,Boleto,24,0,1917.6
CUST-02759,2024-08-16,Pro,79.9,1,3,Cartão de Crédito,18,0,1438.2
CUST-02760,2024-01-25,Enterprise,249.9,13,9,Cartão de Crédito,8,1,1999.2
CUST-02761,2024-04-15,Pro,79.9,20,3,Cartão de Crédito,20,0,1598.0
CUST-02762,2024-09-22,Enterprise,249.9,27,9,Cartão de Crédito,19,0,4748.1
CUST-02763,2024-10-20,Basic,29.9,27,5,Pix,13,0,388.7
CUST-02764,2025-03-09,Pro,79.9,29,5,Cartão de Crédito,24,0,1917.6
CUST-02765,2024-02-28,Enterprise,249.9,3,4,Pix,3,1,749.7
CUST-02766,2024-03-03,Enterprise,249.9,17,6,Cartão de Crédito,5,1,1249.5
CUST-02767,2025-03-26,Enterprise,249.9,4,8,Pix,1,1,249.9
CUST-02768,2025-08-12,Pro,79.9,15,2,Cartão de Crédito,18,0,1438.2
CUST-02769,2024-12-09,Enterprise,249.9,12,8,Cartão de Crédito,20,0,4998.0
CUST-02770,2025-01-25,Pro,79.9,13,6,Pix,5,1,399.5
CUST-02771,2025-09-20,Basic,29.9,9,9,Boleto,24,0,717.6
CUST-02772,2024-12-16,Pro,79.9,15,9,Boleto,3,1,239.7
CUST-02773,2024-06-04,Basic,29.9,27,4,Pix,16,0,478.4
CUST-02774,2024-12-18,Pro,79.9,1,9,Boleto,9,1,719.1
CUST-02775,2025-09-23,Enterprise,249.9,12,5,Pix,23,0,5747.7
CUST-02776,2025-06-03,Enterprise,249.9,26,10,Cartão de Crédito,11,1,2748.9
CUST-02777,2025-08-26,Pro,79.9,19,0,Pix,19,0,1518.1
CUST-02778,2025-10-26,Basic,29.9,21,9,Cartão de Crédito,3,1,89.7
CUST-02779,2024-08-17,Pro,79.9,21,1,Pix,24,0,1917.6
CUST-02780,2025-07-04,Pro,79.9,30,0,Boleto,11,1,878.9
CUST-02781,2025-11-05,Enterprise,249.9,10,10,Pix,11,1,2748.9
CUST-02782,2024-09-04,Enterprise,249.9,28,2,Cartão de Crédito,23,0,5747.7
CUST-02783,2025-10-21,Basic,29.9,11,0,Pix,16,0,478.4
CUST-02784,2024-08-12,Basic,29.9,8,3,Cartão de Crédito,17,0,508.3
CUST-02785,2025-10-17,Basic,29.9,1,6,Pix,3,1,89.7
CUST-02786,2024-02-03,Enterprise,249.9,10,9,Boleto,17,0,4248.3
CUST-02787,2025-10-09,Enterprise,249.9,23,9,Boleto,4,1,999.6
CUST-02788,2025-09-30,Basic,29.9,29,7,Pix,21,0,627.9
CUST-02789,2025-06-04,Pro,79.9,20,6,Pix,20,0,1598.0
CUST-02790,2025-10-07,Pro,79.9,23,4,Pix,20,0,1598.0
CUST-02791,2025-05-20,Basic,29.9,7,2,Cartão de Crédito,16,0,478.4
CUST-02792,2025-11-24,Enterprise,249.9,8,3,Boleto,14,0,3498.6
CUST-02793,2024-07-14,Pro,79.9,19,10,Boleto,8,1,639.2
CUST-02794,2025-06-19,Basic,29.9,15,2,Boleto,15,0,448.5
CUST-02795,2024-05-09,Enterprise,249.9,19,8,Pix,22,0,5497.8
CUST-02796,2024-08-13,Basic,29.9,4,5,Boleto,17,0,508.3
CUST-02797,2025-07-17,Enterprise,249.9,12,9,Cartão de Crédito,13,0,3248.7
CUST-02798,2024-09-03,Pro,79.9,15,0,Pix,16,0,1278.4
CUST-02799,2025-05-22,Basic,29.9,28,4,Cartão de Crédito,23,0,687.7
CUST-02800,2024-02-28,Enterprise,249.9,29,9,Pix,10,1,2499.0
CUST-02801,2025-08-27,Enterprise,249.9,13,6,Pix,12,1,2998.8
CUST-02802,2025-05-04,Pro,79.9,12,8,Boleto,4,1,319.6
CUST-02803,2024-12-09,Enterprise,249.9,4,3,Pix,11,1,2748.9
CUST-02804,2024-06-20,Basic,29.9,1,5,Pix,24,0,717.6
CUST-02805,2024-04-13,Basic,29.9,1,1,Cartão de Crédito,23,0,687.7
CUST-02806,2025-11-23,Pro,79.9,26,10,Pix,21,0,1677.9
CUST-02807,2025-07-09,Basic,29.9,7,4,Pix,14,0,418.6
CUST-02808,2024-09-07,Pro,79.9,22,0,Cartão de Crédito,24,0,1917.6
CUST-02809,2025-02-05,Enterprise,249.9,2,8,Boleto,22,0,5497.8
CUST-02810,2025-10-24,Pro,79.9,30,8,Boleto,23,0,1837.7
CUST-02811,2025-06-05,Basic,29.9,15,9,Pix,8,1,239.2
CUST-02812,2024-11-06,Enterprise,249.9,17,4,Cartão de Crédito,13,0,3248.7
CUST-02813,2024-03-23,Enterprise,249.9,10,7,Boleto,15,0,3748.5
CUST-02814,2025-05-27,Enterprise,249.9,26,9,Pix,19,0,4748.1
CUST-02815,2025-03-11,Basic,29.9,11,10,Pix,10,1,299.0
CUST-02816,2024-06-03,Basic,29.9,27,2,Cartão de Crédito,20,0,598.0
CUST-02817,2025-12-30,Basic,29.9,12,2,Cartão de Crédito,11,1,328.9
CUST-02818,2024-08-30,Enterprise,249.9,25,5,Boleto,21,0,5247.9
CUST-02819,2024-03-07,Pro,79.9,13,3,Cartão de Crédito,17,0,1358.3
CUST-02820,2025-01-28,Enterprise,249.9,12,4,Cartão de Crédito,21,0,5247.9
CUST-02821,2024-08-11,Enterprise,249.9,29,1,Cartão de Crédito,21,0,5247.9
CUST-02822,2025-05-08,Pro,79.9,30,3,Cartão de Crédito,14,0,1118.6
CUST-02823,2024-06-21,Pro,79.9,30,4,Pix,24,0,1917.6
CUST-02824,2025-06-02,Enterprise,249.9,17,2,Pix,13,0,3248.7
CUST-02825,2024-06-01,Basic,29.9,2,6,Pix,7,1,209.3
CUST-02826,2024-03-16,Enterprise,249.9,9,5,Boleto,21,0,5247.9
CUST-02827,2024-10-07,Pro,79.9,9,9,Pix,14,0,1118.6
CUST-02828,2025-07-19,Pro,79.9,12,4,Boleto,16,0,1278.4
CUST-02829,2025-03-15,Basic,29.9,26,4,Pix,20,0,598.0
CUST-02830,2025-06-29,Enterprise,249.9,29,9,Pix,20,0,4998.0
CUST-02831,2024-02-09,Basic,29.9,27,7,Cartão de Crédito,24,0,717.6
CUST-02832,2024-12-11,Basic,29.9,15,8,Boleto,24,0,717.6
CUST-02833,2025-08-14,Enterprise,249.9,7,9,Cartão de Crédito,7,1,1749.3
CUST-02834,2024-09-15,Basic,29.9,7,4,Cartão de Crédito,24,0,717.6
CUST-02835,2024-09-08,Enterprise,249.9,29,9,Boleto,22,0,5497.8
CUST-02836,2025-08-21,Enterprise,249.9,25,2,Cartão de Crédito,19,0,4748.1
CUST-02837,2024-10-05,Basic,29.9,26,5,Cartão de Crédito,6,1,179.4
CUST-02838,2024-02-06,Pro,79.9,5,4,Boleto,24,0,1917.6
CUST-02839,2024-04-14,Basic,29.9,20,10,Cartão de Crédito,14,0,418.6
CUST-02840,2024-06-20,Pro,79.9,6,6,Boleto,19,0,1518.1
CUST-02841,2024-12-22,Basic,29.9,12,7,Boleto,15,0,448.5
CUST-02842,2024-01-31,Enterprise,249.9,8,5,Cartão de Crédito,20,0,4998.0
CUST-02843,2024-01-29,Enterprise,249.9,8,7,Cartão de Crédito,2,1,499.8
CUST-02844,2025-12-04,Basic,29.9,16,1,Boleto,13,0,388.7
CUST-02845,2025-11-27,Pro,79.9,3,10,Pix,5,1,399.5
CUST-02846,2024-06-12,Enterprise,249.9,0,10,Boleto,10,1,2499.0
CUST-02847,2024-12-09,Enterprise,249.9,23,0,Cartão de Crédito,17,0,4248.3
CUST-02848,2024-03-25,Pro,79.9,13,4,Boleto,16,0,1278.4
CUST-02849,2024-11-23,Enterprise,249.9,28,3,Cartão de Crédito,21,0,5247.9
CUST-02850,2025-10-03,Enterprise,249.9,9,7,Pix,10,1,2499.0
CUST-02851,2024-07-06,Pro,79.9,26,6,Cartão de Crédito,19,0,1518.1
CUST-02852,2024-03-20,Basic,29.9,8,8,Cartão de Crédito,20,0,598.0
CUST-02853,2024-01-07,Basic,29.9,0,6,Cartão de Crédito,10,1,299.0
CUST-02854,2024-03-17,Enterprise,249.9,29,10,Cartão de Crédito,17,0,4248.3
CUST-02855,2025-11-12,Pro,79.9,13,4,Cartão de Crédito,13,0,1038.7
CUST-02856,2025-09-21,Enterprise,249.9,13,3,Cartão de Crédito,16,0,3998.4
CUST-02857,2025-05-18,Enterprise,249.9,18,0,Cartão de Crédito,22,0,5497.8
CUST-02858,2025-10-06,Enterprise,249.9,26,2,Cartão de Crédito,2,1,499.8
CUST-02859,2024-06-01,Basic,29.9,10,10,Pix,12,1,358.8
CUST-02860,2024-10-31,Basic,29.9,8,1,Cartão de Crédito,13,0,388.7
CUST-02861,2024-07-11,Enterprise,249.9,13,9,Pix,16,0,3998.4
CUST-02862,2025-07-19,Basic,29.9,27,8,Boleto,16,0,478.4
CUST-02863,2025-11-20,Pro,79.9,26,6,Cartão de Crédito,24,0,1917.6
CUST-02864,2024-11-26,Basic,29.9,3,8,Pix,1,1,29.9
CUST-02865,2024-12-30,Basic,29.9,17,3,Cartão de Crédito,17,0,508.3
CUST-02866,2024-02-29,Enterprise,249.9,5,10,Boleto,11,1,2748.9
CUST-02867,2025-02-13,Enterprise,249.9,5,4,Boleto,19,0,4748.1
CUST-02868,2025-11-25,Basic,29.9,29,9,Pix,3,1,89.7
CUST-02869,2024-01-23,Enterprise,249.9,4,2,Pix,21,0,5247.9
CUST-02870,2024-09-18,Pro,79.9,30,4,Boleto,24,0,1917.6
CUST-02871,2024-06-13,Enterprise,249.9,11,10,Pix,12,1,2998.8
CUST-02872,2024-05-25,Pro,79.9,23,4,Cartão de Crédito,17,0,1358.3
CUST-02873,2025-12-09,Basic,29.9,17,0,Pix,20,0,598.0
CUST-02874,2024-12-16,Enterprise,249.9,28,7,Cartão de Crédito,14,0,3498.6
CUST-02875,2024-05-11,Pro,79.9,19,4,Pix,19,0,1518.1
CUST-02876,2025-04-11,Basic,29.9,6,5,Cartão de Crédito,15,0,448.5
CUST-02877,2025-12-15,Enterprise,249.9,1,1,Pix,24,0,5997.6
CUST-02878,2025-06-27,Basic,29.9,22,1,Cartão de Crédito,20,0,598.0
CUST-02879,2024-10-17,Pro,79.9,18,2,Boleto,13,0,1038.7
CUST-02880,2024-11-15,Basic,29.9,5,9,Cartão de Crédito,22,0,657.8
CUST-02881,2024-01-02,Enterprise,249.9,30,7,Pix,4,1,999.6
CUST-02882,2025-08-15,Enterprise,249.9,19,6,Pix,24,0,5997.6
CUST-02883,2024-06-05,Pro,79.9,27,10,Cartão de Crédito,18,0,1438.2
CUST-02884,2025-12-01,Pro,79.9,25,4,Boleto,19,0,1518.1
CUST-02885,2024-01-16,Enterprise,249.9,13,3,Cartão de Crédito,23,0,5747.7
CUST-02886,2025-05-08,Enterprise,249.9,28,4,Boleto,19,0,4748.1
CUST-02887,2025-01-12,Enterprise,249.9,29,8,Boleto,14,0,3498.6
CUST-02888,2025-07-30,Basic,29.9,10,10,Boleto,22,0,657.8
CUST-02889,2025-05-03,Pro,79.9,0,6,Boleto,7,1,559.3
CUST-02890,2024-10-23,Basic,29.9,3,10,Boleto,2,1,59.8
CUST-02891,2025-10-03,Basic,29.9,1,7,Boleto,12,1,358.8
CUST-02892,2024-12-17,Enterprise,249.9,17,9,Boleto,21,0,5247.9
CUST-02893,2024-08-05,Basic,29.9,27,7,Boleto,7,1,209.3
CUST-02894,2024-04-24,Basic,29.9,2,2,Cartão de Crédito,9,1,269.1
CUST-02895,2025-08-05,Enterprise,249.9,14,1,Pix,18,0,4498.2
CUST-02896,2025-06-20,Basic,29.9,8,6,Boleto,3,1,89.7
CUST-02897,2024-05-21,Pro,79.9,3,10,Boleto,11,1,878.9
CUST-02898,2025-11-17,Pro,79.9,18,8,Cartão de Crédito,11,1,878.9
CUST-02899,2024-10-02,Basic,29.9,1,3,Boleto,9,1,269.1
CUST-02900,2024-09-04,Basic,29.9,5,4,Pix,13,0,388.7
CUST-02901,2024-11-06,Enterprise,249.9,8,9,Cartão de Crédito,4,1,999.6
CUST-02902,2024-01-11,Pro,79.9,2,1,Boleto,19,0,1518.1
CUST-02903,2024-08-13,Pro,79.9,3,8,Boleto,11,1,878.9
CUST-02904,2025-10-19,Basic,29.9,11,4,Pix,17,0,508.3
CUST-02905,2025-02-04,Enterprise,249.9,9,9,Boleto,16,0,3998.4
CUST-02906,2024-08-21,Basic,29.9,3,4,Cartão de Crédito,3,1,89.7
CUST-02907,2024-06-03,Basic,29.9,3,6,Cartão de Crédito,2,1,59.8
CUST-02908,2025-12-01,Enterprise,249.9,8,9,Pix,13,0,3248.7
CUST-02909,2024-03-18,Enterprise,249.9,10,8,Cartão de Crédito,6,1,1499.4
CUST-02910,2024-11-20,Enterprise,249.9,23,9,Pix,22,0,5497.8
CUST-02911,2025-01-16,Enterprise,249.9,9,5,Pix,14,0,3498.6
CUST-02912,2025-05-29,Enterprise,249.9,11,2,Boleto,19,0,4748.1
CUST-02913,2025-01-01,Basic,29.9,7,7,Pix,7,1,209.3
CUST-02914,2025-06-20,Basic,29.9,20,6,Cartão de Crédito,6,1,179.4
CUST-02915,2025-02-28,Pro,79.9,8,5,Cartão de Crédito,24,0,1917.6
CUST-02916,2024-07-01,Basic,29.9,6,0,Boleto,19,0,568.1
CUST-02917,2025-03-18,Pro,79.9,0,10,Cartão de Crédito,10,1,799.0
CUST-02918,2024-10-21,Pro,79.9,3,1,Cartão de Crédito,21,0,1677.9
CUST-02919,2024-02-13,Basic,29.9,30,5,Pix,18,0,538.2
CUST-02920,2024-05-19,Enterprise,249.9,0,8,Cartão de Crédito,11,1,2748.9
CUST-02921,2025-03-06,Pro,79.9,26,5,Pix,19,0,1518.1
CUST-02922,2024-05-28,Basic,29.9,25,7,Pix,23,0,687.7
CUST-02923,2025-05-10,Basic,29.9,28,1,Cartão de Crédito,13,0,388.7
CUST-02924,2025-02-22,Pro,79.9,15,6,Cartão de Crédito,8,1,639.2
CUST-02925,2024-01-15,Pro,79.9,4,7,Pix,11,1,878.9
CUST-02926,2025-02-04,Basic,29.9,24,7,Boleto,13,0,388.7
CUST-02927,2025-08-13,Basic,29.9,15,8,Boleto,13,0,388.7
CUST-02928,2025-03-07,Pro,79.9,16,10,Pix,12,1,958.8
CUST-02929,2024-08-24,Basic,29.9,17,2,Pix,20,0,598.0
CUST-02930,2024-04-29,Enterprise,249.9,12,1,Cartão de Crédito,1,1,249.9
CUST-02931,2025-03-12,Enterprise,249.9,6,5,Boleto,4,1,999.6
CUST-02932,2025-02-05,Basic,29.9,5,4,Cartão de Crédito,17,0,508.3
CUST-02933,2025-01-22,Basic,29.9,12,6,Pix,12,1,358.8
CUST-02934,2025-05-08,Basic,29.9,10,2,Boleto,16,0,478.4
CUST-02935,2024-02-20,Basic,29.9,19,5,Pix,9,1,269.1
CUST-02936,2024-03-29,Basic,29.9,29,7,Boleto,20,0,598.0
CUST-02937,2025-01-22,Pro,79.9,4,3,Pix,15,0,1198.5
CUST-02938,2025-01-29,Enterprise,249.9,6,4,Boleto,20,0,4998.0
CUST-02939,2024-12-09,Pro,79.9,25,2,Pix,24,0,1917.6
CUST-02940,2025-11-14,Enterprise,249.9,27,0,Pix,20,0,4998.0
CUST-02941,2024-08-01,Basic,29.9,10,10,Cartão de Crédito,2,1,59.8
CUST-02942,2024-03-17,Enterprise,249.9,5,1,Cartão de Crédito,14,0,3498.6
CUST-02943,2024-07-11,Enterprise,249.9,29,8,Boleto,5,1,1249.5
CUST-02944,2024-11-21,Basic,29.9,23,4,Cartão de Crédito,8,1,239.2
CUST-02945,2025-08-16,Enterprise,249.9,29,1,Pix,21,0,5247.9
CUST-02946,2024-06-24,Pro,79.9,20,8,Boleto,5,1,399.5
CUST-02947,2024-07-14,Enterprise,249.9,24,6,Cartão de Crédito,14,0,3498.6
CUST-02948,2025-03-30,Pro,79.9,30,1,Pix,18,0,1438.2
CUST-02949,2024-10-09,Enterprise,249.9,28,0,Boleto,19,0,4748.1
CUST-02950,2024-11-26,Basic,29.9,30,4,Boleto,17,0,508.3
CUST-02951,2025-02-12,Enterprise,249.9,14,0,Cartão de Crédito,20,0,4998.0
CUST-02952,2025-04-17,Enterprise,249.9,6,7,Boleto,8,1,1999.2
CUST-02953,2025-02-10,Pro,79.9,24,9,Cartão de Crédito,4,1,319.6
CUST-02954,2025-02-13,Pro,79.9,28,2,Boleto,16,0,1278.4
CUST-02955,2025-09-22,Enterprise,249.9,11,0,Cartão de Crédito,20,0,4998.0
CUST-02956,2025-08-12,Pro,79.9,25,1,Pix,20,0,1598.0
CUST-02957,2024-04-23,Basic,29.9,20,9,Pix,21,0,627.9
CUST-02958,2024-12-08,Basic,29.9,7,0,Cartão de Crédito,20,0,598.0
CUST-02959,2025-01-14,Pro,79.9,0,2,Boleto,1,1,79.9
CUST-02960,2025-02-16,Pro,79.9,23,8,Pix,16,0,1278.4
CUST-02961,2024-12-30,Basic,29.9,21,6,Boleto,23,0,687.7
CUST-02962,2024-12-05,Basic,29.9,15,0,Cartão de Crédito,22,0,657.8
CUST-02963,2024-06-29,Enterprise,249.9,16,10,Pix,20,0,4998.0
CUST-02964,2025-05-07,Basic,29.9,11,4,Cartão de Crédito,17,0,508.3
CUST-02965,2024-08-03,Basic,29.9,15,10,Cartão de Crédito,15,0,448.5
CUST-02966,2025-08-19,Basic,29.9,1,5,Pix,5,1,149.5
CUST-02967,2025-05-30,Pro,79.9,12,1,Cartão de Crédito,22,0,1757.8
CUST-02968,2025-11-22,Pro,79.9,29,6,Cartão de Crédito,11,1,878.9
CUST-02969,2024-03-20,Basic,29.9,30,1,Boleto,20,0,598.0
CUST-02970,2024-09-16,Basic,29.9,16,10,Boleto,7,1,209.3
CUST-02971,2025-12-26,Pro,79.9,18,9,Cartão de Crédito,4,1,319.6
CUST-02972,2025-12-22,Basic,29.9,12,2,Cartão de Crédito,20,0,598.0
CUST-02973,2024-08-30,Basic,29.9,20,9,Cartão de Crédito,1,1,29.9
CUST-02974,2024-09-12,Basic,29.9,16,10,Cartão de Crédito,18,0,538.2
CUST-02975,2024-03-11,Pro,79.9,23,8,Pix,22,0,1757.8
CUST-02976,2024-04-09,Basic,29.9,8,8,Boleto,22,0,657.8
CUST-02977,2025-10-11,Enterprise,249.9,22,6,Pix,19,0,4748.1
CUST-02978,2024-02-14,Pro,79.9,30,2,Pix,10,1,799.0
CUST-02979,2024-06-22,Basic,29.9,24,7,Cartão de Crédito,8,1,239.2
CUST-02980,2024-07-15,Enterprise,249.9,15,8,Cartão de Crédito,17,0,4248.3
CUST-02981,2024-03-21,Enterprise,249.9,7,7,Cartão de Crédito,23,0,5747.7
CUST-02982,2025-01-28,Basic,29.9,26,0,Boleto,11,1,328.9
CUST-02983,2024-10-09,Pro,79.9,21,7,Boleto,5,1,399.5
CUST-02984,2024-07-24,Pro,79.9,25,3,Boleto,20,0,1598.0
CUST-02985,2025-03-02,Pro,79.9,11,1,Boleto,21,0,1677.9
CUST-02986,2024-03-07,Enterprise,249.9,18,7,Pix,13,0,3248.7
CUST-02987,2024-04-03,Pro,79.9,11,1,Pix,22,0,1757.8
CUST-02988,2024-12-19,Enterprise,249.9,27,10,Cartão de Crédito,19,0,4748.1
CUST-02989,2024-06-26,Basic,29.9,5,5,Boleto,17,0,508.3
CUST-02990,2025-12-10,Enterprise,249.9,9,8,Cartão de Crédito,5,1,1249.5
CUST-02991,2025-04-30,Basic,29.9,24,1,Pix,13,0,388.7
CUST-02992,2024-04-19,Basic,29.9,29,8,Cartão de Crédito,17,0,508.3
CUST-02993,2024-02-06,Pro,79.9,23,1,Pix,20,0,1598.0
CUST-02994,2025-09-15,Basic,29.9,26,6,Cartão de Crédito,18,0,538.2
CUST-02995,2025-07-16,Basic,29.9,11,6,Cartão de Crédito,24,0,717.6
CUST-02996,2025-01-18,Pro,79.9,7,8,Cartão de Crédito,14,0,1118.6
CUST-02997,2024-07-05,Enterprise,249.9,28,5,Pix,3,1,749.7
CUST-02998,2024-03-13,Basic,29.9,23,6,Cartão de Crédito,1,1,29.9
CUST-02999,2025-05-09,Enterprise,249.9,6,3,Cartão de Crédito,13,0,3248.7
CUST-03000,2024-04-19,Enterprise,249.9,15,8,Boleto,10,1,2499.0
CUST-03001,2025-12-17,Enterprise,249.9,9,4,Boleto,22,0,5497.8
CUST-03002,2025-03-19,Enterprise,249.9,24,4,Pix,24,0,5997.6
CUST-03003,2024-12-24,Enterprise,249.9,23,5,Boleto,21,0,5247.9
CUST-03004,2025-11-03,Enterprise,249.9,17,1,Cartão de Crédito,12,1,2998.8
CUST-03005,2025-06-17,Enterprise,249.9,19,9,Cartão de Crédito,6,1,1499.4
CUST-03006,2025-11-24,Basic,29.9,28,6,Cartão de Crédito,13,0,388.7
CUST-03007,2024-09-22,Pro,79.9,1,5,Pix,19,0,1518.1
CUST-03008,2025-09-21,Enterprise,249.9,18,3,Pix,17,0,4248.3
CUST-03009,2025-08-19,Basic,29.9,13,6,Cartão de Crédito,18,0,538.2
CUST-03010,2025-11-06,Enterprise,249.9,6,9,Cartão de Crédito,5,1,1249.5
CUST-03011,2025-06-17,Pro,79.9,21,8,Cartão de Crédito,21,0,1677.9
CUST-03012,2025-11-12,Enterprise,249.9,12,5,Pix,14,0,3498.6
CUST-03013,2024-09-21,Enterprise,249.9,22,3,Boleto,6,1,1499.4
CUST-03014,2025-04-06,Basic,29.9,0,4,Boleto,19,0,568.1
CUST-03015,2024-05-26,Pro,79.9,10,5,Pix,23,0,1837.7
CUST-03016,2024-03-24,Enterprise,249.9,3,2,Cartão de Crédito,23,0,5747.7
CUST-03017,2025-02-22,Enterprise,249.9,19,6,Pix,11,1,2748.9
CUST-03018,2025-02-23,Enterprise,249.9,1,5,Cartão de Crédito,12,1,2998.8
CUST-03019,2024-10-30,Enterprise,249.9,30,9,Pix,19,0,4748.1
CUST-03020,2025-11-02,Enterprise,249.9,15,6,Boleto,4,1,999.6
CUST-03021,2024-10-15,Basic,29.9,29,10,Pix,18,0,538.2
CUST-03022,2024-09-05,Enterprise,249.9,30,6,Boleto,9,1,2249.1
CUST-03023,2025-07-03,Pro,79.9,29,0,Pix,13,0,1038.7
CUST-03024,2024-07-07,Basic,29.9,3,5,Cartão de Crédito,18,0,538.2
CUST-03025,2024-01-22,Basic,29.9,25,9,Boleto,11,1,328.9
CUST-03026,2024-04-01,Enterprise,249.9,19,9,Cartão de Crédito,12,1,2998.8
CUST-03027,2025-06-14,Basic,29.9,24,1,Boleto,2,1,59.8
CUST-03028,2025-11-07,Basic,29.9,28,5,Pix,17,0,508.3
CUST-03029,2025-04-18,Pro,79.9,27,1,Boleto,22,0,1757.8
CUST-03030,2025-07-02,Basic,29.9,15,7,Pix,15,0,448.5
CUST-03031,2025-07-28,Enterprise,249.9,14,9,Boleto,13,0,3248.7
CUST-03032,2025-12-19,Pro,79.9,22,7,Pix,6,1,479.4
CUST-03033,2024-06-22,Basic,29.9,26,10,Boleto,9,1,269.1
CUST-03034,2025-07-19,Enterprise,249.9,22,10,Cartão de Crédito,13,0,3248.7
CUST-03035,2024-07-22,Basic,29.9,8,4,Cartão de Crédito,23,0,687.7
CUST-03036,2024-02-22,Enterprise,249.9,1,9,Cartão de Crédito,7,1,1749.3
CUST-03037,2025-05-23,Pro,79.9,12,2,Boleto,16,0,1278.4
CUST-03038,2024-05-06,Enterprise,249.9,7,6,Cartão de Crédito,16,0,3998.4
CUST-03039,2025-07-19,Enterprise,249.9,27,0,Pix,22,0,5497.8
CUST-03040,2024-12-01,Basic,29.9,19,10,Cartão de Crédito,19,0,568.1
CUST-03041,2025-05-16,Basic,29.9,25,8,Pix,4,1,119.6
CUST-03042,2024-10-16,Basic,29.9,18,3,Pix,17,0,508.3
CUST-03043,2024-09-08,Basic,29.9,8,9,Pix,2,1,59.8
CUST-03044,2024-10-17,Enterprise,249.9,7,3,Pix,19,0,4748.1
CUST-03045,2024-02-04,Pro,79.9,27,0,Boleto,18,0,1438.2
CUST-03046,2024-11-09,Pro,79.9,26,0,Pix,14,0,1118.6
CUST-03047,2025-01-16,Basic,29.9,13,0,Cartão de Crédito,22,0,657.8
CUST-03048,2025-06-16,Pro,79.9,12,3,Pix,17,0,1358.3
CUST-03049,2025-01-16,Enterprise,249.9,13,10,Boleto,6,1,1499.4
CUST-03050,2025-02-23,Enterprise,249.9,3,8,Pix,9,1,2249.1
CUST-03051,2024-06-11,Basic,29.9,30,4,Pix,17,0,508.3
CUST-03052,2025-04-06,Enterprise,249.9,26,6,Pix,21,0,5247.9
CUST-03053,2024-10-18,Enterprise,249.9,1,10,Pix,3,1,749.7
CUST-03054,2024-05-31,Basic,29.9,19,1,Boleto,16,0,478.4
CUST-03055,2024-05-22,Basic,29.9,26,4,Pix,23,0,687.7
CUST-03056,2024-10-02,Enterprise,249.9,14,10,Boleto,8,1,1999.2
CUST-03057,2024-04-16,Pro,79.9,30,4,Cartão de Crédito,21,0,1677.9
CUST-03058,2024-11-29,Pro,79.9,30,8,Pix,14,0,1118.6
CUST-03059,2025-04-04,Enterprise,249.9,20,8,Boleto,20,0,4998.0
CUST-03060,2024-02-24,Pro,79.9,4,3,Cartão de Crédito,6,1,479.4
CUST-03061,2025-08-11,Pro,79.9,17,5,Pix,18,0,1438.2
CUST-03062,2024-01-03,Enterprise,249.9,5,2,Pix,21,0,5247.9
CUST-03063,2025-03-09,Enterprise,249.9,7,0,Pix,15,0,3748.5
CUST-03064,2025-11-21,Basic,29.9,7,9,Pix,13,0,388.7
CUST-03065,2024-12-31,Pro,79.9,28,4,Pix,23,0,1837.7
CUST-03066,2024-09-29,Basic,29.9,12,10,Cartão de Crédito,21,0,627.9
CUST-03067,2024-08-21,Basic,29.9,13,3,Pix,13,0,388.7
CUST-03068,2024-08-01,Basic,29.9,19,7,Pix,6,1,179.4
CUST-03069,2025-05-15,Pro,79.9,14,4,Cartão de Crédito,21,0,1677.9
CUST-03070,2025-06-11,Basic,29.9,1,0,Cartão de Crédito,20,0,598.0
CUST-03071,2025-02-18,Basic,29.9,16,6,Pix,7,1,209.3
CUST-03072,2024-11-16,Enterprise,249.9,25,3,Pix,20,0,4998.0
CUST-03073,2025-04-01,Enterprise,249.9,9,2,Pix,20,0,4998.0
CUST-03074,2025-04-20,Enterprise,249.9,1,7,Pix,11,1,2748.9
CUST-03075,2025-08-22,Pro,79.9,12,1,Boleto,1,1,79.9
CUST-03076,2024-11-05,Pro,79.9,6,0,Pix,18,0,1438.2
CUST-03077,2024-08-29,Basic,29.9,10,1,Boleto,15,0,448.5
CUST-03078,2024-03-08,Pro,79.9,14,8,Boleto,20,0,1598.0
CUST-03079,2025-07-20,Basic,29.9,29,0,Cartão de Crédito,13,0,388.7
CUST-03080,2024-05-21,Enterprise,249.9,0,4,Boleto,5,1,1249.5
CUST-03081,2024-10-26,Pro,79.9,8,5,Boleto,19,0,1518.1
CUST-03082,2025-11-25,Pro,79.9,22,5,Pix,22,0,1757.8
CUST-03083,2024-07-07,Basic,29.9,10,5,Pix,20,0,598.0
CUST-03084,2024-04-06,Basic,29.9,30,2,Cartão de Crédito,17,0,508.3
CUST-03085,2024-04-13,Pro,79.9,13,7,Cartão de Crédito,1,1,79.9
CUST-03086,2025-08-01,Enterprise,249.9,16,5,Pix,15,0,3748.5
CUST-03087,2025-06-28,Basic,29.9,28,1,Boleto,19,0,568.1
CUST-03088,2024-11-06,Pro,79.9,17,9,Pix,5,1,399.5
CUST-03089,2024-03-04,Pro,79.9,12,9,Pix,21,0,1677.9
CUST-03090,2024-04-20,Pro,79.9,17,7,Cartão de Crédito,10,1,799.0
CUST-03091,2024-08-11,Enterprise,249.9,15,7,Cartão de Crédito,24,0,5997.6
CUST-03092,2024-07-08,Enterprise,249.9,15,1,Cartão de Crédito,5,1,1249.5
CUST-03093,2024-04-04,Basic,29.9,17,4,Pix,19,0,568.1
CUST-03094,2025-12-16,Pro,79.9,5,6,Boleto,12,1,958.8
CUST-03095,2024-07-20,Pro,79.9,1,10,Boleto,2,1,159.8
CUST-03096,2024-06-30,Basic,29.9,29,3,Boleto,21,0,627.9
CUST-03097,2025-08-19,Enterprise,249.9,28,8,Cartão de Crédito,6,1,1499.4
CUST-03098,2025-12-17,Basic,29.9,22,0,Pix,14,0,418.6
CUST-03099,2025-04-17,Pro,79.9,11,8,Cartão de Crédito,15,0,1198.5
CUST-03100,2024-05-07,Basic,29.9,25,6,Cartão de Crédito,5,1,149.5
CUST-03101,2025-06-24,Basic,29.9,12,1,Boleto,13,0,388.7
CUST-03102,2025-03-26,Basic,29.9,28,3,Cartão de Crédito,15,0,448.5
CUST-03103,2025-09-27,Pro,79.9,0,7,Boleto,24,0,1917.6
CUST-03104,2025-08-27,Enterprise,249.9,4,8,Pix,5,1,1249.5
CUST-03105,2025-11-27,Basic,29.9,22,9,Boleto,19,0,568.1
CUST-03106,2024-03-26,Pro,79.9,17,3,Boleto,14,0,1118.6
CUST-03107,2025-08-09,Enterprise,249.9,19,6,Cartão de Crédito,19,0,4748.1
CUST-03108,2024-05-23,Pro,79.9,15,5,Pix,21,0,1677.9
CUST-03109,2025-07-29,Enterprise,249.9,7,5,Boleto,14,0,3498.6
CUST-03110,2025-03-21,Enterprise,249.9,12,5,Cartão de Crédito,15,0,3748.5
CUST-03111,2025-06-26,Basic,29.9,19,6,Boleto,3,1,89.7
CUST-03112,2025-07-09,Pro,79.9,25,0,Cartão de Crédito,19,0,1518.1
CUST-03113,2025-05-25,Enterprise,249.9,1,4,Boleto,22,0,5497.8
CUST-03114,2024-06-04,Enterprise,249.9,28,3,Cartão de Crédito,14,0,3498.6
CUST-03115,2025-03-30,Pro,79.9,9,6,Pix,22,0,1757.8
CUST-03116,2025-04-27,Pro,79.9,0,10,Boleto,10,1,799.0
CUST-03117,2025-03-18,Pro,79.9,30,5,Cartão de Crédito,13,0,1038.7
CUST-03118,2025-10-06,Enterprise,249.9,0,4,Cartão de Crédito,6,1,1499.4
CUST-03119,2025-10-29,Pro,79.9,3,9,Pix,5,1,399.5
CUST-03120,2024-09-10,Pro,79.9,26,7,Pix,5,1,399.5
CUST-03121,2024-10-08,Pro,79.9,15,6,Boleto,6,1,479.4
CUST-03122,2025-01-30,Basic,29.9,7,4,Pix,14,0,418.6
CUST-03123,2025-12-24,Basic,29.9,3,9,Boleto,9,1,269.1
CUST-03124,2025-08-25,Basic,29.9,3,5,Pix,20,0,598.0
CUST-03125,2025-01-10,Enterprise,249.9,8,4,Pix,18,0,4498.2
CUST-03126,2025-02-22,Enterprise,249.9,27,1,Pix,22,0,5497.8
CUST-03127,2025-10-07,Pro,79.9,14,4,Pix,21,0,1677.9
CUST-03128,2024-07-20,Pro,79.9,17,6,Pix,22,0,1757.8
CUST-03129,2024-03-23,Pro,79.9,8,0,Cartão de Crédito,15,0,1198.5
CUST-03130,2025-10-31,Enterprise,249.9,1,4,Cartão de Crédito,10,1,2499.0
CUST-03131,2024-09-04,Enterprise,249.9,6,6,Cartão de Crédito,13,0,3248.7
CUST-03132,2024-06-09,Basic,29.9,2,5,Pix,14,0,418.6
CUST-03133,2025-04-24,Basic,29.9,2,9,Cartão de Crédito,23,0,687.7
CUST-03134,2025-09-20,Enterprise,249.9,19,6,Boleto,5,1,1249.5
CUST-03135,2024-11-28,Enterprise,249.9,0,2,Pix,3,1,749.7
CUST-03136,2025-11-21,Enterprise,249.9,4,1,Cartão de Crédito,2,1,499.8
CUST-03137,2024-02-10,Basic,29.9,17,7,Cartão de Crédito,14,0,418.6
CUST-03138,2024-09-10,Pro,79.9,23,8,Boleto,17,0,1358.3
CUST-03139,2024-03-17,Basic,29.9,8,8,Pix,17,0,508.3
CUST-03140,2025-02-11,Enterprise,249.9,9,2,Pix,14,0,3498.6
CUST-03141,2025-11-10,Basic,29.9,20,6,Boleto,24,0,717.6
CUST-03142,2025-04-10,Pro,79.9,19,9,Boleto,15,0,1198.5
CUST-03143,2024-11-02,Enterprise,249.9,10,10,Cartão de Crédito,10,1,2499.0
CUST-03144,2024-04-10,Pro,79.9,30,5,Boleto,18,0,1438.2
CUST-03145,2024-07-06,Pro,79.9,4,6,Cartão de Crédito,21,0,1677.9
CUST-03146,2025-08-08,Pro,79.9,9,0,Pix,24,0,1917.6
CUST-03147,2025-09-18,Pro,79.9,12,9,Boleto,2,1,159.8
CUST-03148,2025-03-02,Basic,29.9,5,9,Boleto,19,0,568.1
CUST-03149,2025-06-12,Basic,29.9,25,2,Cartão de Crédito,17,0,508.3
CUST-03150,2024-08-16,Basic,29.9,18,2,Boleto,15,0,448.5
CUST-03151,2025-05-14,Enterprise,249.9,7,1,Pix,24,0,5997.6
CUST-03152,2024-09-16,Basic,29.9,11,2,Pix,13,0,388.7
CUST-03153,2025-03-16,Enterprise,249.9,9,3,Cartão de Crédito,21,0,5247.9
CUST-03154,2025-12-14,Pro,79.9,17,3,Cartão de Crédito,14,0,1118.6
CUST-03155,2024-04-09,Enterprise,249.9,21,4,Cartão de Crédito,21,0,5247.9
CUST-03156,2024-06-18,Pro,79.9,7,2,Cartão de Crédito,24,0,1917.6
CUST-03157,2025-12-10,Pro,79.9,21,5,Boleto,13,0,1038.7
CUST-03158,2025-05-10,Pro,79.9,1,6,Cartão de Crédito,10,1,799.0
CUST-03159,2024-07-11,Enterprise,249.9,21,7,Boleto,24,0,5997.6
CUST-03160,2025-12-07,Pro,79.9,30,5,Pix,19,0,1518.1
CUST-03161,2025-09-09,Enterprise,249.9,21,0,Cartão de Crédito,17,0,4248.3
CUST-03162,2024-07-22,Pro,79.9,25,9,Boleto,9,1,719.1
CUST-03163,2025-03-13,Enterprise,249.9,5,10,Pix,7,1,1749.3
CUST-03164,2024-01-08,Pro,79.9,15,7,Cartão de Crédito,15,0,1198.5
CUST-03165,2024-08-01,Basic,29.9,18,5,Boleto,22,0,657.8
CUST-03166,2024-06-13,Basic,29.9,11,5,Cartão de Crédito,15,0,448.5
CUST-03167,2025-06-30,Basic,29.9,28,5,Pix,15,0,448.5
CUST-03168,2025-12-13,Pro,79.9,12,2,Cartão de Crédito,22,0,1757.8
CUST-03169,2025-12-28,Pro,79.9,14,8,Pix,3,1,239.7
CUST-03170,2024-02-12,Pro,79.9,23,3,Boleto,14,0,1118.6
CUST-03171,2025-04-09,Enterprise,249.9,18,0,Cartão de Crédito,17,0,4248.3
CUST-03172,2024-03-14,Enterprise,249.9,25,6,Boleto,22,0,5497.8
CUST-03173,2025-03-19,Enterprise,249.9,9,9,Pix,12,1,2998.8
CUST-03174,2024-12-26,Enterprise,249.9,8,8,Pix,16,0,3998.4
CUST-03175,2025-02-05,Enterprise,249.9,14,3,Cartão de Crédito,6,1,1499.4
CUST-03176,2025-10-29,Basic,29.9,8,10,Boleto,8,1,239.2
CUST-03177,2025-12-02,Pro,79.9,14,8,Boleto,18,0,1438.2
CUST-03178,2024-03-24,Pro,79.9,12,8,Pix,13,0,1038.7
CUST-03179,2024-10-23,Enterprise,249.9,21,9,Pix,20,0,4998.0
CUST-03180,2024-06-06,Enterprise,249.9,11,1,Cartão de Crédito,23,0,5747.7
CUST-03181,2025-04-20,Basic,29.9,18,6,Boleto,8,1,239.2
CUST-03182,2025-09-06,Enterprise,249.9,15,4,Pix,24,0,5997.6
CUST-03183,2024-12-18,Pro,79.9,28,8,Cartão de Crédito,3,1,239.7
CUST-03184,2025-06-14,Pro,79.9,17,0,Cartão de Crédito,22,0,1757.8
CUST-03185,2025-03-26,Enterprise,249.9,9,4,Cartão de Crédito,21,0,5247.9
CUST-03186,2024-05-26,Basic,29.9,16,6,Boleto,17,0,508.3
CUST-03187,2024-03-27,Pro,79.9,5,5,Pix,22,0,1757.8
CUST-03188,2025-02-19,Basic,29.9,16,10,Boleto,14,0,418.6
CUST-03189,2025-12-15,Pro,79.9,14,0,Pix,19,0,1518.1
CUST-03190,2024-01-05,Pro,79.9,17,2,Boleto,17,0,1358.3
CUST-03191,2025-06-03,Pro,79.9,8,2,Boleto,23,0,1837.7
CUST-03192,2024-04-28,Basic,29.9,2,7,Pix,12,1,358.8
CUST-03193,2024-08-19,Basic,29.9,24,4,Cartão de Crédito,22,0,657.8
CUST-03194,2025-11-04,Enterprise,249.9,5,7,Boleto,19,0,4748.1
CUST-03195,2024-06-02,Enterprise,249.9,27,1,Cartão de Crédito,13,0,3248.7
CUST-03196,2024-09-27,Basic,29.9,24,6,Pix,5,1,149.5
CUST-03197,2024-04-09,Enterprise,249.9,27,10,Pix,24,0,5997.6
CUST-03198,2025-04-11,Enterprise,249.9,10,10,Cartão de Crédito,8,1,1999.2
CUST-03199,2025-04-29,Enterprise,249.9,28,10,Pix,4,1,999.6
CUST-03200,2024-03-22,Basic,29.9,5,0,Cartão de Crédito,21,0,627.9
CUST-03201,2025-06-08,Pro,79.9,29,3,Boleto,4,1,319.6
CUST-03202,2025-12-29,Pro,79.9,8,4,Pix,16,0,1278.4
CUST-03203,2024-12-17,Basic,29.9,24,0,Boleto,6,1,179.4
CUST-03204,2025-09-21,Pro,79.9,9,3,Boleto,18,0,1438.2
CUST-03205,2025-03-07,Basic,29.9,3,3,Cartão de Crédito,22,0,657.8
CUST-03206,2024-08-24,Enterprise,249.9,23,9,Cartão de Crédito,23,0,5747.7
CUST-03207,2024-03-07,Basic,29.9,1,2,Boleto,6,1,179.4
CUST-03208,2025-02-07,Pro,79.9,3,8,Boleto,17,0,1358.3
CUST-03209,2025-07-13,Basic,29.9,3,6,Pix,23,0,687.7
CUST-03210,2024-12-13,Enterprise,249.9,22,1,Pix,13,0,3248.7
CUST-03211,2024-07-01,Basic,29.9,9,9,Cartão de Crédito,11,1,328.9
CUST-03212,2025-11-27,Enterprise,249.9,3,9,Pix,11,1,2748.9
CUST-03213,2024-01-24,Pro,79.9,26,10,Boleto,5,1,399.5
CUST-03214,2024-08-13,Pro,79.9,16,9,Boleto,7,1,559.3
CUST-03215,2025-04-24,Enterprise,249.9,3,2,Pix,23,0,5747.7
CUST-03216,2024-03-10,Enterprise,249.9,5,3,Cartão de Crédito,13,0,3248.7
CUST-03217,2024-03-31,Pro,79.9,0,3,Pix,13,0,1038.7
CUST-03218,2025-01-25,Pro,79.9,27,1,Pix,22,0,1757.8
CUST-03219,2024-12-01,Basic,29.9,27,0,Boleto,3,1,89.7
CUST-03220,2025-07-16,Pro,79.9,29,5,Pix,21,0,1677.9
CUST-03221,2024-10-22,Pro,79.9,27,1,Cartão de Crédito,2,1,159.8
CUST-03222,2025-10-02,Enterprise,249.9,2,3,Cartão de Crédito,12,1,2998.8
CUST-03223,2024-03-23,Enterprise,249.9,16,7,Pix,13,0,3248.7
CUST-03224,2025-09-27,Pro,79.9,16,1,Boleto,14,0,1118.6
CUST-03225,2024-01-27,Pro,79.9,23,5,Boleto,23,0,1837.7
CUST-03226,2025-04-21,Basic,29.9,14,1,Boleto,19,0,568.1
CUST-03227,2025-01-14,Pro,79.9,17,1,Cartão de Crédito,20,0,1598.0
CUST-03228,2024-12-10,Basic,29.9,24,6,Cartão de Crédito,21,0,627.9
CUST-03229,2025-06-11,Enterprise,249.9,19,10,Boleto,18,0,4498.2
CUST-03230,2025-09-27,Pro,79.9,21,5,Pix,23,0,1837.7
CUST-03231,2025-11-07,Basic,29.9,14,4,Pix,15,0,448.5
CUST-03232,2025-11-26,Basic,29.9,15,7,Boleto,17,0,508.3
CUST-03233,2024-05-30,Enterprise,249.9,6,9,Boleto,24,0,5997.6
CUST-03234,2025-02-14,Basic,29.9,28,3,Cartão de Crédito,16,0,478.4
CUST-03235,2024-08-16,Pro,79.9,15,3,Boleto,17,0,1358.3
CUST-03236,2024-01-06,Pro,79.9,24,9,Pix,21,0,1677.9
CUST-03237,2025-12-23,Basic,29.9,24,10,Pix,6,1,179.4
CUST-03238,2025-04-22,Enterprise,249.9,8,1,Pix,15,0,3748.5
CUST-03239,2024-02-05,Pro,79.9,10,10,Pix,9,1,719.1
CUST-03240,2025-07-02,Pro,79.9,14,10,Pix,19,0,1518.1
CUST-03241,2024-03-30,Enterprise,249.9,13,0,Boleto,16,0,3998.4
CUST-03242,2025-08-06,Basic,29.9,4,8,Boleto,11,1,328.9
CUST-03243,2024-01-26,Basic,29.9,23,6,Pix,11,1,328.9
CUST-03244,2025-05-06,Enterprise,249.9,30,9,Boleto,19,0,4748.1
CUST-03245,2024-11-15,Enterprise,249.9,24,9,Pix,11,1,2748.9
CUST-03246,2025-09-23,Basic,29.9,17,9,Pix,1,1,29.9
CUST-03247,2025-03-06,Pro,79.9,14,7,Pix,23,0,1837.7
CUST-03248,2024-01-07,Basic,29.9,30,6,Boleto,15,0,448.5
CUST-03249,2025-09-27,Pro,79.9,25,6,Cartão de Crédito,2,1,159.8
CUST-03250,2025-08-31,Pro,79.9,20,0,Boleto,20,0,1598.0
CUST-03251,2025-03-02,Basic,29.9,7,4,Pix,17,0,508.3
CUST-03252,2024-10-04,Enterprise,249.9,1,0,Pix,24,0,5997.6
CUST-03253,2025-10-10,Pro,79.9,23,8,Boleto,3,1,239.7
CUST-03254,2025-07-19,Basic,29.9,18,7,Pix,20,0,598.0
CUST-03255,2025-04-15,Basic,29.9,18,0,Boleto,18,0,538.2
CUST-03256,2024-02-06,Pro,79.9,7,7,Cartão de Crédito,3,1,239.7
CUST-03257,2025-12-23,Pro,79.9,25,4,Cartão de Crédito,14,0,1118.6
CUST-03258,2025-04-10,Enterprise,249.9,28,2,Cartão de Crédito,20,0,4998.0
CUST-03259,2025-04-18,Basic,29.9,4,1,Boleto,14,0,418.6
CUST-03260,2024-09-14,Basic,29.9,5,9,Pix,5,1,149.5
CUST-03261,2024-01-28,Pro,79.9,16,4,Pix,14,0,1118.6
CUST-03262,2024-12-07,Basic,29.9,6,5,Pix,18,0,538.2
CUST-03263,2025-03-12,Enterprise,249.9,7,5,Cartão de Crédito,19,0,4748.1
CUST-03264,2024-06-11,Basic,29.9,9,6,Cartão de Crédito,17,0,508.3
CUST-03265,2025-03-01,Pro,79.9,12,8,Boleto,24,0,1917.6
CUST-03266,2025-10-01,Basic,29.9,12,1,Cartão de Crédito,16,0,478.4
CUST-03267,2024-01-04,Pro,79.9,16,8,Pix,18,0,1438.2
CUST-03268,2025-03-29,Enterprise,249.9,9,7,Cartão de Crédito,15,0,3748.5
CUST-03269,2025-12-30,Basic,29.9,19,2,Boleto,17,0,508.3
CUST-03270,2025-03-07,Pro,79.9,9,10,Boleto,18,0,1438.2
CUST-03271,2025-05-09,Enterprise,249.9,23,9,Pix,5,1,1249.5
CUST-03272,2024-01-02,Basic,29.9,27,6,Boleto,19,0,568.1
CUST-03273,2024-02-12,Basic,29.9,9,2,Pix,15,0,448.5
CUST-03274,2024-08-25,Enterprise,249.9,1,10,Cartão de Crédito,14,0,3498.6
CUST-03275,2024-06-03,Pro,79.9,4,3,Boleto,18,0,1438.2
CUST-03276,2025-03-06,Enterprise,249.9,23,4,Pix,19,0,4748.1
CUST-03277,2024-09-21,Enterprise,249.9,13,0,Boleto,14,0,3498.6
CUST-03278,2025-10-28,Basic,29.9,12,5,Cartão de Crédito,21,0,627.9
CUST-03279,2024-03-25,Enterprise,249.9,30,6,Cartão de Crédito,17,0,4248.3
CUST-03280,2024-02-03,Basic,29.9,22,4,Boleto,22,0,657.8
CUST-03281,2025-04-29,Enterprise,249.9,25,10,Boleto,5,1,1249.5
CUST-03282,2025-01-14,Enterprise,249.9,14,9,Cartão de Crédito,20,0,4998.0
CUST-03283,2024-12-21,Enterprise,249.9,8,8,Pix,6,1,1499.4
CUST-03284,2024-08-07,Basic,29.9,7,3,Boleto,1,1,29.9
CUST-03285,2025-08-26,Basic,29.9,15,9,Cartão de Crédito,18,0,538.2
CUST-03286,2024-01-31,Enterprise,249.9,12,10,Pix,14,0,3498.6
CUST-03287,2025-11-10,Enterprise,249.9,26,2,Boleto,10,1,2499.0
CUST-03288,2024-02-25,Enterprise,249.9,29,5,Cartão de Crédito,21,0,5247.9
CUST-03289,2025-10-11,Enterprise,249.9,7,10,Cartão de Crédito,10,1,2499.0
CUST-03290,2024-09-01,Enterprise,249.9,22,2,Cartão de Crédito,14,0,3498.6
CUST-03291,2025-06-23,Basic,29.9,27,5,Cartão de Crédito,10,1,299.0
CUST-03292,2025-05-25,Basic,29.9,7,10,Boleto,12,1,358.8
CUST-03293,2024-12-20,Pro,79.9,3,6,Cartão de Crédito,10,1,799.0
CUST-03294,2024-02-20,Pro,79.9,10,4,Cartão de Crédito,18,0,1438.2
CUST-03295,2025-11-16,Enterprise,249.9,26,8,Cartão de Crédito,8,1,1999.2
CUST-03296,2025-07-11,Enterprise,249.9,3,5,Cartão de Crédito,7,1,1749.3
CUST-03297,2024-11-20,Pro,79.9,20,2,Cartão de Crédito,21,0,1677.9
CUST-03298,2024-04-06,Pro,79.9,30,5,Cartão de Crédito,17,0,1358.3
CUST-03299,2024-10-03,Basic,29.9,15,9,Cartão de Crédito,23,0,687.7
CUST-03300,2024-11-25,Basic,29.9,7,1,Cartão de Crédito,15,0,448.5
CUST-03301,2024-10-11,Enterprise,249.9,23,7,Boleto,18,0,4498.2
CUST-03302,2025-05-20,Basic,29.9,7,10,Cartão de Crédito,22,0,657.8
CUST-03303,2024-02-26,Pro,79.9,29,0,Pix,17,0,1358.3
CUST-03304,2025-08-22,Enterprise,249.9,24,8,Cartão de Crédito,22,0,5497.8
CUST-03305,2025-03-05,Pro,79.9,10,10,Boleto,3,1,239.7
CUST-03306,2025-12-27,Enterprise,249.9,12,9,Cartão de Crédito,18,0,4498.2
CUST-03307,2024-07-21,Pro,79.9,2,0,Cartão de Crédito,9,1,719.1
CUST-03308,2024-09-23,Pro,79.9,27,4,Boleto,22,0,1757.8
CUST-03309,2024-01-23,Enterprise,249.9,24,5,Pix,14,0,3498.6
CUST-03310,2025-03-21,Enterprise,249.9,20,7,Cartão de Crédito,21,0,5247.9
CUST-03311,2024-03-07,Enterprise,249.9,4,3,Cartão de Crédito,18,0,4498.2
CUST-03312,2025-04-15,Basic,29.9,21,2,Pix,14,0,418.6
CUST-03313,2024-09-18,Basic,29.9,5,10,Pix,24,0,717.6
CUST-03314,2025-08-10,Pro,79.9,28,1,Pix,14,0,1118.6
CUST-03315,2025-11-02,Enterprise,249.9,23,9,Boleto,5,1,1249.5
CUST-03316,2024-06-25,Enterprise,249.9,17,3,Boleto,17,0,4248.3
CUST-03317,2024-07-25,Basic,29.9,28,5,Boleto,13,0,388.7
CUST-03318,2024-08-01,Enterprise,249.9,6,1,Boleto,16,0,3998.4
CUST-03319,2025-07-07,Basic,29.9,6,5,Pix,20,0,598.0
CUST-03320,2024-04-11,Basic,29.9,10,3,Cartão de Crédito,22,0,657.8
CUST-03321,2025-12-05,Basic,29.9,14,6,Pix,1,1,29.9
CUST-03322,2025-06-12,Pro,79.9,6,4,Cartão de Crédito,20,0,1598.0
CUST-03323,2024-09-10,Pro,79.9,10,5,Boleto,18,0,1438.2
CUST-03324,2025-06-10,Enterprise,249.9,20,2,Boleto,19,0,4748.1
CUST-03325,2025-04-17,Pro,79.9,16,7,Pix,3,1,239.7
CUST-03326,2024-07-27,Pro,79.9,4,1,Boleto,2,1,159.8
CUST-03327,2025-04-11,Pro,79.9,18,3,Pix,20,0,1598.0
CUST-03328,2024-06-06,Basic,29.9,6,5,Pix,18,0,538.2
CUST-03329,2025-06-30,Pro,79.9,19,5,Cartão de Crédito,16,0,1278.4
CUST-03330,2025-03-29,Basic,29.9,6,9,Boleto,8,1,239.2
CUST-03331,2025-02-26,Pro,79.9,10,3,Boleto,10,1,799.0
CUST-03332,2025-06-10,Pro,79.9,2,7,Cartão de Crédito,2,1,159.8
CUST-03333,2025-05-16,Pro,79.9,7,0,Cartão de Crédito,4,1,319.6
CUST-03334,2025-04-04,Enterprise,249.9,15,0,Boleto,16,0,3998.4
CUST-03335,2025-03-27,Pro,79.9,8,8,Pix,24,0,1917.6
CUST-03336,2025-03-07,Pro,79.9,13,0,Boleto,15,0,1198.5
CUST-03337,2025-03-22,Pro,79.9,16,5,Boleto,21,0,1677.9
CUST-03338,2025-09-04,Basic,29.9,11,6,Boleto,21,0,627.9
CUST-03339,2025-03-25,Enterprise,249.9,24,1,Cartão de Crédito,13,0,3248.7
CUST-03340,2025-03-08,Enterprise,249.9,20,7,Pix,15,0,3748.5
CUST-03341,2025-05-22,Basic,29.9,25,10,Boleto,22,0,657.8
CUST-03342,2025-11-27,Pro,79.9,29,1,Boleto,23,0,1837.7
CUST-03343,2024-02-23,Pro,79.9,11,5,Cartão de Crédito,23,0,1837.7
CUST-03344,2025-01-15,Pro,79.9,28,5,Boleto,18,0,1438.2
CUST-03345,2024-09-28,Enterprise,249.9,19,9,Pix,4,1,999.6
CUST-03346,2024-08-31,Basic,29.9,3,9,Cartão de Crédito,11,1,328.9
CUST-03347,2024-03-22,Pro,79.9,23,10,Boleto,10,1,799.0
CUST-03348,2025-09-08,Enterprise,249.9,17,4,Pix,20,0,4998.0
CUST-03349,2025-05-18,Pro,79.9,5,10,Cartão de Crédito,3,1,239.7
CUST-03350,2024-08-03,Pro,79.9,7,10,Boleto,8,1,639.2
CUST-03351,2024-05-30,Pro,79.9,1,5,Boleto,7,1,559.3
CUST-03352,2024-05-14,Basic,29.9,19,0,Cartão de Crédito,13,0,388.7
CUST-03353,2024-12-13,Basic,29.9,18,10,Boleto,18,0,538.2
CUST-03354,2025-04-16,Enterprise,249.9,19,6,Pix,17,0,4248.3
CUST-03355,2024-03-16,Basic,29.9,26,2,Cartão de Crédito,23,0,687.7
CUST-03356,2025-11-25,Enterprise,249.9,20,8,Pix,1,1,249.9
CUST-03357,2024-08-06,Enterprise,249.9,2,0,Boleto,2,1,499.8
CUST-03358,2024-10-06,Enterprise,249.9,15,6,Pix,21,0,5247.9
CUST-03359,2025-07-11,Enterprise,249.9,23,8,Cartão de Crédito,1,1,249.9
CUST-03360,2024-05-30,Enterprise,249.9,10,2,Pix,16,0,3998.4
CUST-03361,2024-07-09,Enterprise,249.9,22,0,Cartão de Crédito,17,0,4248.3
CUST-03362,2025-06-29,Basic,29.9,2,3,Cartão de Crédito,7,1,209.3
CUST-03363,2025-07-09,Enterprise,249.9,5,6,Boleto,18,0,4498.2
CUST-03364,2024-02-29,Enterprise,249.9,30,7,Pix,8,1,1999.2
CUST-03365,2024-09-24,Enterprise,249.9,0,2,Cartão de Crédito,17,0,4248.3
CUST-03366,2024-04-24,Pro,79.9,10,7,Cartão de Crédito,10,1,799.0
CUST-03367,2024-12-08,Pro,79.9,0,8,Cartão de Crédito,6,1,479.4
CUST-03368,2025-05-28,Enterprise,249.9,28,2,Pix,17,0,4248.3
CUST-03369,2024-10-29,Basic,29.9,28,1,Pix,22,0,657.8
CUST-03370,2025-03-09,Enterprise,249.9,15,10,Boleto,11,1,2748.9
CUST-03371,2024-12-16,Enterprise,249.9,18,6,Pix,5,1,1249.5
CUST-03372,2024-06-01,Enterprise,249.9,1,1,Boleto,24,0,5997.6
CUST-03373,2025-03-09,Enterprise,249.9,0,10,Cartão de Crédito,3,1,749.7
CUST-03374,2024-11-16,Pro,79.9,23,0,Cartão de Crédito,24,0,1917.6
CUST-03375,2025-09-19,Pro,79.9,29,5,Cartão de Crédito,24,0,1917.6
CUST-03376,2025-10-01,Pro,79.9,26,1,Pix,18,0,1438.2
CUST-03377,2024-01-28,Enterprise,249.9,28,3,Cartão de Crédito,24,0,5997.6
CUST-03378,2025-09-20,Pro,79.9,0,7,Boleto,1,1,79.9
CUST-03379,2024-12-14,Basic,29.9,28,0,Boleto,18,0,538.2
CUST-03380,2024-03-01,Pro,79.9,27,6,Boleto,9,1,719.1
CUST-03381,2024-12-26,Basic,29.9,24,1,Boleto,15,0,448.5
CUST-03382,2024-12-24,Pro,79.9,15,4,Cartão de Crédito,13,0,1038.7
CUST-03383,2025-03-21,Basic,29.9,10,9,Cartão de Crédito,23,0,687.7
CUST-03384,2025-07-16,Enterprise,249.9,18,0,Cartão de Crédito,22,0,5497.8
CUST-03385,2025-10-10,Pro,79.9,17,9,Boleto,15,0,1198.5
CUST-03386,2025-02-09,Basic,29.9,23,4,Boleto,23,0,687.7
CUST-03387,2025-06-16,Enterprise,249.9,14,7,Pix,15,0,3748.5
CUST-03388,2025-12-21,Pro,79.9,4,9,Cartão de Crédito,10,1,799.0
CUST-03389,2025-05-22,Enterprise,249.9,17,6,Pix,8,1,1999.2
CUST-03390,2025-05-18,Enterprise,249.9,20,6,Boleto,8,1,1999.2
CUST-03391,2025-12-06,Basic,29.9,7,8,Pix,21,0,627.9
CUST-03392,2025-09-08,Enterprise,249.9,9,4,Pix,18,0,4498.2
CUST-03393,2025-07-10,Basic,29.9,17,2,Boleto,22,0,657.8
CUST-03394,2024-04-26,Pro,79.9,9,0,Boleto,13,0,1038.7
CUST-03395,2024-06-12,Basic,29.9,16,3,Boleto,21,0,627.9
CUST-03396,2024-11-15,Enterprise,249.9,4,7,Pix,14,0,3498.6
CUST-03397,2025-12-15,Pro,79.9,24,2,Cartão de Crédito,16,0,1278.4
CUST-03398,2024-09-22,Basic,29.9,4,7,Boleto,11,1,328.9
CUST-03399,2025-12-13,Enterprise,249.9,8,10,Pix,15,0,3748.5
CUST-03400,2024-05-14,Enterprise,249.9,20,3,Boleto,9,1,2249.1
CUST-03401,2025-04-26,Enterprise,249.9,8,10,Boleto,11,1,2748.9
CUST-03402,2025-06-02,Enterprise,249.9,30,2,Cartão de Crédito,13,0,3248.7
CUST-03403,2024-09-17,Basic,29.9,5,4,Cartão de Crédito,2,1,59.8
CUST-03404,2024-03-31,Enterprise,249.9,20,7,Boleto,14,0,3498.6
CUST-03405,2025-02-05,Enterprise,249.9,3,10,Cartão de Crédito,6,1,1499.4
CUST-03406,2024-05-13,Enterprise,249.9,27,2,Pix,13,0,3248.7
CUST-03407,2025-06-10,Pro,79.9,24,7,Boleto,16,0,1278.4
CUST-03408,2025-04-27,Enterprise,249.9,23,4,Cartão de Crédito,21,0,5247.9
CUST-03409,2025-09-18,Pro,79.9,29,9,Pix,2,1,159.8
CUST-03410,2025-05-22,Basic,29.9,8,3,Pix,15,0,448.5
CUST-03411,2024-10-22,Basic,29.9,2,3,Boleto,13,0,388.7
CUST-03412,2024-05-28,Enterprise,249.9,10,4,Cartão de Crédito,13,0,3248.7
CUST-03413,2025-11-23,Enterprise,249.9,23,7,Pix,11,1,2748.9
CUST-03414,2024-08-16,Enterprise,249.9,20,6,Cartão de Crédito,16,0,3998.4
CUST-03415,2024-01-23,Basic,29.9,24,6,Boleto,15,0,448.5
CUST-03416,2025-05-14,Pro,79.9,4,7,Boleto,22,0,1757.8
CUST-03417,2024-01-06,Basic,29.9,10,10,Pix,9,1,269.1
CUST-03418,2025-09-17,Pro,79.9,12,8,Cartão de Crédito,23,0,1837.7
CUST-03419,2025-06-12,Pro,79.9,19,8,Pix,18,0,1438.2
CUST-03420,2025-09-08,Pro,79.9,23,9,Pix,1,1,79.9
CUST-03421,2025-02-08,Pro,79.9,8,2,Cartão de Crédito,18,0,1438.2
CUST-03422,2024-10-02,Enterprise,249.9,26,7,Pix,24,0,5997.6
CUST-03423,2025-11-04,Enterprise,249.9,2,8,Pix,5,1,1249.5
CUST-03424,2024-04-25,Basic,29.9,19,7,Cartão de Crédito,4,1,119.6
CUST-03425,2024-11-28,Basic,29.9,16,7,Cartão de Crédito,22,0,657.8
CUST-03426,2024-06-21,Pro,79.9,18,2,Pix,15,0,1198.5
CUST-03427,2025-12-19,Pro,79.9,23,9,Cartão de Crédito,18,0,1438.2
CUST-03428,2024-06-26,Basic,29.9,3,8,Boleto,20,0,598.0
CUST-03429,2025-09-09,Basic,29.9,25,4,Pix,6,1,179.4
CUST-03430,2024-09-22,Enterprise,249.9,6,1,Pix,20,0,4998.0
CUST-03431,2024-06-10,Basic,29.9,1,10,Cartão de Crédito,10,1,299.0
CUST-03432,2024-09-08,Enterprise,249.9,21,3,Cartão de Crédito,20,0,4998.0
CUST-03433,2025-10-15,Pro,79.9,15,3,Boleto,15,0,1198.5
CUST-03434,2024-10-08,Enterprise,249.9,1,9,Cartão de Crédito,7,1,1749.3
CUST-03435,2025-12-31,Pro,79.9,27,1,Cartão de Crédito,15,0,1198.5
CUST-03436,2025-11-02,Basic,29.9,14,9,Pix,24,0,717.6
CUST-03437,2025-09-17,Basic,29.9,25,6,Boleto,13,0,388.7
CUST-03438,2025-10-10,Basic,29.9,15,10,Pix,10,1,299.0
CUST-03439,2025-08-19,Enterprise,249.9,16,4,Cartão de Crédito,23,0,5747.7
CUST-03440,2024-09-26,Basic,29.9,19,10,Cartão de Crédito,24,0,717.6
CUST-03441,2025-08-02,Pro,79.9,20,2,Pix,16,0,1278.4
CUST-03442,2024-10-09,Basic,29.9,20,7,Pix,16,0,478.4
CUST-03443,2025-12-12,Basic,29.9,27,1,Cartão de Crédito,19,0,568.1
CUST-03444,2025-04-19,Enterprise,249.9,2,0,Boleto,21,0,5247.9
CUST-03445,2025-10-15,Enterprise,249.9,3,3,Pix,21,0,5247.9
CUST-03446,2025-05-09,Basic,29.9,15,6,Pix,13,0,388.7
CUST-03447,2024-07-28,Enterprise,249.9,8,0,Pix,19,0,4748.1
CUST-03448,2024-03-29,Pro,79.9,23,1,Pix,13,0,1038.7
CUST-03449,2025-11-14,Pro,79.9,12,5,Cartão de Crédito,22,0,1757.8
CUST-03450,2025-05-03,Pro,79.9,12,2,Pix,14,0,1118.6
CUST-03451,2024-10-21,Enterprise,249.9,10,2,Pix,16,0,3998.4
CUST-03452,2025-03-03,Basic,29.9,9,8,Pix,21,0,627.9
CUST-03453,2024-09-11,Enterprise,249.9,1,9,Cartão de Crédito,5,1,1249.5
CUST-03454,2024-02-22,Basic,29.9,22,7,Boleto,4,1,119.6
CUST-03455,2025-09-02,Pro,79.9,18,0,Pix,14,0,1118.6
CUST-03456,2025-08-12,Basic,29.9,28,2,Cartão de Crédito,22,0,657.8
CUST-03457,2025-08-21,Basic,29.9,5,6,Boleto,8,1,239.2
CUST-03458,2025-11-19,Enterprise,249.9,1,4,Cartão de Crédito,24,0,5997.6
CUST-03459,2025-07-18,Basic,29.9,27,7,Cartão de Crédito,19,0,568.1
CUST-03460,2025-03-30,Enterprise,249.9,10,10,Cartão de Crédito,24,0,5997.6
CUST-03461,2024-08-01,Enterprise,249.9,6,5,Pix,18,0,4498.2
CUST-03462,2024-07-09,Enterprise,249.9,2,1,Cartão de Crédito,23,0,5747.7
CUST-03463,2025-10-20,Enterprise,249.9,8,10,Pix,10,1,2499.0
CUST-03464,2024-09-12,Basic,29.9,30,4,Cartão de Crédito,17,0,508.3
CUST-03465,2024-01-31,Basic,29.9,8,1,Pix,17,0,508.3
CUST-03466,2025-12-27,Pro,79.9,26,1,Pix,17,0,1358.3
CUST-03467,2024-08-24,Pro,79.9,7,10,Cartão de Crédito,17,0,1358.3
CUST-03468,2025-01-23,Basic,29.9,6,5,Cartão de Crédito,17,0,508.3
CUST-03469,2025-02-28,Enterprise,249.9,7,4,Boleto,17,0,4248.3
CUST-03470,2025-05-08,Pro,79.9,3,4,Cartão de Crédito,12,1,958.8
CUST-03471,2025-07-22,Enterprise,249.9,25,10,Boleto,17,0,4248.3
CUST-03472,2024-04-23,Basic,29.9,8,9,Cartão de Crédito,6,1,179.4
CUST-03473,2025-12-10,Basic,29.9,0,10,Boleto,12,1,358.8
CUST-03474,2025-01-12,Pro,79.9,21,10,Cartão de Crédito,9,1,719.1
CUST-03475,2025-11-30,Pro,79.9,27,10,Pix,13,0,1038.7
CUST-03476,2025-08-03,Basic,29.9,24,8,Pix,24,0,717.6
CUST-03477,2024-05-09,Basic,29.9,3,1,Boleto,10,1,299.0
CUST-03478,2024-10-10,Basic,29.9,26,10,Pix,6,1,179.4
CUST-03479,2024-10-23,Basic,29.9,16,2,Cartão de Crédito,21,0,627.9
CUST-03480,2025-03-14,Enterprise,249.9,24,5,Cartão de Crédito,18,0,4498.2
CUST-03481,2024-03-20,Basic,29.9,23,7,Pix,19,0,568.1
CUST-03482,2025-02-25,Enterprise,249.9,10,6,Cartão de Crédito,12,1,2998.8
CUST-03483,2024-12-21,Pro,79.9,8,6,Cartão de Crédito,16,0,1278.4
CUST-03484,2025-01-08,Pro,79.9,15,3,Cartão de Crédito,20,0,1598.0
CUST-03485,2025-02-13,Basic,29.9,26,1,Cartão de Crédito,14,0,418.6
CUST-03486,2024-06-10,Pro,79.9,0,8,Cartão de Crédito,10,1,799.0
CUST-03487,2024-03-26,Enterprise,249.9,6,5,Pix,18,0,4498.2
CUST-03488,2024-08-04,Basic,29.9,16,9,Pix,13,0,388.7
CUST-03489,2025-05-15,Enterprise,249.9,1,5,Pix,18,0,4498.2
CUST-03490,2024-04-18,Enterprise,249.9,0,7,Pix,2,1,499.8
CUST-03491,2024-08-06,Pro,79.9,21,3,Pix,13,0,1038.7
CUST-03492,2025-11-28,Pro,79.9,14,2,Pix,23,0,1837.7
CUST-03493,2025-09-12,Basic,29.9,7,2,Pix,13,0,388.7
CUST-03494,2024-04-20,Basic,29.9,14,2,Pix,24,0,717.6
CUST-03495,2024-02-07,Basic,29.9,26,1,Cartão de Crédito,15,0,448.5
CUST-03496,2024-03-13,Basic,29.9,30,9,Pix,23,0,687.7
CUST-03497,2024-07-09,Basic,29.9,25,7,Boleto,20,0,598.0
CUST-03498,2024-09-14,Pro,79.9,26,5,Cartão de Crédito,15,0,1198.5
CUST-03499,2024-01-08,Basic,29.9,29,10,Cartão de Crédito,24,0,717.6
CUST-03500,2025-05-05,Basic,29.9,18,0,Boleto,11,1,328.9
CUST-03501,2025-05-20,Pro,79.9,11,7,Boleto,23,0,1837.7
CUST-03502,2025-06-09,Enterprise,249.9,2,3,Boleto,1,1,249.9
CUST-03503,2025-07-25,Enterprise,249.9,3,9,Boleto,5,1,1249.5
CUST-03504,2024-02-10,Basic,29.9,16,8,Boleto,16,0,478.4
CUST-03505,2024-05-16,Basic,29.9,3,4,Pix,5,1,149.5
CUST-03506,2024-03-24,Enterprise,249.9,11,3,Boleto,18,0,4498.2
CUST-03507,2025-01-16,Pro,79.9,7,0,Cartão de Crédito,21,0,1677.9
CUST-03508,2025-10-06,Pro,79.9,21,4,Pix,23,0,1837.7
CUST-03509,2025-09-07,Basic,29.9,15,1,Pix,17,0,508.3
CUST-03510,2024-01-14,Pro,79.9,4,4,Boleto,19,0,1518.1
CUST-03511,2024-07-20,Enterprise,249.9,14,3,Boleto,15,0,3748.5
CUST-03512,2024-10-13,Basic,29.9,1,0,Boleto,11,1,328.9
CUST-03513,2024-12-10,Basic,29.9,24,1,Cartão de Crédito,16,0,478.4
CUST-03514,2024-08-29,Basic,29.9,13,3,Cartão de Crédito,21,0,627.9
CUST-03515,2025-07-29,Pro,79.9,10,2,Boleto,21,0,1677.9
CUST-03516,2025-08-26,Pro,79.9,4,0,Boleto,20,0,1598.0
CUST-03517,2025-03-21,Pro,79.9,11,6,Cartão de Crédito,6,1,479.4
CUST-03518,2025-12-26,Basic,29.9,21,0,Boleto,22,0,657.8
CUST-03519,2025-10-09,Basic,29.9,13,1,Cartão de Crédito,24,0,717.6
CUST-03520,2025-09-17,Pro,79.9,11,5,Cartão de Crédito,16,0,1278.4
CUST-03521,2025-05-18,Pro,79.9,14,5,Pix,22,0,1757.8
CUST-03522,2024-02-16,Basic,29.9,30,1,Cartão de Crédito,24,0,717.6
CUST-03523,2024-02-08,Enterprise,249.9,14,8,Cartão de Crédito,18,0,4498.2
CUST-03524,2025-09-23,Enterprise,249.9,20,3,Cartão de Crédito,13,0,3248.7
CUST-03525,2024-05-13,Enterprise,249.9,22,4,Cartão de Crédito,15,0,3748.5
CUST-03526,2024-03-23,Basic,29.9,14,10,Cartão de Crédito,22,0,657.8
CUST-03527,2024-02-01,Enterprise,249.9,23,2,Pix,23,0,5747.7
CUST-03528,2024-07-17,Enterprise,249.9,10,6,Boleto,17,0,4248.3
CUST-03529,2025-09-20,Pro,79.9,27,1,Cartão de Crédito,24,0,1917.6
CUST-03530,2025-10-08,Enterprise,249.9,5,9,Boleto,19,0,4748.1
CUST-03531,2025-11-24,Pro,79.9,10,6,Pix,5,1,399.5
CUST-03532,2024-12-02,Enterprise,249.9,27,2,Boleto,24,0,5997.6
CUST-03533,2024-10-09,Enterprise,249.9,0,7,Boleto,6,1,1499.4
CUST-03534,2024-04-30,Enterprise,249.9,23,9,Boleto,16,0,3998.4
CUST-03535,2025-10-20,Pro,79.9,19,5,Cartão de Crédito,14,0,1118.6
CUST-03536,2025-06-10,Pro,79.9,5,9,Pix,13,0,1038.7
CUST-03537,2025-03-26,Basic,29.9,7,9,Boleto,22,0,657.8
CUST-03538,2024-04-20,Pro,79.9,1,1,Cartão de Crédito,8,1,639.2
CUST-03539,2025-09-05,Enterprise,249.9,4,0,Boleto,8,1,1999.2
CUST-03540,2025-04-09,Basic,29.9,6,8,Cartão de Crédito,22,0,657.8
CUST-03541,2024-07-02,Enterprise,249.9,5,1,Pix,21,0,5247.9
CUST-03542,2024-07-29,Pro,79.9,3,3,Cartão de Crédito,14,0,1118.6
CUST-03543,2024-07-01,Pro,79.9,13,8,Boleto,23,0,1837.7
CUST-03544,2025-02-04,Pro,79.9,9,7,Pix,22,0,1757.8
CUST-03545,2025-07-29,Basic,29.9,7,6,Cartão de Crédito,21,0,627.9
CUST-03546,2025-12-03,Enterprise,249.9,5,0,Boleto,14,0,3498.6
CUST-03547,2025-09-18,Enterprise,249.9,8,1,Pix,4,1,999.6
CUST-03548,2025-08-03,Basic,29.9,2,6,Pix,10,1,299.0
CUST-03549,2024-12-08,Enterprise,249.9,9,3,Pix,19,0,4748.1
CUST-03550,2024-11-16,Enterprise,249.9,14,7,Cartão de Crédito,19,0,4748.1
CUST-03551,2025-10-31,Pro,79.9,20,10,Boleto,1,1,79.9
CUST-03552,2025-04-30,Basic,29.9,20,5,Cartão de Crédito,19,0,568.1
CUST-03553,2024-08-21,Basic,29.9,14,3,Pix,24,0,717.6
CUST-03554,2025-01-09,Enterprise,249.9,1,8,Boleto,8,1,1999.2
CUST-03555,2025-02-27,Basic,29.9,30,5,Boleto,15,0,448.5
CUST-03556,2024-01-06,Enterprise,249.9,14,7,Boleto,17,0,4248.3
CUST-03557,2024-07-29,Basic,29.9,27,9,Cartão de Crédito,2,1,59.8
CUST-03558,2024-11-30,Basic,29.9,22,0,Pix,24,0,717.6
CUST-03559,2024-04-20,Pro,79.9,29,0,Pix,21,0,1677.9
CUST-03560,2025-04-04,Enterprise,249.9,27,7,Cartão de Crédito,18,0,4498.2
CUST-03561,2024-06-13,Basic,29.9,26,10,Cartão de Crédito,5,1,149.5
CUST-03562,2025-02-05,Basic,29.9,15,7,Boleto,4,1,119.6
CUST-03563,2024-06-04,Basic,29.9,17,7,Boleto,23,0,687.7
CUST-03564,2025-05-19,Basic,29.9,13,5,Pix,11,1,328.9
CUST-03565,2025-01-17,Enterprise,249.9,19,5,Pix,23,0,5747.7
CUST-03566,2024-12-29,Enterprise,249.9,14,5,Cartão de Crédito,20,0,4998.0
CUST-03567,2024-07-12,Pro,79.9,10,4,Boleto,19,0,1518.1
CUST-03568,2025-08-12,Pro,79.9,14,3,Cartão de Crédito,20,0,1598.0
CUST-03569,2024-08-03,Basic,29.9,9,2,Cartão de Crédito,11,1,328.9
CUST-03570,2024-10-08,Enterprise,249.9,12,9,Pix,5,1,1249.5
CUST-03571,2024-04-30,Pro,79.9,19,2,Boleto,15,0,1198.5
CUST-03572,2024-08-19,Enterprise,249.9,30,3,Cartão de Crédito,14,0,3498.6
CUST-03573,2025-06-05,Basic,29.9,12,2,Boleto,24,0,717.6
CUST-03574,2025-12-28,Enterprise,249.9,3,6,Boleto,11,1,2748.9
CUST-03575,2025-03-16,Basic,29.9,4,7,Pix,3,1,89.7
CUST-03576,2024-12-23,Basic,29.9,20,9,Cartão de Crédito,16,0,478.4
CUST-03577,2024-07-13,Enterprise,249.9,26,6,Cartão de Crédito,8,1,1999.2
CUST-03578,2025-10-30,Pro,79.9,14,2,Cartão de Crédito,23,0,1837.7
CUST-03579,2024-04-29,Pro,79.9,28,1,Cartão de Crédito,22,0,1757.8
CUST-03580,2025-07-06,Enterprise,249.9,16,3,Pix,20,0,4998.0
CUST-03581,2025-02-13,Basic,29.9,9,0,Cartão de Crédito,22,0,657.8
CUST-03582,2025-12-30,Basic,29.9,7,6,Boleto,14,0,418.6
CUST-03583,2024-06-27,Pro,79.9,1,6,Cartão de Crédito,12,1,958.8
CUST-03584,2024-11-01,Basic,29.9,25,1,Boleto,13,0,388.7
CUST-03585,2025-04-04,Basic,29.9,18,3,Cartão de Crédito,22,0,657.8
CUST-03586,2024-04-21,Pro,79.9,30,6,Pix,6,1,479.4
CUST-03587,2025-02-26,Basic,29.9,6,1,Pix,21,0,627.9
CUST-03588,2025-10-07,Enterprise,249.9,1,3,Cartão de Crédito,19,0,4748.1
CUST-03589,2024-09-10,Basic,29.9,28,10,Boleto,5,1,149.5
CUST-03590,2024-09-18,Enterprise,249.9,7,10,Boleto,17,0,4248.3
CUST-03591,2025-06-26,Pro,79.9,18,10,Cartão de Crédito,23,0,1837.7
CUST-03592,2025-09-02,Basic,29.9,5,0,Pix,19,0,568.1
CUST-03593,2025-03-11,Pro,79.9,27,2,Cartão de Crédito,14,0,1118.6
CUST-03594,2025-12-19,Basic,29.9,28,4,Cartão de Crédito,13,0,388.7
CUST-03595,2025-06-27,Pro,79.9,6,10,Cartão de Crédito,10,1,799.0
CUST-03596,2024-12-18,Enterprise,249.9,23,4,Boleto,20,0,4998.0
CUST-03597,2024-10-23,Basic,29.9,11,7,Pix,20,0,598.0
CUST-03598,2025-08-24,Basic,29.9,24,0,Cartão de Crédito,23,0,687.7
CUST-03599,2025-12-18,Basic,29.9,28,5,Cartão de Crédito,13,0,388.7
CUST-03600,2024-05-07,Enterprise,249.9,0,9,Pix,8,1,1999.2
CUST-03601,2024-02-03,Basic,29.9,7,0,Cartão de Crédito,14,0,418.6
CUST-03602,2024-03-02,Basic,29.9,25,0,Boleto,14,0,418.6
CUST-03603,2025-08-30,Pro,79.9,24,5,Pix,20,0,1598.0
CUST-03604,2025-07-03,Basic,29.9,13,9,Cartão de Crédito,14,0,418.6
CUST-03605,2025-06-14,Basic,29.9,6,4,Cartão de Crédito,19,0,568.1
CUST-03606,2024-06-30,Pro,79.9,9,9,Boleto,21,0,1677.9
CUST-03607,2025-02-01,Basic,29.9,14,2,Pix,6,1,179.4
CUST-03608,2024-08-24,Pro,79.9,29,7,Cartão de Crédito,23,0,1837.7
CUST-03609,2024-01-29,Pro,79.9,26,7,Pix,14,0,1118.6
CUST-03610,2024-01-26,Basic,29.9,20,6,Pix,22,0,657.8
CUST-03611,2025-03-27,Enterprise,249.9,11,8,Boleto,23,0,5747.7
CUST-03612,2025-08-11,Enterprise,249.9,20,3,Cartão de Crédito,10,1,2499.0
CUST-03613,2024-07-09,Enterprise,249.9,3,0,Pix,9,1,2249.1
CUST-03614,2025-11-01,Pro,79.9,28,0,Pix,18,0,1438.2
CUST-03615,2025-09-05,Basic,29.9,29,3,Cartão de Crédito,24,0,717.6
CUST-03616,2024-03-01,Enterprise,249.9,12,0,Boleto,16,0,3998.4
CUST-03617,2025-03-14,Basic,29.9,24,4,Boleto,15,0,448.5
CUST-03618,2025-07-19,Pro,79.9,30,5,Boleto,19,0,1518.1
CUST-03619,2025-01-10,Basic,29.9,25,3,Cartão de Crédito,21,0,627.9
CUST-03620,2025-05-23,Pro,79.9,28,9,Pix,9,1,719.1
CUST-03621,2025-11-26,Basic,29.9,17,5,Cartão de Crédito,16,0,478.4
CUST-03622,2024-08-04,Basic,29.9,18,7,Pix,1,1,29.9
CUST-03623,2025-12-20,Basic,29.9,7,3,Pix,13,0,388.7
CUST-03624,2024-09-24,Enterprise,249.9,1,4,Boleto,16,0,3998.4
CUST-03625,2024-01-26,Enterprise,249.9,4,9,Boleto,5,1,1249.5
CUST-03626,2024-09-02,Enterprise,249.9,1,10,Cartão de Crédito,3,1,749.7
CUST-03627,2025-07-08,Basic,29.9,5,6,Cartão de Crédito,11,1,328.9
CUST-03628,2024-11-21,Pro,79.9,25,3,Cartão de Crédito,14,0,1118.6
CUST-03629,2025-08-11,Pro,79.9,16,6,Cartão de Crédito,2,1,159.8
CUST-03630,2025-07-28,Pro,79.9,8,5,Pix,16,0,1278.4
CUST-03631,2024-08-21,Pro,79.9,12,2,Boleto,15,0,1198.5
CUST-03632,2025-11-10,Pro,79.9,26,2,Pix,8,1,639.2
CUST-03633,2024-10-30,Enterprise,249.9,24,0,Boleto,22,0,5497.8
CUST-03634,2024-10-15,Pro,79.9,22,4,Cartão de Crédito,21,0,1677.9
CUST-03635,2025-10-30,Basic,29.9,4,1,Pix,7,1,209.3
CUST-03636,2024-03-10,Basic,29.9,28,5,Cartão de Crédito,24,0,717.6
CUST-03637,2025-04-22,Basic,29.9,19,4,Boleto,20,0,598.0
CUST-03638,2025-05-10,Enterprise,249.9,22,9,Cartão de Crédito,15,0,3748.5
CUST-03639,2025-12-01,Basic,29.9,24,5,Boleto,21,0,627.9
CUST-03640,2024-03-02,Enterprise,249.9,17,7,Cartão de Crédito,4,1,999.6
CUST-03641,2025-02-13,Pro,79.9,21,5,Pix,23,0,1837.7
CUST-03642,2024-03-02,Basic,29.9,21,2,Pix,23,0,687.7
CUST-03643,2025-12-19,Enterprise,249.9,25,0,Pix,13,0,3248.7
CUST-03644,2025-04-02,Pro,79.9,20,9,Cartão de Crédito,17,0,1358.3
CUST-03645,2024-02-24,Pro,79.9,5,5,Cartão de Crédito,15,0,1198.5
CUST-03646,2024-04-13,Pro,79.9,26,2,Pix,24,0,1917.6
CUST-03647,2024-02-18,Pro,79.9,1,6,Cartão de Crédito,8,1,639.2
CUST-03648,2025-09-10,Pro,79.9,25,5,Cartão de Crédito,13,0,1038.7
CUST-03649,2024-09-21,Enterprise,249.9,27,2,Cartão de Crédito,14,0,3498.6
CUST-03650,2024-08-31,Basic,29.9,4,10,Pix,15,0,448.5
CUST-03651,2024-04-13,Enterprise,249.9,29,9,Cartão de Crédito,1,1,249.9
CUST-03652,2024-03-12,Pro,79.9,14,3,Boleto,13,0,1038.7
CUST-03653,2025-11-27,Enterprise,249.9,28,6,Cartão de Crédito,17,0,4248.3
CUST-03654,2025-07-22,Basic,29.9,10,6,Boleto,12,1,358.8
CUST-03655,2024-12-24,Enterprise,249.9,4,9,Pix,9,1,2249.1
CUST-03656,2025-03-09,Enterprise,249.9,3,6,Pix,9,1,2249.1
CUST-03657,2025-06-13,Enterprise,249.9,19,10,Boleto,3,1,749.7
CUST-03658,2024-04-27,Pro,79.9,19,9,Cartão de Crédito,19,0,1518.1
CUST-03659,2024-04-15,Pro,79.9,26,7,Boleto,12,1,958.8
CUST-03660,2025-03-26,Enterprise,249.9,5,1,Cartão de Crédito,18,0,4498.2
CUST-03661,2025-07-26,Basic,29.9,5,9,Boleto,8,1,239.2
CUST-03662,2025-06-30,Pro,79.9,12,7,Cartão de Crédito,20,0,1598.0
CUST-03663,2024-04-01,Pro,79.9,9,1,Pix,24,0,1917.6
CUST-03664,2024-04-14,Enterprise,249.9,3,7,Cartão de Crédito,4,1,999.6
CUST-03665,2025-04-30,Enterprise,249.9,3,2,Cartão de Crédito,23,0,5747.7
CUST-03666,2024-10-13,Basic,29.9,0,2,Pix,20,0,598.0
CUST-03667,2025-04-19,Basic,29.9,10,7,Cartão de Crédito,3,1,89.7
CUST-03668,2024-09-28,Pro,79.9,12,3,Pix,13,0,1038.7
CUST-03669,2024-02-26,Pro,79.9,20,10,Boleto,10,1,799.0
CUST-03670,2024-08-07,Enterprise,249.9,10,4,Cartão de Crédito,1,1,249.9
CUST-03671,2024-10-19,Pro,79.9,23,2,Boleto,14,0,1118.6
CUST-03672,2025-07-08,Pro,79.9,7,9,Pix,18,0,1438.2
CUST-03673,2025-12-27,Basic,29.9,3,1,Pix,20,0,598.0
CUST-03674,2025-04-17,Enterprise,249.9,5,1,Boleto,11,1,2748.9
CUST-03675,2025-01-12,Enterprise,249.9,23,8,Cartão de Crédito,10,1,2499.0
CUST-03676,2024-05-05,Basic,29.9,30,9,Pix,14,0,418.6
CUST-03677,2025-05-28,Basic,29.9,21,0,Pix,18,0,538.2
CUST-03678,2025-05-14,Enterprise,249.9,4,8,Cartão de Crédito,9,1,2249.1
CUST-03679,2024-10-31,Pro,79.9,18,0,Boleto,24,0,1917.6
CUST-03680,2025-06-15,Basic,29.9,5,4,Cartão de Crédito,23,0,687.7
CUST-03681,2025-11-16,Pro,79.9,26,8,Cartão de Crédito,21,0,1677.9
CUST-03682,2024-04-04,Pro,79.9,10,0,Boleto,17,0,1358.3
CUST-03683,2025-11-23,Basic,29.9,18,1,Cartão de Crédito,20,0,598.0
CUST-03684,2024-02-10,Basic,29.9,17,5,Cartão de Crédito,19,0,568.1
CUST-03685,2024-07-15,Basic,29.9,9,3,Boleto,22,0,657.8
CUST-03686,2025-03-10,Enterprise,249.9,22,4,Cartão de Crédito,16,0,3998.4
CUST-03687,2025-05-04,Enterprise,249.9,20,10,Boleto,1,1,249.9
CUST-03688,2024-08-11,Enterprise,249.9,26,4,Cartão de Crédito,23,0,5747.7
CUST-03689,2025-03-25,Basic,29.9,29,4,Pix,16,0,478.4
CUST-03690,2025-06-14,Pro,79.9,13,8,Cartão de Crédito,23,0,1837.7
CUST-03691,2025-09-25,Basic,29.9,10,9,Cartão de Crédito,17,0,508.3
CUST-03692,2025-08-21,Enterprise,249.9,0,3,Boleto,19,0,4748.1
CUST-03693,2024-11-27,Basic,29.9,0,10,Boleto,11,1,328.9
CUST-03694,2024-11-06,Pro,79.9,16,5,Pix,17,0,1358.3
CUST-03695,2025-11-21,Pro,79.9,28,6,Cartão de Crédito,24,0,1917.6
CUST-03696,2024-09-12,Enterprise,249.9,14,3,Cartão de Crédito,23,0,5747.7
CUST-03697,2024-04-15,Pro,79.9,15,5,Pix,18,0,1438.2
CUST-03698,2025-09-20,Pro,79.9,22,2,Boleto,22,0,1757.8
CUST-03699,2025-01-12,Basic,29.9,11,10,Pix,23,0,687.7
CUST-03700,2025-04-25,Basic,29.9,0,9,Boleto,12,1,358.8
CUST-03701,2025-09-30,Pro,79.9,27,4,Pix,14,0,1118.6
CUST-03702,2024-09-09,Enterprise,249.9,5,1,Cartão de Crédito,24,0,5997.6
CUST-03703,2025-06-21,Pro,79.9,3,4,Pix,21,0,1677.9
CUST-03704,2024-03-18,Enterprise,249.9,0,3,Boleto,16,0,3998.4
CUST-03705,2024-05-27,Pro,79.9,22,4,Pix,19,0,1518.1
CUST-03706,2024-03-19,Enterprise,249.9,11,4,Pix,21,0,5247.9
CUST-03707,2024-05-19,Basic,29.9,18,4,Boleto,2,1,59.8
CUST-03708,2024-08-12,Enterprise,249.9,20,0,Pix,14,0,3498.6
CUST-03709,2024-10-14,Enterprise,249.9,26,0,Cartão de Crédito,20,0,4998.0
CUST-03710,2024-05-16,Basic,29.9,29,10,Cartão de Crédito,12,1,358.8
CUST-03711,2025-05-06,Basic,29.9,27,8,Pix,3,1,89.7
CUST-03712,2025-12-19,Pro,79.9,2,2,Boleto,16,0,1278.4
CUST-03713,2025-06-08,Pro,79.9,22,4,Pix,4,1,319.6
CUST-03714,2024-03-15,Enterprise,249.9,23,9,Cartão de Crédito,14,0,3498.6
CUST-03715,2024-03-02,Enterprise,249.9,19,8,Boleto,22,0,5497.8
CUST-03716,2025-11-03,Enterprise,249.9,28,0,Boleto,15,0,3748.5
CUST-03717,2024-03-17,Enterprise,249.9,14,1,Cartão de Crédito,19,0,4748.1
CUST-03718,2025-01-04,Pro,79.9,28,7,Boleto,19,0,1518.1
CUST-03719,2025-01-16,Basic,29.9,28,8,Pix,12,1,358.8
CUST-03720,2024-07-03,Pro,79.9,11,7,Pix,20,0,1598.0
CUST-03721,2024-09-05,Basic,29.9,21,5,Cartão de Crédito,21,0,627.9
CUST-03722,2025-01-06,Enterprise,249.9,23,0,Boleto,15,0,3748.5
CUST-03723,2024-08-28,Pro,79.9,10,3,Pix,20,0,1598.0
CUST-03724,2024-06-06,Basic,29.9,23,10,Boleto,17,0,508.3
CUST-03725,2025-01-14,Pro,79.9,16,1,Cartão de Crédito,18,0,1438.2
CUST-03726,2025-08-07,Enterprise,249.9,18,5,Cartão de Crédito,24,0,5997.6
CUST-03727,2024-01-03,Enterprise,249.9,26,9,Boleto,12,1,2998.8
CUST-03728,2024-10-15,Pro,79.9,15,4,Pix,23,0,1837.7
CUST-03729,2025-10-05,Basic,29.9,9,7,Pix,6,1,179.4
CUST-03730,2025-03-04,Basic,29.9,5,7,Boleto,22,0,657.8
CUST-03731,2024-08-20,Pro,79.9,12,8,Boleto,3,1,239.7
CUST-03732,2024-10-30,Enterprise,249.9,12,8,Boleto,2,1,499.8
CUST-03733,2024-03-30,Pro,79.9,9,6,Boleto,14,0,1118.6
CUST-03734,2024-07-10,Basic,29.9,10,9,Pix,1,1,29.9
CUST-03735,2025-04-08,Enterprise,249.9,15,0,Boleto,13,0,3248.7
CUST-03736,2025-12-17,Pro,79.9,26,8,Boleto,16,0,1278.4
CUST-03737,2025-09-17,Pro,79.9,26,3,Pix,21,0,1677.9
CUST-03738,2025-09-22,Basic,29.9,12,3,Pix,18,0,538.2
CUST-03739,2024-12-07,Basic,29.9,19,10,Pix,13,0,388.7
CUST-03740,2025-03-08,Pro,79.9,13,8,Boleto,24,0,1917.6
CUST-03741,2025-09-16,Enterprise,249.9,13,2,Boleto,20,0,4998.0
CUST-03742,2024-08-24,Enterprise,249.9,26,8,Cartão de Crédito,23,0,5747.7
CUST-03743,2025-06-17,Pro,79.9,8,3,Pix,13,0,1038.7
CUST-03744,2025-04-11,Pro,79.9,13,2,Pix,8,1,639.2
CUST-03745,2025-05-18,Basic,29.9,1,9,Cartão de Crédito,7,1,209.3
CUST-03746,2025-10-24,Enterprise,249.9,10,3,Cartão de Crédito,2,1,499.8
CUST-03747,2024-04-14,Pro,79.9,27,4,Boleto,20,0,1598.0
CUST-03748,2024-09-20,Pro,79.9,13,8,Pix,9,1,719.1
CUST-03749,2025-01-13,Pro,79.9,17,9,Boleto,24,0,1917.6
CUST-03750,2024-07-09,Pro,79.9,6,5,Pix,22,0,1757.8
CUST-03751,2025-08-26,Basic,29.9,8,4,Boleto,24,0,717.6
CUST-03752,2024-10-03,Enterprise,249.9,10,6,Boleto,21,0,5247.9
CUST-03753,2025-03-01,Pro,79.9,15,10,Pix,15,0,1198.5
CUST-03754,2025-01-02,Enterprise,249.9,12,5,Cartão de Crédito,20,0,4998.0
CUST-03755,2024-05-24,Pro,79.9,29,8,Boleto,15,0,1198.5
CUST-03756,2025-05-31,Enterprise,249.9,24,10,Boleto,21,0,5247.9
CUST-03757,2025-09-27,Basic,29.9,12,10,Pix,20,0,598.0
CUST-03758,2025-07-29,Pro,79.9,14,9,Boleto,11,1,878.9
CUST-03759,2024-11-01,Pro,79.9,27,4,Pix,23,0,1837.7
CUST-03760,2025-10-24,Basic,29.9,6,10,Boleto,2,1,59.8
CUST-03761,2024-07-31,Enterprise,249.9,1,2,Cartão de Crédito,1,1,249.9
CUST-03762,2024-10-06,Basic,29.9,4,10,Pix,8,1,239.2
CUST-03763,2024-08-19,Enterprise,249.9,5,0,Boleto,18,0,4498.2
CUST-03764,2024-03-24,Basic,29.9,25,1,Pix,13,0,388.7
CUST-03765,2025-04-16,Pro,79.9,10,4,Cartão de Crédito,24,0,1917.6
CUST-03766,2024-03-15,Pro,79.9,1,2,Cartão de Crédito,24,0,1917.6
CUST-03767,2025-09-10,Pro,79.9,1,0,Boleto,15,0,1198.5
CUST-03768,2025-05-08,Enterprise,249.9,11,5,Pix,21,0,5247.9
CUST-03769,2024-03-23,Basic,29.9,5,10,Cartão de Crédito,4,1,119.6
CUST-03770,2024-11-01,Enterprise,249.9,27,2,Pix,18,0,4498.2
CUST-03771,2024-02-01,Basic,29.9,29,9,Cartão de Crédito,13,0,388.7
CUST-03772,2024-09-13,Enterprise,249.9,27,1,Cartão de Crédito,14,0,3498.6
CUST-03773,2024-07-16,Pro,79.9,9,8,Boleto,5,1,399.5
CUST-03774,2024-09-20,Pro,79.9,20,4,Pix,23,0,1837.7
CUST-03775,2025-01-25,Basic,29.9,0,2,Pix,4,1,119.6
CUST-03776,2024-03-31,Basic,29.9,10,6,Cartão de Crédito,13,0,388.7
CUST-03777,2024-09-30,Basic,29.9,1,10,Pix,4,1,119.6
CUST-03778,2025-03-20,Basic,29.9,9,8,Cartão de Crédito,18,0,538.2
CUST-03779,2025-04-21,Pro,79.9,20,4,Pix,18,0,1438.2
CUST-03780,2024-12-19,Basic,29.9,11,4,Pix,14,0,418.6
CUST-03781,2024-01-18,Pro,79.9,18,4,Boleto,23,0,1837.7
CUST-03782,2024-02-17,Enterprise,249.9,8,10,Boleto,11,1,2748.9
CUST-03783,2025-12-14,Pro,79.9,17,6,Cartão de Crédito,17,0,1358.3
CUST-03784,2024-02-02,Pro,79.9,12,0,Pix,24,0,1917.6
CUST-03785,2024-02-25,Basic,29.9,30,2,Cartão de Crédito,13,0,388.7
CUST-03786,2024-09-09,Basic,29.9,0,9,Boleto,23,0,687.7
CUST-03787,2024-02-16,Enterprise,249.9,4,8,Boleto,14,0,3498.6
CUST-03788,2025-07-02,Enterprise,249.9,18,1,Cartão de Crédito,13,0,3248.7
CUST-03789,2025-08-31,Pro,79.9,15,6,Boleto,7,1,559.3
CUST-03790,2025-02-07,Basic,29.9,26,9,Boleto,13,0,388.7
CUST-03791,2025-01-20,Enterprise,249.9,16,1,Cartão de Crédito,14,0,3498.6
CUST-03792,2024-07-27,Enterprise,249.9,24,5,Boleto,6,1,1499.4
CUST-03793,2025-02-11,Basic,29.9,19,7,Pix,14,0,418.6
CUST-03794,2025-07-07,Pro,79.9,12,1,Pix,23,0,1837.7
CUST-03795,2025-07-21,Enterprise,249.9,27,6,Boleto,5,1,1249.5
CUST-03796,2025-08-30,Enterprise,249.9,22,6,Boleto,18,0,4498.2
CUST-03797,2024-12-31,Basic,29.9,25,2,Cartão de Crédito,19,0,568.1
CUST-03798,2024-11-22,Enterprise,249.9,6,8,Cartão de Crédito,16,0,3998.4
CUST-03799,2025-05-25,Basic,29.9,1,6,Pix,12,1,358.8
CUST-03800,2025-08-19,Pro,79.9,21,1,Boleto,20,0,1598.0
CUST-03801,2025-05-04,Basic,29.9,28,4,Cartão de Crédito,18,0,538.2
CUST-03802,2024-10-29,Basic,29.9,1,6,Pix,7,1,209.3
CUST-03803,2025-12-09,Pro,79.9,13,5,Pix,22,0,1757.8
CUST-03804,2024-10-08,Basic,29.9,25,10,Boleto,21,0,627.9
CUST-03805,2024-08-23,Pro,79.9,4,2,Pix,21,0,1677.9
CUST-03806,2025-12-12,Enterprise,249.9,6,1,Boleto,10,1,2499.0
CUST-03807,2025-01-16,Basic,29.9,23,6,Cartão de Crédito,22,0,657.8
CUST-03808,2024-05-18,Basic,29.9,5,4,Cartão de Crédito,13,0,388.7
CUST-03809,2025-05-10,Enterprise,249.9,8,8,Cartão de Crédito,15,0,3748.5
CUST-03810,2025-03-10,Enterprise,249.9,13,6,Boleto,22,0,5497.8
CUST-03811,2025-05-18,Pro,79.9,30,2,Boleto,24,0,1917.6
CUST-03812,2025-07-20,Pro,79.9,7,8,Boleto,8,1,639.2
CUST-03813,2024-08-18,Basic,29.9,0,9,Pix,5,1,149.5
CUST-03814,2024-01-08,Basic,29.9,1,2,Boleto,23,0,687.7
CUST-03815,2024-02-15,Enterprise,249.9,4,9,Boleto,2,1,499.8
CUST-03816,2024-11-28,Basic,29.9,15,2,Pix,20,0,598.0
CUST-03817,2024-10-15,Pro,79.9,18,2,Boleto,22,0,1757.8
CUST-03818,2025-04-24,Basic,29.9,19,8,Boleto,17,0,508.3
CUST-03819,2025-03-27,Basic,29.9,26,10,Pix,8,1,239.2
CUST-03820,2024-08-31,Basic,29.9,24,2,Cartão de Crédito,19,0,568.1
CUST-03821,2025-02-14,Enterprise,249.9,29,2,Pix,22,0,5497.8
CUST-03822,2024-11-17,Pro,79.9,17,7,Pix,24,0,1917.6
CUST-03823,2025-05-08,Enterprise,249.9,19,7,Pix,23,0,5747.7
CUST-03824,2025-10-17,Basic,29.9,8,4,Pix,17,0,508.3
CUST-03825,2024-01-21,Pro,79.9,20,4,Boleto,23,0,1837.7
CUST-03826,2025-05-27,Enterprise,249.9,24,10,Cartão de Crédito,12,1,2998.8
CUST-03827,2024-11-18,Basic,29.9,16,1,Boleto,13,0,388.7
CUST-03828,2024-03-22,Enterprise,249.9,24,3,Pix,22,0,5497.8
CUST-03829,2024-05-01,Basic,29.9,2,1,Boleto,6,1,179.4
CUST-03830,2024-09-25,Pro,79.9,29,8,Pix,2,1,159.8
CUST-03831,2025-04-09,Enterprise,249.9,12,8,Pix,7,1,1749.3
CUST-03832,2024-12-02,Basic,29.9,17,8,Boleto,21,0,627.9
CUST-03833,2025-05-16,Pro,79.9,17,8,Cartão de Crédito,5,1,399.5
CUST-03834,2025-11-24,Enterprise,249.9,25,10,Cartão de Crédito,5,1,1249.5
CUST-03835,2025-01-03,Enterprise,249.9,4,2,Pix,11,1,2748.9
CUST-03836,2024-08-08,Pro,79.9,18,5,Boleto,19,0,1518.1
CUST-03837,2025-07-14,Basic,29.9,16,0,Pix,16,0,478.4
CUST-03838,2024-03-09,Pro,79.9,7,6,Boleto,22,0,1757.8
CUST-03839,2024-06-29,Pro,79.9,26,1,Cartão de Crédito,15,0,1198.5
CUST-03840,2025-12-05,Enterprise,249.9,26,8,Pix,24,0,5997.6
CUST-03841,2025-05-27,Basic,29.9,29,9,Boleto,14,0,418.6
CUST-03842,2025-07-22,Pro,79.9,1,1,Cartão de Crédito,5,1,399.5
CUST-03843,2024-02-24,Pro,79.9,16,9,Pix,15,0,1198.5
CUST-03844,2025-02-27,Enterprise,249.9,10,0,Boleto,17,0,4248.3
CUST-03845,2024-11-12,Pro,79.9,19,1,Boleto,18,0,1438.2
CUST-03846,2024-11-20,Enterprise,249.9,7,0,Pix,23,0,5747.7
CUST-03847,2024-10-14,Basic,29.9,30,8,Cartão de Crédito,14,0,418.6
CUST-03848,2025-09-07,Enterprise,249.9,3,9,Pix,5,1,1249.5
CUST-03849,2025-10-12,Basic,29.9,30,1,Boleto,15,0,448.5
CUST-03850,2024-09-24,Basic,29.9,18,4,Pix,20,0,598.0
CUST-03851,2024-11-23,Basic,29.9,12,6,Cartão de Crédito,7,1,209.3
CUST-03852,2024-02-12,Pro,79.9,8,1,Pix,19,0,1518.1
CUST-03853,2025-10-12,Basic,29.9,17,7,Cartão de Crédito,17,0,508.3
CUST-03854,2024-08-25,Enterprise,249.9,29,4,Cartão de Crédito,19,0,4748.1
CUST-03855,2024-07-18,Enterprise,249.9,3,3,Cartão de Crédito,8,1,1999.2
CUST-03856,2025-10-14,Pro,79.9,10,0,Cartão de Crédito,18,0,1438.2
CUST-03857,2025-04-03,Enterprise,249.9,30,4,Cartão de Crédito,21,0,5247.9
CUST-03858,2024-04-21,Basic,29.9,20,8,Cartão de Crédito,12,1,358.8
CUST-03859,2025-03-16,Pro,79.9,10,10,Cartão de Crédito,12,1,958.8
CUST-03860,2025-06-28,Basic,29.9,11,9,Boleto,23,0,687.7
CUST-03861,2025-08-23,Basic,29.9,6,4,Pix,15,0,448.5
CUST-03862,2025-04-03,Basic,29.9,8,4,Boleto,15,0,448.5
CUST-03863,2025-03-31,Pro,79.9,24,5,Boleto,20,0,1598.0
CUST-03864,2024-02-16,Basic,29.9,11,0,Cartão de Crédito,14,0,418.6
CUST-03865,2024-05-15,Enterprise,249.9,8,8,Cartão de Crédito,15,0,3748.5
CUST-03866,2025-06-29,Pro,79.9,24,10,Boleto,13,0,1038.7
CUST-03867,2024-12-28,Basic,29.9,28,9,Pix,23,0,687.7
CUST-03868,2025-07-29,Basic,29.9,2,6,Pix,8,1,239.2
CUST-03869,2025-09-02,Enterprise,249.9,19,0,Cartão de Crédito,20,0,4998.0
CUST-03870,2025-10-31,Enterprise,249.9,22,6,Pix,11,1,2748.9
CUST-03871,2024-11-09,Enterprise,249.9,26,8,Cartão de Crédito,6,1,1499.4
CUST-03872,2025-06-10,Basic,29.9,8,2,Pix,14,0,418.6
CUST-03873,2025-04-01,Basic,29.9,11,6,Pix,13,0,388.7
CUST-03874,2024-06-04,Basic,29.9,7,5,Pix,16,0,478.4
CUST-03875,2025-12-21,Pro,79.9,2,7,Pix,6,1,479.4
CUST-03876,2025-03-04,Pro,79.9,24,9,Pix,16,0,1278.4
CUST-03877,2025-04-01,Pro,79.9,16,10,Pix,8,1,639.2
CUST-03878,2025-08-06,Pro,79.9,7,7,Cartão de Crédito,18,0,1438.2
CUST-03879,2025-07-13,Enterprise,249.9,12,8,Boleto,13,0,3248.7
CUST-03880,2024-09-25,Pro,79.9,13,8,Pix,7,1,559.3
CUST-03881,2024-07-16,Basic,29.9,27,2,Boleto,18,0,538.2
CUST-03882,2024-05-17,Enterprise,249.9,29,5,Cartão de Crédito,14,0,3498.6
CUST-03883,2025-10-01,Basic,29.9,29,6,Cartão de Crédito,23,0,687.7
CUST-03884,2025-03-27,Basic,29.9,8,5,Pix,23,0,687.7
CUST-03885,2024-09-22,Basic,29.9,3,10,Cartão de Crédito,4,1,119.6
CUST-03886,2025-04-16,Pro,79.9,22,7,Boleto,12,1,958.8
CUST-03887,2025-09-15,Enterprise,249.9,16,10,Pix,13,0,3248.7
CUST-03888,2024-11-17,Basic,29.9,7,7,Boleto,22,0,657.8
CUST-03889,2024-01-17,Enterprise,249.9,8,8,Boleto,20,0,4998.0
CUST-03890,2024-09-17,Basic,29.9,7,10,Boleto,17,0,508.3
CUST-03891,2025-04-21,Basic,29.9,21,5,Boleto,23,0,687.7
CUST-03892,2024-11-05,Enterprise,249.9,20,5,Boleto,24,0,5997.6
CUST-03893,2024-03-20,Pro,79.9,13,9,Pix,6,1,479.4
CUST-03894,2025-09-07,Enterprise,249.9,14,3,Cartão de Crédito,16,0,3998.4
CUST-03895,2024-02-23,Enterprise,249.9,26,8,Boleto,21,0,5247.9
CUST-03896,2024-03-07,Pro,79.9,11,1,Pix,17,0,1358.3
CUST-03897,2024-10-06,Enterprise,249.9,19,9,Cartão de Crédito,19,0,4748.1
CUST-03898,2024-09-22,Pro,79.9,12,4,Pix,23,0,1837.7
CUST-03899,2025-09-18,Pro,79.9,26,5,Cartão de Crédito,18,0,1438.2
CUST-03900,2025-05-25,Pro,79.9,6,3,Pix,19,0,1518.1
CUST-03901,2025-12-05,Enterprise,249.9,28,5,Cartão de Crédito,13,0,3248.7
CUST-03902,2024-06-30,Enterprise,249.9,5,10,Pix,7,1,1749.3
CUST-03903,2025-06-04,Pro,79.9,10,3,Cartão de Crédito,14,0,1118.6
CUST-03904,2025-10-15,Enterprise,249.9,23,7,Cartão de Crédito,22,0,5497.8
CUST-03905,2025-10-11,Pro,79.9,13,2,Pix,15,0,1198.5
CUST-03906,2024-09-03,Pro,79.9,22,7,Pix,18,0,1438.2
CUST-03907,2025-09-17,Basic,29.9,2,2,Boleto,2,1,59.8
CUST-03908,2024-01-27,Basic,29.9,21,0,Pix,17,0,508.3
CUST-03909,2024-05-08,Pro,79.9,28,4,Boleto,20,0,1598.0
CUST-03910,2025-12-06,Pro,79.9,10,1,Cartão de Crédito,20,0,1598.0
CUST-03911,2024-12-28,Enterprise,249.9,3,9,Boleto,6,1,1499.4
CUST-03912,2024-07-01,Basic,29.9,6,10,Boleto,2,1,59.8
CUST-03913,2024-11-14,Enterprise,249.9,0,1,Pix,6,1,1499.4
CUST-03914,2024-11-18,Basic,29.9,8,2,Pix,16,0,478.4
CUST-03915,2024-11-04,Basic,29.9,1,5,Boleto,16,0,478.4
CUST-03916,2024-12-02,Enterprise,249.9,20,10,Boleto,9,1,2249.1
CUST-03917,2024-01-06,Basic,29.9,26,7,Pix,19,0,568.1
CUST-03918,2024-07-22,Basic,29.9,19,0,Cartão de Crédito,15,0,448.5
CUST-03919,2025-01-23,Enterprise,249.9,0,5,Pix,14,0,3498.6
CUST-03920,2025-09-18,Basic,29.9,28,0,Cartão de Crédito,13,0,388.7
CUST-03921,2025-03-06,Enterprise,249.9,23,9,Boleto,23,0,5747.7
CUST-03922,2024-10-14,Pro,79.9,17,6,Pix,24,0,1917.6
CUST-03923,2024-09-15,Enterprise,249.9,0,9,Pix,10,1,2499.0
CUST-03924,2024-05-16,Pro,79.9,8,4,Pix,17,0,1358.3
CUST-03925,2025-01-31,Pro,79.9,4,8,Boleto,16,0,1278.4
CUST-03926,2024-06-13,Enterprise,249.9,10,5,Boleto,20,0,4998.0
CUST-03927,2025-05-16,Basic,29.9,18,5,Boleto,14,0,418.6
CUST-03928,2024-08-23,Pro,79.9,22,0,Cartão de Crédito,3,1,239.7
CUST-03929,2025-06-19,Pro,79.9,4,8,Boleto,11,1,878.9
CUST-03930,2024-03-14,Enterprise,249.9,4,3,Pix,12,1,2998.8
CUST-03931,2025-07-17,Enterprise,249.9,18,0,Cartão de Crédito,19,0,4748.1
CUST-03932,2025-10-06,Enterprise,249.9,3,0,Cartão de Crédito,16,0,3998.4
CUST-03933,2024-09-09,Pro,79.9,15,3,Pix,17,0,1358.3
CUST-03934,2025-05-28,Pro,79.9,19,4,Pix,19,0,1518.1
CUST-03935,2024-06-04,Basic,29.9,23,1,Pix,18,0,538.2
CUST-03936,2024-05-30,Pro,79.9,12,3,Boleto,24,0,1917.6
CUST-03937,2024-06-17,Pro,79.9,17,5,Pix,24,0,1917.6
CUST-03938,2025-10-29,Enterprise,249.9,7,6,Boleto,19,0,4748.1
CUST-03939,2024-09-25,Basic,29.9,8,1,Cartão de Crédito,15,0,448.5
CUST-03940,2024-04-05,Pro,79.9,0,5,Boleto,19,0,1518.1
CUST-03941,2025-06-19,Pro,79.9,8,5,Boleto,24,0,1917.6
CUST-03942,2024-06-30,Basic,29.9,3,9,Boleto,7,1,209.3
CUST-03943,2025-01-05,Basic,29.9,10,3,Boleto,14,0,418.6
CUST-03944,2025-01-18,Pro,79.9,25,1,Pix,13,0,1038.7
CUST-03945,2025-06-27,Basic,29.9,24,4,Boleto,18,0,538.2
CUST-03946,2024-09-12,Basic,29.9,22,2,Boleto,24,0,717.6
CUST-03947,2025-10-09,Enterprise,249.9,0,2,Boleto,21,0,5247.9
CUST-03948,2025-04-27,Pro,79.9,6,7,Boleto,21,0,1677.9
CUST-03949,2024-08-25,Pro,79.9,17,6,Pix,2,1,159.8
CUST-03950,2024-03-28,Basic,29.9,3,9,Boleto,15,0,448.5
CUST-03951,2025-09-17,Basic,29.9,13,4,Boleto,23,0,687.7
CUST-03952,2025-01-18,Enterprise,249.9,28,4,Cartão de Crédito,20,0,4998.0
CUST-03953,2024-11-10,Enterprise,249.9,9,8,Cartão de Crédito,1,1,249.9
CUST-03954,2024-05-11,Enterprise,249.9,25,9,Cartão de Crédito,17,0,4248.3
CUST-03955,2024-01-04,Pro,79.9,2,4,Cartão de Crédito,12,1,958.8
CUST-03956,2025-03-04,Basic,29.9,17,4,Boleto,14,0,418.6
CUST-03957,2025-01-24,Enterprise,249.9,28,3,Cartão de Crédito,19,0,4748.1
CUST-03958,2024-08-04,Enterprise,249.9,25,10,Pix,15,0,3748.5
CUST-03959,2024-01-02,Pro,79.9,13,1,Pix,17,0,1358.3
CUST-03960,2025-10-17,Pro,79.9,24,4,Cartão de Crédito,16,0,1278.4
CUST-03961,2025-06-17,Basic,29.9,20,10,Boleto,19,0,568.1
CUST-03962,2024-06-24,Pro,79.9,5,7,Cartão de Crédito,12,1,958.8
CUST-03963,2025-05-03,Basic,29.9,27,10,Boleto,18,0,538.2
CUST-03964,2025-01-11,Pro,79.9,25,9,Cartão de Crédito,4,1,319.6
CUST-03965,2025-09-18,Enterprise,249.9,8,9,Boleto,18,0,4498.2
CUST-03966,2024-11-22,Basic,29.9,15,2,Pix,14,0,418.6
CUST-03967,2025-08-31,Pro,79.9,19,8,Boleto,6,1,479.4
CUST-03968,2024-10-05,Pro,79.9,14,10,Pix,3,1,239.7
CUST-03969,2024-02-05,Basic,29.9,7,2,Pix,9,1,269.1
CUST-03970,2025-11-13,Basic,29.9,12,7,Pix,13,0,388.7
CUST-03971,2025-07-24,Enterprise,249.9,12,9,Cartão de Crédito,10,1,2499.0
CUST-03972,2025-08-08,Enterprise,249.9,3,10,Pix,4,1,999.6
CUST-03973,2025-09-08,Pro,79.9,29,5,Pix,20,0,1598.0
CUST-03974,2024-04-23,Enterprise,249.9,8,7,Pix,8,1,1999.2
CUST-03975,2024-01-12,Pro,79.9,23,5,Boleto,1,1,79.9
CUST-03976,2025-02-19,Enterprise,249.9,16,1,Cartão de Crédito,22,0,5497.8
CUST-03977,2025-10-13,Enterprise,249.9,27,6,Pix,7,1,1749.3
CUST-03978,2024-10-11,Basic,29.9,1,2,Boleto,14,0,418.6
CUST-03979,2024-09-02,Basic,29.9,18,0,Boleto,14,0,418.6
CUST-03980,2025-10-24,Enterprise,249.9,4,1,Boleto,13,0,3248.7
CUST-03981,2024-01-25,Basic,29.9,7,4,Pix,18,0,538.2
CUST-03982,2024-05-23,Enterprise,249.9,4,0,Cartão de Crédito,7,1,1749.3
CUST-03983,2024-06-29,Basic,29.9,23,7,Boleto,18,0,538.2
CUST-03984,2025-05-19,Enterprise,249.9,2,3,Boleto,23,0,5747.7
CUST-03985,2024-05-18,Pro,79.9,5,6,Cartão de Crédito,19,0,1518.1
CUST-03986,2025-05-15,Enterprise,249.9,25,2,Cartão de Crédito,13,0,3248.7
CUST-03987,2024-08-02,Pro,79.9,6,1,Pix,21,0,1677.9
CUST-03988,2025-08-01,Basic,29.9,22,5,Boleto,18,0,538.2
CUST-03989,2024-11-07,Basic,29.9,22,4,Boleto,15,0,448.5
CUST-03990,2024-07-13,Enterprise,249.9,15,4,Cartão de Crédito,13,0,3248.7
CUST-03991,2024-05-01,Enterprise,249.9,19,8,Boleto,17,0,4248.3
CUST-03992,2025-02-03,Enterprise,249.9,7,8,Cartão de Crédito,21,0,5247.9
CUST-03993,2024-11-30,Pro,79.9,13,5,Pix,24,0,1917.6
CUST-03994,2024-11-14,Enterprise,249.9,16,4,Pix,16,0,3998.4
CUST-03995,2025-09-10,Enterprise,249.9,1,9,Boleto,14,0,3498.6
CUST-03996,2025-05-26,Enterprise,249.9,9,1,Pix,20,0,4998.0
CUST-03997,2024-02-16,Pro,79.9,19,4,Boleto,23,0,1837.7
CUST-03998,2024-09-07,Enterprise,249.9,2,4,Cartão de Crédito,21,0,5247.9
CUST-03999,2025-08-20,Basic,29.9,0,0,Boleto,1,1,29.9
CUST-04000,2024-12-13,Basic,29.9,4,4,Cartão de Crédito,17,0,508.3
CUST-04001,2024-12-11,Basic,29.9,5,7,Cartão de Crédito,20,0,598.0
CUST-04002,2024-05-31,Basic,29.9,24,9,Boleto,7,1,209.3
CUST-04003,2025-08-19,Basic,29.9,23,6,Cartão de Crédito,22,0,657.8
CUST-04004,2025-10-27,Enterprise,249.9,6,0,Boleto,7,1,1749.3
CUST-04005,2024-08-01,Basic,29.9,23,9,Cartão de Crédito,13,0,388.7
CUST-04006,2025-01-13,Enterprise,249.9,9,5,Pix,17,0,4248.3
CUST-04007,2024-12-17,Pro,79.9,10,4,Pix,24,0,1917.6
CUST-04008,2024-03-12,Enterprise,249.9,2,7,Cartão de Crédito,7,1,1749.3
CUST-04009,2025-06-26,Basic,29.9,18,8,Cartão de Crédito,8,1,239.2
CUST-04010,2025-09-20,Basic,29.9,10,5,Pix,17,0,508.3
CUST-04011,2024-01-17,Pro,79.9,12,10,Boleto,15,0,1198.5
CUST-04012,2025-08-31,Enterprise,249.9,26,2,Boleto,9,1,2249.1
CUST-04013,2025-10-10,Enterprise,249.9,15,0,Pix,17,0,4248.3
CUST-04014,2024-03-16,Basic,29.9,24,10,Pix,12,1,358.8
CUST-04015,2024-11-08,Basic,29.9,15,3,Boleto,16,0,478.4
CUST-04016,2024-11-21,Enterprise,249.9,18,6,Cartão de Crédito,24,0,5997.6
CUST-04017,2025-11-15,Basic,29.9,21,3,Pix,17,0,508.3
CUST-04018,2024-10-16,Enterprise,249.9,26,8,Pix,13,0,3248.7
CUST-04019,2024-01-02,Pro,79.9,14,9,Boleto,17,0,1358.3
CUST-04020,2025-04-24,Basic,29.9,29,5,Pix,21,0,627.9
CUST-04021,2024-04-05,Basic,29.9,10,6,Boleto,22,0,657.8
CUST-04022,2025-03-15,Basic,29.9,15,9,Pix,4,1,119.6
CUST-04023,2025-06-07,Pro,79.9,9,8,Boleto,15,0,1198.5
CUST-04024,2025-06-04,Pro,79.9,26,0,Cartão de Crédito,9,1,719.1
CUST-04025,2024-09-21,Basic,29.9,30,4,Boleto,15,0,448.5
CUST-04026,2025-06-02,Pro,79.9,1,0,Cartão de Crédito,10,1,799.0
CUST-04027,2025-06-04,Basic,29.9,10,2,Cartão de Crédito,17,0,508.3
CUST-04028,2025-09-21,Basic,29.9,29,9,Boleto,21,0,627.9
CUST-04029,2025-02-19,Pro,79.9,2,1,Boleto,4,1,319.6
CUST-04030,2024-12-28,Pro,79.9,2,10,Boleto,19,0,1518.1
CUST-04031,2024-01-13,Basic,29.9,29,3,Boleto,13,0,388.7
CUST-04032,2024-05-03,Enterprise,249.9,27,0,Pix,21,0,5247.9
CUST-04033,2025-10-03,Pro,79.9,8,8,Pix,18,0,1438.2
CUST-04034,2025-07-17,Basic,29.9,27,0,Cartão de Crédito,24,0,717.6
CUST-04035,2024-06-04,Pro,79.9,5,3,Pix,20,0,1598.0
CUST-04036,2024-08-13,Pro,79.9,29,9,Cartão de Crédito,1,1,79.9
CUST-04037,2024-02-13,Enterprise,249.9,2,9,Boleto,12,1,2998.8
CUST-04038,2025-05-27,Pro,79.9,29,5,Cartão de Crédito,22,0,1757.8
CUST-04039,2024-02-11,Basic,29.9,17,9,Pix,5,1,149.5
CUST-04040,2025-07-26,Basic,29.9,27,1,Boleto,17,0,508.3
CUST-04041,2025-12-07,Enterprise,249.9,7,5,Pix,13,0,3248.7
CUST-04042,2025-07-02,Enterprise,249.9,0,2,Pix,10,1,2499.0
CUST-04043,2024-10-01,Pro,79.9,15,0,Boleto,18,0,1438.2
CUST-04044,2024-11-29,Pro,79.9,6,1,Cartão de Crédito,19,0,1518.1
CUST-04045,2025-02-11,Pro,79.9,13,3,Cartão de Crédito,18,0,1438.2
CUST-04046,2025-04-27,Enterprise,249.9,30,5,Cartão de Crédito,21,0,5247.9
CUST-04047,2025-10-05,Enterprise,249.9,5,10,Pix,9,1,2249.1
CUST-04048,2025-05-11,Pro,79.9,8,4,Cartão de Crédito,16,0,1278.4
CUST-04049,2024-09-01,Enterprise,249.9,28,4,Pix,22,0,5497.8
CUST-04050,2024-01-04,Pro,79.9,16,4,Boleto,14,0,1118.6
CUST-04051,2024-05-02,Basic,29.9,21,9,Boleto,1,1,29.9
CUST-04052,2025-04-29,Basic,29.9,22,6,Boleto,10,1,299.0
CUST-04053,2024-12-24,Enterprise,249.9,27,3,Boleto,23,0,5747.7
CUST-04054,2024-08-15,Pro,79.9,17,0,Pix,19,0,1518.1
CUST-04055,2025-06-12,Pro,79.9,7,2,Cartão de Crédito,14,0,1118.6
CUST-04056,2025-11-18,Pro,79.9,21,3,Cartão de Crédito,21,0,1677.9
CUST-04057,2025-12-07,Basic,29.9,21,6,Pix,2,1,59.8
CUST-04058,2025-11-25,Enterprise,249.9,28,8,Boleto,23,0,5747.7
CUST-04059,2024-06-24,Pro,79.9,8,3,Pix,23,0,1837.7
CUST-04060,2024-10-24,Enterprise,249.9,3,8,Pix,1,1,249.9
CUST-04061,2024-02-24,Pro,79.9,3,7,Boleto,1,1,79.9
CUST-04062,2024-06-23,Enterprise,249.9,7,3,Cartão de Crédito,11,1,2748.9
CUST-04063,2025-03-20,Pro,79.9,15,1,Boleto,14,0,1118.6
CUST-04064,2025-11-19,Pro,79.9,28,1,Boleto,19,0,1518.1
CUST-04065,2025-11-26,Enterprise,249.9,0,4,Cartão de Crédito,6,1,1499.4
CUST-04066,2024-12-17,Basic,29.9,8,0,Boleto,20,0,598.0
CUST-04067,2025-11-27,Enterprise,249.9,27,1,Boleto,18,0,4498.2
CUST-04068,2024-09-17,Pro,79.9,20,2,Cartão de Crédito,15,0,1198.5
CUST-04069,2025-11-23,Basic,29.9,21,3,Boleto,13,0,388.7
CUST-04070,2024-08-10,Pro,79.9,17,6,Cartão de Crédito,13,0,1038.7
CUST-04071,2025-07-01,Enterprise,249.9,7,2,Cartão de Crédito,14,0,3498.6
CUST-04072,2025-03-30,Basic,29.9,29,9,Boleto,24,0,717.6
CUST-04073,2024-10-28,Basic,29.9,2,0,Boleto,17,0,508.3
CUST-04074,2025-08-23,Pro,79.9,7,7,Pix,5,1,399.5
CUST-04075,2024-12-29,Enterprise,249.9,28,3,Boleto,16,0,3998.4
CUST-04076,2025-07-08,Enterprise,249.9,26,10,Cartão de Crédito,15,0,3748.5
CUST-04077,2025-05-06,Basic,29.9,17,2,Boleto,24,0,717.6
CUST-04078,2024-09-15,Basic,29.9,9,10,Pix,1,1,29.9
CUST-04079,2025-12-16,Basic,29.9,9,0,Pix,9,1,269.1
CUST-04080,2025-07-06,Pro,79.9,25,4,Pix,15,0,1198.5
CUST-04081,2024-09-30,Enterprise,249.9,10,0,Boleto,17,0,4248.3
CUST-04082,2025-09-29,Enterprise,249.9,19,3,Pix,10,1,2499.0
CUST-04083,2024-06-24,Enterprise,249.9,5,5,Boleto,22,0,5497.8
CUST-04084,2024-09-19,Pro,79.9,21,4,Cartão de Crédito,16,0,1278.4
CUST-04085,2025-02-25,Basic,29.9,14,6,Cartão de Crédito,23,0,687.7
CUST-04086,2024-07-11,Basic,29.9,13,0,Pix,23,0,687.7
CUST-04087,2025-04-01,Basic,29.9,4,8,Boleto,4,1,119.6
CUST-04088,2025-02-07,Enterprise,249.9,1,7,Cartão de Crédito,1,1,249.9
CUST-04089,2024-05-03,Basic,29.9,7,7,Pix,20,0,598.0
CUST-04090,2024-05-07,Pro,79.9,11,10,Cartão de Crédito,16,0,1278.4
CUST-04091,2025-07-05,Pro,79.9,14,4,Boleto,19,0,1518.1
CUST-04092,2025-03-11,Pro,79.9,1,7,Cartão de Crédito,3,1,239.7
CUST-04093,2025-09-20,Pro,79.9,13,10,Cartão de Crédito,21,0,1677.9
CUST-04094,2025-04-29,Enterprise,249.9,25,10,Cartão de Crédito,15,0,3748.5
CUST-04095,2024-05-10,Basic,29.9,20,2,Cartão de Crédito,18,0,538.2
CUST-04096,2024-05-21,Pro,79.9,12,9,Pix,22,0,1757.8
CUST-04097,2024-11-02,Pro,79.9,2,3,Cartão de Crédito,15,0,1198.5
CUST-04098,2024-02-22,Pro,79.9,14,5,Pix,24,0,1917.6
CUST-04099,2025-08-02,Enterprise,249.9,18,1,Pix,13,0,3248.7
CUST-04100,2024-08-01,Enterprise,249.9,28,5,Cartão de Crédito,18,0,4498.2
CUST-04101,2025-06-25,Enterprise,249.9,5,0,Boleto,23,0,5747.7
CUST-04102,2024-04-12,Pro,79.9,15,6,Boleto,16,0,1278.4
CUST-04103,2024-01-26,Enterprise,249.9,20,0,Boleto,18,0,4498.2
CUST-04104,2024-06-02,Enterprise,249.9,15,9,Boleto,15,0,3748.5
CUST-04105,2025-07-18,Pro,79.9,7,3,Boleto,18,0,1438.2
CUST-04106,2025-10-13,Enterprise,249.9,24,5,Cartão de Crédito,21,0,5247.9
CUST-04107,2025-02-28,Pro,79.9,5,10,Pix,10,1,799.0
CUST-04108,2025-12-26,Pro,79.9,1,4,Pix,8,1,639.2
CUST-04109,2025-04-02,Basic,29.9,22,10,Boleto,19,0,568.1
CUST-04110,2024-01-21,Pro,79.9,28,2,Cartão de Crédito,22,0,1757.8
CUST-04111,2025-08-29,Basic,29.9,18,1,Boleto,22,0,657.8
CUST-04112,2024-08-15,Pro,79.9,14,0,Boleto,17,0,1358.3
CUST-04113,2025-04-05,Pro,79.9,20,5,Pix,20,0,1598.0
CUST-04114,2025-03-26,Pro,79.9,4,2,Cartão de Crédito,14,0,1118.6
CUST-04115,2024-04-04,Pro,79.9,6,7,Cartão de Crédito,6,1,479.4
CUST-04116,2024-06-27,Enterprise,249.9,10,3,Boleto,22,0,5497.8
CUST-04117,2025-06-29,Enterprise,249.9,12,3,Cartão de Crédito,19,0,4748.1
CUST-04118,2025-01-05,Enterprise,249.9,29,4,Pix,22,0,5497.8
CUST-04119,2024-08-16,Enterprise,249.9,2,1,Cartão de Crédito,19,0,4748.1
CUST-04120,2025-09-16,Enterprise,249.9,11,0,Cartão de Crédito,15,0,3748.5
CUST-04121,2024-02-02,Enterprise,249.9,2,2,Pix,4,1,999.6
CUST-04122,2024-12-09,Basic,29.9,8,1,Cartão de Crédito,21,0,627.9
CUST-04123,2024-02-06,Pro,79.9,9,3,Cartão de Crédito,19,0,1518.1
CUST-04124,2025-01-20,Basic,29.9,8,4,Cartão de Crédito,23,0,687.7
CUST-04125,2025-11-12,Enterprise,249.9,10,0,Boleto,15,0,3748.5
CUST-04126,2024-07-14,Basic,29.9,20,8,Boleto,22,0,657.8
CUST-04127,2025-08-03,Enterprise,249.9,27,2,Cartão de Crédito,10,1,2499.0
CUST-04128,2024-01-31,Pro,79.9,5,6,Boleto,20,0,1598.0
CUST-04129,2024-04-18,Enterprise,249.9,16,10,Boleto,6,1,1499.4
CUST-04130,2024-11-20,Basic,29.9,9,2,Boleto,24,0,717.6
CUST-04131,2025-05-17,Pro,79.9,0,6,Pix,11,1,878.9
CUST-04132,2025-02-15,Enterprise,249.9,19,2,Pix,21,0,5247.9
CUST-04133,2025-10-15,Enterprise,249.9,18,0,Cartão de Crédito,15,0,3748.5
CUST-04134,2024-11-23,Basic,29.9,5,6,Pix,7,1,209.3
CUST-04135,2024-07-15,Pro,79.9,30,7,Boleto,1,1,79.9
CUST-04136,2024-08-16,Pro,79.9,27,1,Boleto,19,0,1518.1
CUST-04137,2024-08-14,Basic,29.9,3,0,Cartão de Crédito,14,0,418.6
CUST-04138,2024-10-13,Pro,79.9,30,7,Pix,20,0,1598.0
CUST-04139,2025-12-14,Pro,79.9,7,1,Cartão de Crédito,13,0,1038.7
CUST-04140,2024-09-01,Pro,79.9,14,0,Cartão de Crédito,15,0,1198.5
CUST-04141,2025-07-04,Basic,29.9,25,8,Cartão de Crédito,3,1,89.7
CUST-04142,2025-12-15,Enterprise,249.9,16,0,Pix,24,0,5997.6
CUST-04143,2025-10-26,Basic,29.9,13,10,Boleto,18,0,538.2
CUST-04144,2024-12-01,Basic,29.9,7,6,Pix,22,0,657.8
CUST-04145,2025-05-28,Pro,79.9,12,1,Pix,21,0,1677.9
CUST-04146,2025-07-09,Basic,29.9,2,1,Pix,20,0,598.0
CUST-04147,2025-11-16,Basic,29.9,3,3,Pix,24,0,717.6
CUST-04148,2024-09-04,Pro,79.9,27,5,Pix,24,0,1917.6
CUST-04149,2024-07-02,Pro,79.9,30,10,Pix,5,1,399.5
CUST-04150,2025-08-07,Enterprise,249.9,29,8,Cartão de Crédito,19,0,4748.1
CUST-04151,2025-06-27,Pro,79.9,22,3,Cartão de Crédito,20,0,1598.0
CUST-04152,2025-02-12,Basic,29.9,20,7,Cartão de Crédito,12,1,358.8
CUST-04153,2025-01-06,Pro,79.9,15,4,Boleto,24,0,1917.6
CUST-04154,2024-08-26,Basic,29.9,29,1,Boleto,4,1,119.6
CUST-04155,2025-10-09,Basic,29.9,6,8,Cartão de Crédito,21,0,627.9
CUST-04156,2025-11-11,Pro,79.9,29,6,Pix,18,0,1438.2
CUST-04157,2025-01-29,Pro,79.9,22,2,Boleto,21,0,1677.9
CUST-04158,2025-05-18,Pro,79.9,14,7,Boleto,12,1,958.8
CUST-04159,2024-08-19,Basic,29.9,7,2,Pix,21,0,627.9
CUST-04160,2024-10-05,Basic,29.9,29,3,Cartão de Crédito,22,0,657.8
CUST-04161,2024-06-08,Pro,79.9,7,0,Cartão de Crédito,12,1,958.8
CUST-04162,2024-01-08,Basic,29.9,25,8,Cartão de Crédito,5,1,149.5
CUST-04163,2025-01-02,Basic,29.9,25,8,Boleto,18,0,538.2
CUST-04164,2024-05-06,Basic,29.9,25,5,Cartão de Crédito,12,1,358.8
CUST-04165,2024-04-30,Pro,79.9,11,7,Cartão de Crédito,9,1,719.1
CUST-04166,2024-08-18,Basic,29.9,24,1,Cartão de Crédito,23,0,687.7
CUST-04167,2025-03-09,Enterprise,249.9,6,10,Pix,8,1,1999.2
CUST-04168,2025-05-02,Basic,29.9,21,10,Boleto,22,0,657.8
CUST-04169,2024-02-05,Enterprise,249.9,12,5,Boleto,24,0,5997.6
CUST-04170,2025-11-18,Enterprise,249.9,12,9,Pix,7,1,1749.3
CUST-04171,2025-03-03,Enterprise,249.9,18,9,Cartão de Crédito,12,1,2998.8
CUST-04172,2024-05-13,Basic,29.9,17,3,Boleto,24,0,717.6
CUST-04173,2025-04-14,Pro,79.9,24,6,Boleto,24,0,1917.6
CUST-04174,2025-02-16,Basic,29.9,5,0,Cartão de Crédito,18,0,538.2
CUST-04175,2025-05-30,Basic,29.9,30,2,Boleto,7,1,209.3
CUST-04176,2024-09-04,Pro,79.9,14,2,Pix,4,1,319.6
CUST-04177,2025-02-10,Enterprise,249.9,22,1,Cartão de Crédito,21,0,5247.9
CUST-04178,2024-05-30,Pro,79.9,18,2,Boleto,24,0,1917.6
CUST-04179,2024-05-23,Pro,79.9,3,10,Boleto,5,1,399.5
CUST-04180,2024-12-25,Pro,79.9,4,2,Boleto,20,0,1598.0
CUST-04181,2025-03-15,Pro,79.9,26,10,Boleto,18,0,1438.2
CUST-04182,2025-09-03,Basic,29.9,15,1,Cartão de Crédito,15,0,448.5
CUST-04183,2024-03-04,Enterprise,249.9,10,2,Boleto,21,0,5247.9
CUST-04184,2024-08-22,Basic,29.9,29,8,Cartão de Crédito,18,0,538.2
CUST-04185,2024-07-02,Pro,79.9,18,4,Pix,19,0,1518.1
CUST-04186,2025-06-17,Enterprise,249.9,27,2,Pix,13,0,3248.7
CUST-04187,2025-09-02,Pro,79.9,0,0,Pix,13,0,1038.7
CUST-04188,2024-02-05,Basic,29.9,14,4,Boleto,13,0,388.7
CUST-04189,2025-11-08,Enterprise,249.9,13,2,Cartão de Crédito,22,0,5497.8
CUST-04190,2025-08-02,Basic,29.9,4,9,Boleto,12,1,358.8
CUST-04191,2024-04-10,Pro,79.9,30,9,Boleto,3,1,239.7
CUST-04192,2024-08-17,Basic,29.9,4,8,Cartão de Crédito,20,0,598.0
CUST-04193,2024-12-15,Basic,29.9,4,2,Pix,24,0,717.6
CUST-04194,2025-01-18,Pro,79.9,18,8,Boleto,7,1,559.3
CUST-04195,2024-06-03,Basic,29.9,7,2,Boleto,13,0,388.7
CUST-04196,2025-09-14,Enterprise,249.9,17,9,Pix,8,1,1999.2
CUST-04197,2024-06-25,Enterprise,249.9,2,5,Cartão de Crédito,13,0,3248.7
CUST-04198,2024-08-30,Basic,29.9,30,7,Cartão de Crédito,18,0,538.2
CUST-04199,2025-04-03,Enterprise,249.9,1,5,Boleto,13,0,3248.7
CUST-04200,2025-10-13,Enterprise,249.9,1,9,Pix,11,1,2748.9
CUST-04201,2025-07-25,Basic,29.9,23,8,Cartão de Crédito,24,0,717.6
CUST-04202,2025-11-22,Basic,29.9,1,9,Boleto,8,1,239.2
CUST-04203,2025-09-23,Basic,29.9,12,4,Pix,20,0,598.0
CUST-04204,2024-11-09,Basic,29.9,1,5,Pix,19,0,568.1
CUST-04205,2025-06-24,Enterprise,249.9,21,3,Cartão de Crédito,13,0,3248.7
CUST-04206,2024-06-09,Basic,29.9,23,5,Boleto,14,0,418.6
CUST-04207,2025-02-27,Basic,29.9,27,3,Boleto,15,0,448.5
CUST-04208,2024-12-01,Basic,29.9,2,5,Boleto,11,1,328.9
CUST-04209,2025-02-13,Basic,29.9,4,4,Boleto,7,1,209.3
CUST-04210,2025-08-08,Basic,29.9,10,8,Pix,12,1,358.8
CUST-04211,2024-08-29,Basic,29.9,26,4,Pix,14,0,418.6
CUST-04212,2025-07-27,Basic,29.9,0,5,Pix,16,0,478.4
CUST-04213,2025-11-22,Enterprise,249.9,11,8,Boleto,18,0,4498.2
CUST-04214,2025-03-23,Pro,79.9,0,2,Boleto,3,1,239.7
CUST-04215,2024-07-09,Enterprise,249.9,10,5,Boleto,21,0,5247.9
CUST-04216,2025-06-11,Pro,79.9,9,6,Cartão de Crédito,9,1,719.1
CUST-04217,2024-02-02,Pro,79.9,17,5,Cartão de Crédito,19,0,1518.1
CUST-04218,2024-01-15,Enterprise,249.9,2,5,Boleto,16,0,3998.4
CUST-04219,2025-02-12,Enterprise,249.9,12,2,Cartão de Crédito,11,1,2748.9
CUST-04220,2025-10-23,Pro,79.9,24,6,Pix,13,0,1038.7
CUST-04221,2025-09-14,Pro,79.9,30,10,Boleto,19,0,1518.1
CUST-04222,2025-11-18,Basic,29.9,29,2,Pix,22,0,657.8
CUST-04223,2024-10-02,Enterprise,249.9,0,3,Cartão de Crédito,19,0,4748.1
CUST-04224,2025-11-30,Pro,79.9,23,1,Cartão de Crédito,19,0,1518.1
CUST-04225,2025-03-21,Pro,79.9,0,1,Pix,1,1,79.9
CUST-04226,2025-10-01,Pro,79.9,9,6,Boleto,17,0,1358.3
CUST-04227,2024-04-05,Pro,79.9,0,6,Pix,12,1,958.8
CUST-04228,2024-12-17,Pro,79.9,17,3,Pix,22,0,1757.8
CUST-04229,2025-12-31,Pro,79.9,29,3,Boleto,17,0,1358.3
CUST-04230,2024-04-14,Enterprise,249.9,1,6,Cartão de Crédito,3,1,749.7
CUST-04231,2024-11-04,Pro,79.9,21,4,Cartão de Crédito,23,0,1837.7
CUST-04232,2024-07-15,Enterprise,249.9,0,3,Boleto,18,0,4498.2
CUST-04233,2024-08-23,Enterprise,249.9,26,7,Cartão de Crédito,6,1,1499.4
CUST-04234,2025-12-27,Pro,79.9,20,6,Pix,12,1,958.8
CUST-04235,2024-12-09,Basic,29.9,26,8,Boleto,8,1,239.2
CUST-04236,2025-06-14,Enterprise,249.9,27,5,Cartão de Crédito,16,0,3998.4
CUST-04237,2025-06-10,Basic,29.9,3,0,Boleto,7,1,209.3
CUST-04238,2024-11-30,Enterprise,249.9,17,2,Pix,19,0,4748.1
CUST-04239,2025-03-04,Enterprise,249.9,3,8,Cartão de Crédito,4,1,999.6
CUST-04240,2025-08-14,Basic,29.9,19,4,Boleto,13,0,388.7
CUST-04241,2025-04-13,Pro,79.9,28,2,Cartão de Crédito,22,0,1757.8
CUST-04242,2025-11-15,Enterprise,249.9,27,0,Boleto,17,0,4248.3
CUST-04243,2025-02-16,Pro,79.9,27,2,Pix,15,0,1198.5
CUST-04244,2025-07-01,Enterprise,249.9,17,7,Cartão de Crédito,17,0,4248.3
CUST-04245,2025-05-02,Enterprise,249.9,0,1,Pix,10,1,2499.0
CUST-04246,2024-04-21,Basic,29.9,15,0,Boleto,5,1,149.5
CUST-04247,2024-09-28,Pro,79.9,15,0,Cartão de Crédito,18,0,1438.2
CUST-04248,2024-07-27,Basic,29.9,24,4,Pix,23,0,687.7
CUST-04249,2025-12-28,Enterprise,249.9,15,9,Boleto,5,1,1249.5
CUST-04250,2025-11-11,Enterprise,249.9,29,10,Pix,16,0,3998.4
CUST-04251,2024-08-02,Basic,29.9,13,9,Cartão de Crédito,10,1,299.0
CUST-04252,2024-02-06,Enterprise,249.9,10,5,Pix,18,0,4498.2
CUST-04253,2025-03-04,Enterprise,249.9,16,0,Boleto,18,0,4498.2
CUST-04254,2025-10-06,Pro,79.9,13,0,Boleto,22,0,1757.8
CUST-04255,2025-05-03,Pro,79.9,8,10,Cartão de Crédito,6,1,479.4
CUST-04256,2025-08-02,Enterprise,249.9,12,3,Cartão de Crédito,19,0,4748.1
CUST-04257,2024-04-03,Pro,79.9,17,3,Boleto,24,0,1917.6
CUST-04258,2024-11-12,Enterprise,249.9,0,7,Boleto,5,1,1249.5
CUST-04259,2025-06-15,Enterprise,249.9,11,8,Pix,14,0,3498.6
CUST-04260,2024-01-27,Pro,79.9,26,6,Boleto,9,1,719.1
CUST-04261,2025-09-19,Basic,29.9,23,6,Pix,5,1,149.5
CUST-04262,2024-01-14,Enterprise,249.9,27,9,Cartão de Crédito,23,0,5747.7
CUST-04263,2024-10-26,Pro,79.9,15,8,Boleto,4,1,319.6
CUST-04264,2024-11-03,Enterprise,249.9,15,10,Cartão de Crédito,3,1,749.7
CUST-04265,2024-10-02,Pro,79.9,12,0,Cartão de Crédito,13,0,1038.7
CUST-04266,2024-04-18,Enterprise,249.9,7,10,Boleto,6,1,1499.4
CUST-04267,2024-12-22,Enterprise,249.9,30,8,Pix,13,0,3248.7
CUST-04268,2025-04-21,Pro,79.9,2,2,Boleto,24,0,1917.6
CUST-04269,2024-06-02,Basic,29.9,0,8,Boleto,1,1,29.9
CUST-04270,2025-08-22,Pro,79.9,9,7,Boleto,2,1,159.8
CUST-04271,2024-05-11,Basic,29.9,12,5,Cartão de Crédito,22,0,657.8
CUST-04272,2024-01-24,Enterprise,249.9,5,2,Cartão de Crédito,18,0,4498.2
CUST-04273,2025-03-03,Pro,79.9,9,5,Boleto,24,0,1917.6
CUST-04274,2025-03-13,Enterprise,249.9,3,1,Cartão de Crédito,13,0,3248.7
CUST-04275,2025-04-18,Pro,79.9,3,4,Pix,2,1,159.8
CUST-04276,2025-05-03,Enterprise,249.9,16,4,Pix,23,0,5747.7
CUST-04277,2024-09-11,Basic,29.9,9,6,Cartão de Crédito,1,1,29.9
CUST-04278,2024-04-30,Basic,29.9,3,0,Pix,1,1,29.9
CUST-04279,2025-08-23,Pro,79.9,14,0,Pix,15,0,1198.5
CUST-04280,2025-01-22,Basic,29.9,9,8,Pix,12,1,358.8
CUST-04281,2024-02-06,Basic,29.9,8,6,Cartão de Crédito,15,0,448.5
CUST-04282,2025-06-26,Enterprise,249.9,4,9,Boleto,10,1,2499.0
CUST-04283,2025-11-13,Enterprise,249.9,30,6,Cartão de Crédito,8,1,1999.2
CUST-04284,2024-02-13,Basic,29.9,23,5,Pix,21,0,627.9
CUST-04285,2025-03-28,Pro,79.9,29,8,Boleto,3,1,239.7
CUST-04286,2025-06-25,Enterprise,249.9,26,10,Boleto,15,0,3748.5
CUST-04287,2024-03-20,Pro,79.9,29,1,Boleto,3,1,239.7
CUST-04288,2025-06-15,Enterprise,249.9,25,0,Cartão de Crédito,20,0,4998.0
CUST-04289,2025-08-02,Enterprise,249.9,7,1,Pix,23,0,5747.7
CUST-04290,2025-04-17,Enterprise,249.9,25,1,Cartão de Crédito,10,1,2499.0
CUST-04291,2025-05-17,Enterprise,249.9,30,9,Boleto,17,0,4248.3
CUST-04292,2025-09-22,Enterprise,249.9,23,9,Boleto,18,0,4498.2
CUST-04293,2024-09-24,Enterprise,249.9,29,10,Pix,24,0,5997.6
CUST-04294,2025-04-06,Basic,29.9,28,4,Pix,15,0,448.5
CUST-04295,2024-12-22,Enterprise,249.9,11,1,Pix,20,0,4998.0
CUST-04296,2025-03-11,Pro,79.9,17,2,Pix,21,0,1677.9
CUST-04297,2024-01-29,Pro,79.9,15,5,Cartão de Crédito,17,0,1358.3
CUST-04298,2025-12-10,Pro,79.9,1,6,Pix,7,1,559.3
CUST-04299,2024-02-05,Basic,29.9,28,9,Boleto,9,1,269.1
CUST-04300,2024-06-29,Enterprise,249.9,9,7,Cartão de Crédito,16,0,3998.4
CUST-04301,2024-10-16,Pro,79.9,18,7,Boleto,12,1,958.8
CUST-04302,2025-08-28,Enterprise,249.9,28,2,Pix,19,0,4748.1
CUST-04303,2025-10-26,Pro,79.9,7,10,Boleto,18,0,1438.2
CUST-04304,2024-01-26,Basic,29.9,23,4,Boleto,16,0,478.4
CUST-04305,2025-07-01,Basic,29.9,19,6,Cartão de Crédito,6,1,179.4
CUST-04306,2024-03-21,Basic,29.9,20,2,Cartão de Crédito,14,0,418.6
CUST-04307,2025-07-10,Enterprise,249.9,30,5,Pix,15,0,3748.5
CUST-04308,2025-12-30,Basic,29.9,1,3,Pix,7,1,209.3
CUST-04309,2024-05-29,Basic,29.9,26,9,Pix,19,0,568.1
CUST-04310,2025-12-06,Enterprise,249.9,21,9,Boleto,23,0,5747.7
CUST-04311,2025-04-19,Pro,79.9,28,9,Pix,19,0,1518.1
CUST-04312,2024-10-04,Pro,79.9,7,0,Pix,15,0,1198.5
CUST-04313,2025-12-13,Enterprise,249.9,9,7,Boleto,16,0,3998.4
CUST-04314,2025-12-04,Enterprise,249.9,22,5,Cartão de Crédito,12,1,2998.8
CUST-04315,2024-03-01,Enterprise,249.9,20,7,Cartão de Crédito,10,1,2499.0
CUST-04316,2025-03-06,Enterprise,249.9,20,4,Pix,17,0,4248.3
CUST-04317,2024-04-20,Enterprise,249.9,6,0,Boleto,21,0,5247.9
CUST-04318,2024-01-28,Enterprise,249.9,13,4,Boleto,24,0,5997.6
CUST-04319,2025-10-23,Pro,79.9,9,8,Cartão de Crédito,12,1,958.8
CUST-04320,2024-06-18,Basic,29.9,3,3,Cartão de Crédito,2,1,59.8
CUST-04321,2025-10-20,Pro,79.9,27,7,Cartão de Crédito,16,0,1278.4
CUST-04322,2024-06-17,Basic,29.9,20,10,Pix,9,1,269.1
CUST-04323,2025-06-11,Pro,79.9,25,9,Cartão de Crédito,8,1,639.2
CUST-04324,2025-05-27,Enterprise,249.9,19,3,Cartão de Crédito,21,0,5247.9
CUST-04325,2025-07-02,Enterprise,249.9,27,1,Cartão de Crédito,21,0,5247.9
CUST-04326,2025-11-20,Pro,79.9,26,8,Cartão de Crédito,22,0,1757.8
CUST-04327,2025-05-29,Basic,29.9,9,10,Cartão de Crédito,23,0,687.7
CUST-04328,2025-05-03,Basic,29.9,8,5,Boleto,22,0,657.8
CUST-04329,2025-08-13,Basic,29.9,19,6,Cartão de Crédito,15,0,448.5
CUST-04330,2025-02-03,Pro,79.9,9,0,Boleto,17,0,1358.3
CUST-04331,2024-01-15,Basic,29.9,4,0,Cartão de Crédito,2,1,59.8
CUST-04332,2024-11-02,Pro,79.9,11,9,Boleto,5,1,399.5
CUST-04333,2025-05-18,Pro,79.9,25,6,Pix,21,0,1677.9
CUST-04334,2025-04-28,Pro,79.9,26,9,Cartão de Crédito,22,0,1757.8
CUST-04335,2024-04-20,Basic,29.9,28,2,Cartão de Crédito,16,0,478.4
CUST-04336,2025-12-08,Enterprise,249.9,7,8,Pix,24,0,5997.6
CUST-04337,2025-12-29,Pro,79.9,28,2,Boleto,9,1,719.1
CUST-04338,2024-08-05,Pro,79.9,18,8,Pix,8,1,639.2
CUST-04339,2024-07-30,Enterprise,249.9,28,10,Boleto,2,1,499.8
CUST-04340,2024-05-20,Basic,29.9,19,2,Pix,13,0,388.7
CUST-04341,2024-06-18,Basic,29.9,19,9,Pix,22,0,657.8
CUST-04342,2024-02-16,Enterprise,249.9,27,5,Boleto,14,0,3498.6
CUST-04343,2024-05-26,Enterprise,249.9,15,2,Cartão de Crédito,14,0,3498.6
CUST-04344,2025-03-09,Pro,79.9,0,1,Cartão de Crédito,22,0,1757.8
CUST-04345,2024-07-18,Pro,79.9,21,3,Boleto,20,0,1598.0
CUST-04346,2024-03-06,Enterprise,249.9,12,2,Pix,22,0,5497.8
CUST-04347,2025-12-01,Enterprise,249.9,14,9,Pix,24,0,5997.6
CUST-04348,2024-11-08,Pro,79.9,22,7,Boleto,18,0,1438.2
CUST-04349,2025-07-10,Pro,79.9,6,2,Boleto,7,1,559.3
CUST-04350,2024-11-21,Enterprise,249.9,0,5,Pix,14,0,3498.6
CUST-04351,2025-08-06,Enterprise,249.9,16,4,Boleto,14,0,3498.6
CUST-04352,2024-11-04,Basic,29.9,12,2,Boleto,19,0,568.1
CUST-04353,2024-01-04,Enterprise,249.9,26,10,Boleto,18,0,4498.2
CUST-04354,2025-11-27,Basic,29.9,15,6,Cartão de Crédito,18,0,538.2
CUST-04355,2024-08-30,Basic,29.9,18,5,Cartão de Crédito,21,0,627.9
CUST-04356,2024-06-21,Pro,79.9,16,4,Pix,18,0,1438.2
CUST-04357,2025-03-02,Basic,29.9,14,5,Cartão de Crédito,16,0,478.4
CUST-04358,2024-07-11,Pro,79.9,29,8,Pix,23,0,1837.7
CUST-04359,2025-05-21,Enterprise,249.9,8,3,Boleto,14,0,3498.6
CUST-04360,2025-09-13,Pro,79.9,4,5,Cartão de Crédito,3,1,239.7
CUST-04361,2025-01-20,Pro,79.9,19,10,Cartão de Crédito,20,0,1598.0
CUST-04362,2024-10-24,Basic,29.9,3,7,Cartão de Crédito,9,1,269.1
CUST-04363,2024-03-02,Enterprise,249.9,6,6,Boleto,24,0,5997.6
CUST-04364,2025-08-04,Enterprise,249.9,5,8,Boleto,16,0,3998.4
CUST-04365,2024-10-13,Enterprise,249.9,28,1,Cartão de Crédito,21,0,5247.9
CUST-04366,2024-06-12,Basic,29.9,13,9,Pix,6,1,179.4
CUST-04367,2025-03-17,Enterprise,249.9,28,6,Pix,21,0,5247.9
CUST-04368,2024-06-19,Pro,79.9,30,5,Boleto,24,0,1917.6
CUST-04369,2024-10-01,Basic,29.9,6,10,Cartão de Crédito,20,0,598.0
CUST-04370,2024-08-30,Basic,29.9,17,2,Cartão de Crédito,5,1,149.5
CUST-04371,2025-12-31,Pro,79.9,25,3,Cartão de Crédito,13,0,1038.7
CUST-04372,2025-06-30,Enterprise,249.9,24,2,Cartão de Crédito,24,0,5997.6
CUST-04373,2024-06-29,Enterprise,249.9,28,2,Cartão de Crédito,14,0,3498.6
CUST-04374,2024-04-17,Enterprise,249.9,24,7,Boleto,21,0,5247.9
CUST-04375,2024-05-17,Basic,29.9,8,3,Cartão de Crédito,18,0,538.2
CUST-04376,2025-12-21,Basic,29.9,6,9,Boleto,1,1,29.9
CUST-04377,2025-04-03,Basic,29.9,1,10,Boleto,1,1,29.9
CUST-04378,2024-01-08,Pro,79.9,9,5,Cartão de Crédito,22,0,1757.8
CUST-04379,2025-05-10,Enterprise,249.9,24,1,Boleto,14,0,3498.6
CUST-04380,2025-03-04,Basic,29.9,17,0,Boleto,21,0,627.9
CUST-04381,2025-07-04,Enterprise,249.9,27,7,Boleto,10,1,2499.0
CUST-04382,2025-08-29,Basic,29.9,24,6,Pix,14,0,418.6
CUST-04383,2024-03-23,Pro,79.9,2,1,Cartão de Crédito,17,0,1358.3
CUST-04384,2025-01-05,Enterprise,249.9,16,10,Cartão de Crédito,20,0,4998.0
CUST-04385,2024-11-16,Basic,29.9,24,9,Boleto,15,0,448.5
CUST-04386,2024-08-17,Basic,29.9,9,4,Pix,17,0,508.3
CUST-04387,2025-09-27,Pro,79.9,20,1,Boleto,23,0,1837.7
CUST-04388,2024-12-22,Pro,79.9,5,8,Cartão de Crédito,7,1,559.3
CUST-04389,2025-08-10,Pro,79.9,22,4,Cartão de Crédito,23,0,1837.7
CUST-04390,2024-01-07,Pro,79.9,3,2,Pix,6,1,479.4
CUST-04391,2025-11-25,Pro,79.9,15,9,Boleto,13,0,1038.7
CUST-04392,2025-02-21,Enterprise,249.9,19,3,Boleto,13,0,3248.7
CUST-04393,2024-03-07,Basic,29.9,20,3,Boleto,18,0,538.2
CUST-04394,2025-12-12,Pro,79.9,17,9,Pix,3,1,239.7
CUST-04395,2024-06-16,Pro,79.9,14,3,Boleto,22,0,1757.8
CUST-04396,2024-06-19,Basic,29.9,0,3,Boleto,16,0,478.4
CUST-04397,2024-09-05,Pro,79.9,16,4,Cartão de Crédito,22,0,1757.8
CUST-04398,2025-10-06,Basic,29.9,30,10,Pix,10,1,299.0
CUST-04399,2024-01-05,Enterprise,249.9,9,4,Boleto,24,0,5997.6
CUST-04400,2024-11-24,Enterprise,249.9,3,0,Cartão de Crédito,19,0,4748.1
CUST-04401,2024-02-28,Pro,79.9,4,7,Cartão de Crédito,1,1,79.9
CUST-04402,2024-11-06,Basic,29.9,14,6,Pix,14,0,418.6
CUST-04403,2024-11-23,Basic,29.9,5,8,Cartão de Crédito,11,1,328.9
CUST-04404,2024-10-06,Enterprise,249.9,21,4,Boleto,18,0,4498.2
CUST-04405,2024-03-16,Basic,29.9,6,9,Pix,6,1,179.4
CUST-04406,2024-12-04,Basic,29.9,12,4,Boleto,17,0,508.3
CUST-04407,2025-05-08,Enterprise,249.9,27,7,Boleto,21,0,5247.9
CUST-04408,2024-05-26,Enterprise,249.9,17,8,Pix,23,0,5747.7
CUST-04409,2024-06-01,Pro,79.9,26,2,Cartão de Crédito,21,0,1677.9
CUST-04410,2024-02-29,Basic,29.9,2,1,Cartão de Crédito,2,1,59.8
CUST-04411,2025-07-31,Pro,79.9,26,9,Boleto,10,1,799.0
CUST-04412,2024-03-01,Enterprise,249.9,9,9,Cartão de Crédito,16,0,3998.4
CUST-04413,2025-07-13,Pro,79.9,10,4,Cartão de Crédito,23,0,1837.7
CUST-04414,2025-12-10,Basic,29.9,26,6,Cartão de Crédito,15,0,448.5
CUST-04415,2024-10-16,Basic,29.9,18,8,Pix,19,0,568.1
CUST-04416,2025-10-01,Basic,29.9,17,3,Cartão de Crédito,22,0,657.8
CUST-04417,2024-05-27,Basic,29.9,23,10,Boleto,6,1,179.4
CUST-04418,2024-04-04,Enterprise,249.9,24,5,Cartão de Crédito,13,0,3248.7
CUST-04419,2025-08-23,Pro,79.9,21,0,Cartão de Crédito,24,0,1917.6
CUST-04420,2025-07-14,Basic,29.9,13,10,Cartão de Crédito,12,1,358.8
CUST-04421,2025-03-09,Enterprise,249.9,6,2,Cartão de Crédito,2,1,499.8
CUST-04422,2024-10-10,Enterprise,249.9,5,0,Cartão de Crédito,19,0,4748.1
CUST-04423,2024-12-01,Pro,79.9,21,10,Pix,21,0,1677.9
CUST-04424,2025-04-11,Enterprise,249.9,0,7,Boleto,9,1,2249.1
CUST-04425,2025-07-19,Pro,79.9,30,9,Boleto,18,0,1438.2
CUST-04426,2024-10-18,Pro,79.9,20,3,Pix,8,1,639.2
CUST-04427,2025-05-19,Basic,29.9,24,9,Pix,19,0,568.1
CUST-04428,2024-04-04,Pro,79.9,2,10,Cartão de Crédito,12,1,958.8
CUST-04429,2025-07-09,Enterprise,249.9,11,6,Boleto,1,1,249.9
CUST-04430,2025-10-17,Pro,79.9,29,1,Cartão de Crédito,21,0,1677.9
CUST-04431,2024-02-16,Pro,79.9,6,8,Pix,17,0,1358.3
CUST-04432,2024-11-04,Basic,29.9,16,0,Cartão de Crédito,20,0,598.0
CUST-04433,2024-04-20,Basic,29.9,6,7,Pix,24,0,717.6
CUST-04434,2024-08-09,Pro,79.9,16,4,Pix,16,0,1278.4
CUST-04435,2025-12-20,Pro,79.9,13,6,Cartão de Crédito,19,0,1518.1
CUST-04436,2025-08-02,Enterprise,249.9,23,2,Boleto,13,0,3248.7
CUST-04437,2025-02-27,Basic,29.9,28,10,Cartão de Crédito,24,0,717.6
CUST-04438,2025-11-10,Pro,79.9,24,6,Boleto,8,1,639.2
CUST-04439,2024-05-25,Basic,29.9,3,4,Boleto,21,0,627.9
CUST-04440,2024-07-14,Pro,79.9,27,8,Pix,4,1,319.6
CUST-04441,2025-04-08,Enterprise,249.9,27,5,Pix,13,0,3248.7
CUST-04442,2025-03-31,Enterprise,249.9,25,3,Pix,18,0,4498.2
CUST-04443,2024-03-18,Pro,79.9,24,6,Boleto,8,1,639.2
CUST-04444,2025-12-02,Pro,79.9,9,7,Pix,17,0,1358.3
CUST-04445,2024-08-20,Basic,29.9,25,5,Boleto,16,0,478.4
CUST-04446,2025-06-28,Pro,79.9,20,4,Boleto,18,0,1438.2
CUST-04447,2025-08-23,Basic,29.9,13,8,Cartão de Crédito,6,1,179.4
CUST-04448,2025-01-05,Basic,29.9,20,0,Cartão de Crédito,6,1,179.4
CUST-04449,2025-08-08,Basic,29.9,17,10,Pix,12,1,358.8
CUST-04450,2024-02-24,Pro,79.9,15,3,Boleto,14,0,1118.6
CUST-04451,2025-08-09,Basic,29.9,21,9,Boleto,14,0,418.6
CUST-04452,2024-11-11,Pro,79.9,21,8,Boleto,20,0,1598.0
CUST-04453,2025-10-06,Basic,29.9,16,1,Cartão de Crédito,12,1,358.8
CUST-04454,2024-12-23,Basic,29.9,26,7,Boleto,17,0,508.3
CUST-04455,2025-10-05,Pro,79.9,21,6,Pix,3,1,239.7
CUST-04456,2025-08-06,Basic,29.9,16,0,Pix,13,0,388.7
CUST-04457,2025-12-11,Pro,79.9,25,6,Boleto,14,0,1118.6
CUST-04458,2025-06-26,Basic,29.9,3,4,Boleto,6,1,179.4
CUST-04459,2025-02-23,Basic,29.9,6,10,Cartão de Crédito,4,1,119.6
CUST-04460,2024-03-27,Enterprise,249.9,21,0,Cartão de Crédito,15,0,3748.5
CUST-04461,2025-05-03,Pro,79.9,8,0,Pix,20,0,1598.0
CUST-04462,2025-01-31,Basic,29.9,19,8,Pix,10,1,299.0
CUST-04463,2024-08-16,Basic,29.9,22,1,Boleto,7,1,209.3
CUST-04464,2025-08-18,Enterprise,249.9,14,5,Boleto,23,0,5747.7
CUST-04465,2025-12-12,Basic,29.9,16,3,Cartão de Crédito,16,0,478.4
CUST-04466,2025-09-28,Pro,79.9,11,6,Cartão de Crédito,24,0,1917.6
CUST-04467,2024-10-03,Basic,29.9,11,8,Pix,7,1,209.3
CUST-04468,2024-04-24,Enterprise,249.9,18,4,Boleto,23,0,5747.7
CUST-04469,2024-06-04,Pro,79.9,20,10,Boleto,11,1,878.9
CUST-04470,2024-04-22,Basic,29.9,17,4,Cartão de Crédito,21,0,627.9
CUST-04471,2025-03-12,Basic,29.9,9,9,Pix,24,0,717.6
CUST-04472,2024-11-06,Pro,79.9,0,9,Cartão de Crédito,4,1,319.6
CUST-04473,2024-09-02,Basic,29.9,0,2,Boleto,1,1,29.9
CUST-04474,2024-09-08,Pro,79.9,2,6,Pix,2,1,159.8
CUST-04475,2025-06-15,Enterprise,249.9,28,7,Cartão de Crédito,12,1,2998.8
CUST-04476,2024-09-26,Pro,79.9,12,10,Cartão de Crédito,21,0,1677.9
CUST-04477,2025-04-29,Basic,29.9,4,9,Boleto,9,1,269.1
CUST-04478,2025-02-17,Pro,79.9,6,8,Boleto,14,0,1118.6
CUST-04479,2024-08-05,Basic,29.9,20,8,Cartão de Crédito,18,0,538.2
CUST-04480,2024-12-28,Enterprise,249.9,25,1,Cartão de Crédito,17,0,4248.3
CUST-04481,2025-01-18,Enterprise,249.9,23,5,Boleto,23,0,5747.7
CUST-04482,2025-12-28,Enterprise,249.9,16,5,Boleto,19,0,4748.1
CUST-04483,2024-06-04,Enterprise,249.9,26,7,Boleto,17,0,4248.3
CUST-04484,2024-03-25,Basic,29.9,12,2,Cartão de Crédito,10,1,299.0
CUST-04485,2024-04-29,Enterprise,249.9,11,1,Boleto,21,0,5247.9
CUST-04486,2024-04-22,Enterprise,249.9,28,0,Boleto,21,0,5247.9
CUST-04487,2024-02-01,Enterprise,249.9,20,5,Cartão de Crédito,17,0,4248.3
CUST-04488,2024-11-16,Basic,29.9,16,8,Pix,10,1,299.0
CUST-04489,2025-05-10,Basic,29.9,6,5,Pix,14,0,418.6
CUST-04490,2025-03-28,Enterprise,249.9,7,10,Boleto,19,0,4748.1
CUST-04491,2025-03-01,Basic,29.9,8,2,Cartão de Crédito,17,0,508.3
CUST-04492,2025-05-09,Enterprise,249.9,21,0,Boleto,4,1,999.6
CUST-04493,2024-11-28,Pro,79.9,7,7,Boleto,17,0,1358.3
CUST-04494,2025-04-19,Enterprise,249.9,14,7,Boleto,8,1,1999.2
CUST-04495,2024-01-27,Basic,29.9,22,7,Boleto,22,0,657.8
CUST-04496,2025-06-17,Pro,79.9,27,0,Pix,16,0,1278.4
CUST-04497,2025-11-08,Pro,79.9,15,5,Boleto,16,0,1278.4
CUST-04498,2024-07-24,Pro,79.9,12,2,Cartão de Crédito,18,0,1438.2
CUST-04499,2024-11-11,Basic,29.9,8,6,Boleto,16,0,478.4
CUST-04500,2024-06-10,Pro,79.9,7,9,Pix,13,0,1038.7
CUST-04501,2024-10-11,Pro,79.9,18,5,Pix,20,0,1598.0
CUST-04502,2025-05-18,Pro,79.9,8,7,Pix,9,1,719.1
CUST-04503,2025-09-18,Pro,79.9,30,6,Pix,8,1,639.2
CUST-04504,2024-10-01,Pro,79.9,4,0,Boleto,11,1,878.9
CUST-04505,2025-08-23,Enterprise,249.9,14,6,Cartão de Crédito,14,0,3498.6
CUST-04506,2024-10-02,Enterprise,249.9,12,7,Boleto,18,0,4498.2
CUST-04507,2025-06-14,Basic,29.9,26,3,Pix,16,0,478.4
CUST-04508,2024-11-16,Enterprise,249.9,18,3,Pix,6,1,1499.4
CUST-04509,2024-05-05,Basic,29.9,2,5,Pix,6,1,179.4
CUST-04510,2024-07-29,Basic,29.9,4,1,Pix,17,0,508.3
CUST-04511,2024-10-26,Enterprise,249.9,9,5,Boleto,19,0,4748.1
CUST-04512,2024-02-29,Basic,29.9,21,7,Pix,3,1,89.7
CUST-04513,2024-11-18,Enterprise,249.9,15,10,Boleto,21,0,5247.9
CUST-04514,2024-11-08,Basic,29.9,19,1,Cartão de Crédito,21,0,627.9
CUST-04515,2025-11-02,Basic,29.9,17,6,Cartão de Crédito,24,0,717.6
CUST-04516,2024-06-27,Enterprise,249.9,20,0,Cartão de Crédito,14,0,3498.6
CUST-04517,2024-11-21,Pro,79.9,26,9,Boleto,2,1,159.8
CUST-04518,2025-12-14,Basic,29.9,4,5,Boleto,21,0,627.9
CUST-04519,2024-06-07,Enterprise,249.9,12,7,Boleto,5,1,1249.5
CUST-04520,2025-08-14,Enterprise,249.9,12,9,Pix,18,0,4498.2
CUST-04521,2025-09-06,Basic,29.9,9,3,Cartão de Crédito,19,0,568.1
CUST-04522,2025-12-24,Pro,79.9,8,6,Boleto,13,0,1038.7
CUST-04523,2025-06-22,Enterprise,249.9,24,10,Pix,20,0,4998.0
CUST-04524,2025-04-07,Enterprise,249.9,27,9,Boleto,12,1,2998.8
CUST-04525,2024-12-25,Enterprise,249.9,8,8,Pix,22,0,5497.8
CUST-04526,2024-03-19,Basic,29.9,6,3,Boleto,16,0,478.4
CUST-04527,2025-09-24,Pro,79.9,22,9,Pix,7,1,559.3
CUST-04528,2025-05-08,Enterprise,249.9,27,1,Boleto,14,0,3498.6
CUST-04529,2025-09-23,Basic,29.9,15,4,Pix,15,0,448.5
CUST-04530,2025-11-01,Enterprise,249.9,29,8,Pix,23,0,5747.7
CUST-04531,2025-11-28,Basic,29.9,13,3,Boleto,18,0,538.2
CUST-04532,2025-06-28,Pro,79.9,7,6,Pix,1,1,79.9
CUST-04533,2025-07-31,Basic,29.9,16,7,Cartão de Crédito,24,0,717.6
CUST-04534,2025-04-26,Basic,29.9,10,6,Boleto,17,0,508.3
CUST-04535,2025-01-26,Basic,29.9,28,5,Cartão de Crédito,15,0,448.5
CUST-04536,2025-03-13,Enterprise,249.9,25,7,Pix,21,0,5247.9
CUST-04537,2025-06-11,Basic,29.9,3,6,Boleto,3,1,89.7
CUST-04538,2024-04-12,Basic,29.9,2,10,Pix,6,1,179.4
CUST-04539,2025-09-08,Pro,79.9,19,6,Boleto,18,0,1438.2
CUST-04540,2025-12-06,Enterprise,249.9,24,4,Pix,16,0,3998.4
CUST-04541,2024-12-02,Pro,79.9,15,3,Pix,18,0,1438.2
CUST-04542,2024-02-04,Pro,79.9,17,10,Pix,22,0,1757.8
CUST-04543,2024-01-01,Pro,79.9,14,2,Boleto,21,0,1677.9
CUST-04544,2025-08-01,Enterprise,249.9,1,10,Pix,18,0,4498.2
CUST-04545,2024-04-06,Enterprise,249.9,3,2,Pix,4,1,999.6
CUST-04546,2024-07-26,Pro,79.9,14,6,Pix,19,0,1518.1
CUST-04547,2024-09-18,Enterprise,249.9,1,7,Cartão de Crédito,15,0,3748.5
CUST-04548,2025-09-18,Pro,79.9,14,0,Cartão de Crédito,16,0,1278.4
CUST-04549,2025-10-07,Basic,29.9,14,5,Boleto,20,0,598.0
CUST-04550,2025-06-10,Basic,29.9,5,1,Boleto,14,0,418.6
CUST-04551,2024-08-05,Enterprise,249.9,19,6,Cartão de Crédito,21,0,5247.9
CUST-04552,2025-08-01,Enterprise,249.9,4,4,Boleto,17,0,4248.3
CUST-04553,2024-09-29,Enterprise,249.9,15,9,Pix,3,1,749.7
CUST-04554,2025-07-16,Enterprise,249.9,13,6,Pix,19,0,4748.1
CUST-04555,2024-04-03,Pro,79.9,22,6,Pix,20,0,1598.0
CUST-04556,2025-11-19,Basic,29.9,2,1,Cartão de Crédito,16,0,478.4
CUST-04557,2024-09-09,Enterprise,249.9,0,1,Cartão de Crédito,3,1,749.7
CUST-04558,2025-04-09,Basic,29.9,0,9,Boleto,12,1,358.8
CUST-04559,2024-11-20,Basic,29.9,5,6,Pix,21,0,627.9
CUST-04560,2025-03-06,Enterprise,249.9,18,1,Boleto,16,0,3998.4
CUST-04561,2024-09-08,Pro,79.9,26,9,Pix,11,1,878.9
CUST-04562,2025-09-01,Enterprise,249.9,13,0,Boleto,18,0,4498.2
CUST-04563,2024-05-01,Pro,79.9,16,7,Boleto,15,0,1198.5
CUST-04564,2024-02-27,Basic,29.9,7,8,Boleto,6,1,179.4
CUST-04565,2024-04-15,Enterprise,249.9,20,7,Boleto,14,0,3498.6
CUST-04566,2025-08-10,Enterprise,249.9,21,7,Pix,16,0,3998.4
CUST-04567,2024-08-14,Enterprise,249.9,1,6,Boleto,6,1,1499.4
CUST-04568,2024-09-25,Basic,29.9,20,4,Pix,11,1,328.9
CUST-04569,2024-09-15,Pro,79.9,23,0,Cartão de Crédito,13,0,1038.7
CUST-04570,2024-12-14,Basic,29.9,2,1,Boleto,10,1,299.0
CUST-04571,2025-05-04,Basic,29.9,9,4,Cartão de Crédito,15,0,448.5
CUST-04572,2024-12-03,Pro,79.9,20,2,Boleto,19,0,1518.1
CUST-04573,2025-06-09,Basic,29.9,29,2,Boleto,14,0,418.6
CUST-04574,2025-04-03,Basic,29.9,11,9,Pix,21,0,627.9
CUST-04575,2024-11-17,Basic,29.9,8,8,Boleto,5,1,149.5
CUST-04576,2025-11-08,Enterprise,249.9,21,8,Pix,5,1,1249.5
CUST-04577,2024-04-29,Basic,29.9,5,3,Boleto,15,0,448.5
CUST-04578,2024-11-05,Enterprise,249.9,29,1,Boleto,15,0,3748.5
CUST-04579,2024-09-28,Basic,29.9,21,5,Boleto,4,1,119.6
CUST-04580,2024-08-28,Pro,79.9,12,4,Pix,15,0,1198.5
CUST-04581,2024-07-06,Basic,29.9,0,8,Boleto,14,0,418.6
CUST-04582,2025-05-22,Pro,79.9,26,4,Boleto,24,0,1917.6
CUST-04583,2025-12-23,Pro,79.9,10,5,Cartão de Crédito,15,0,1198.5
CUST-04584,2025-05-24,Basic,29.9,0,4,Boleto,24,0,717.6
CUST-04585,2025-10-08,Pro,79.9,10,10,Boleto,4,1,319.6
CUST-04586,2024-09-08,Enterprise,249.9,30,5,Cartão de Crédito,14,0,3498.6
CUST-04587,2024-04-02,Basic,29.9,13,1,Cartão de Crédito,24,0,717.6
CUST-04588,2024-02-18,Enterprise,249.9,4,8,Pix,12,1,2998.8
CUST-04589,2025-04-20,Enterprise,249.9,15,1,Pix,21,0,5247.9
CUST-04590,2024-05-16,Enterprise,249.9,9,0,Cartão de Crédito,22,0,5497.8
CUST-04591,2024-07-29,Pro,79.9,9,6,Cartão de Crédito,3,1,239.7
CUST-04592,2024-07-18,Pro,79.9,8,3,Pix,17,0,1358.3
CUST-04593,2024-08-10,Basic,29.9,2,9,Cartão de Crédito,7,1,209.3
CUST-04594,2025-06-04,Basic,29.9,15,8,Cartão de Crédito,5,1,149.5
CUST-04595,2024-08-06,Enterprise,249.9,28,0,Boleto,13,0,3248.7
CUST-04596,2025-03-16,Enterprise,249.9,1,2,Cartão de Crédito,6,1,1499.4
CUST-04597,2025-04-12,Pro,79.9,3,0,Cartão de Crédito,1,1,79.9
CUST-04598,2025-03-13,Enterprise,249.9,20,10,Pix,13,0,3248.7
CUST-04599,2025-05-20,Enterprise,249.9,5,9,Pix,13,0,3248.7
CUST-04600,2024-11-19,Enterprise,249.9,17,9,Pix,23,0,5747.7
CUST-04601,2024-10-07,Pro,79.9,27,9,Pix,15,0,1198.5
CUST-04602,2024-07-03,Basic,29.9,16,0,Pix,24,0,717.6
CUST-04603,2024-05-30,Enterprise,249.9,17,8,Boleto,9,1,2249.1
CUST-04604,2024-06-24,Enterprise,249.9,5,9,Pix,22,0,5497.8
CUST-04605,2024-11-07,Basic,29.9,29,4,Boleto,13,0,388.7
CUST-04606,2025-02-26,Pro,79.9,6,5,Boleto,13,0,1038.7
CUST-04607,2024-05-30,Pro,79.9,21,8,Cartão de Crédito,10,1,799.0
CUST-04608,2024-04-26,Pro,79.9,21,6,Cartão de Crédito,8,1,639.2
CUST-04609,2024-04-01,Pro,79.9,21,5,Cartão de Crédito,22,0,1757.8
CUST-04610,2025-01-09,Basic,29.9,13,1,Pix,13,0,388.7
CUST-04611,2025-08-25,Basic,29.9,11,3,Cartão de Crédito,9,1,269.1
CUST-04612,2024-08-03,Basic,29.9,22,6,Boleto,4,1,119.6
CUST-04613,2025-10-23,Basic,29.9,22,9,Boleto,23,0,687.7
CUST-04614,2024-05-14,Enterprise,249.9,8,4,Boleto,23,0,5747.7
CUST-04615,2025-09-16,Basic,29.9,21,9,Boleto,23,0,687.7
CUST-04616,2024-08-22,Enterprise,249.9,17,9,Cartão de Crédito,1,1,249.9
CUST-04617,2024-12-24,Enterprise,249.9,0,0,Cartão de Crédito,23,0,5747.7
CUST-04618,2024-08-12,Enterprise,249.9,5,6,Pix,4,1,999.6
CUST-04619,2024-08-26,Basic,29.9,13,9,Boleto,12,1,358.8
CUST-04620,2024-01-12,Pro,79.9,15,8,Boleto,3,1,239.7
CUST-04621,2025-06-12,Enterprise,249.9,12,9,Boleto,16,0,3998.4
CUST-04622,2025-07-23,Enterprise,249.9,20,2,Pix,2,1,499.8
CUST-04623,2025-10-16,Pro,79.9,5,3,Cartão de Crédito,24,0,1917.6
CUST-04624,2025-08-06,Pro,79.9,26,0,Pix,19,0,1518.1
CUST-04625,2024-04-20,Enterprise,249.9,6,6,Pix,18,0,4498.2
CUST-04626,2024-05-11,Pro,79.9,18,10,Pix,16,0,1278.4
CUST-04627,2025-09-24,Basic,29.9,12,9,Boleto,10,1,299.0
CUST-04628,2024-11-21,Enterprise,249.9,22,8,Cartão de Crédito,12,1,2998.8
CUST-04629,2024-05-18,Pro,79.9,8,6,Pix,14,0,1118.6
CUST-04630,2025-07-31,Enterprise,249.9,9,9,Pix,2,1,499.8
CUST-04631,2025-10-04,Enterprise,249.9,3,8,Boleto,8,1,1999.2
CUST-04632,2025-09-27,Basic,29.9,14,6,Cartão de Crédito,24,0,717.6
CUST-04633,2024-05-19,Pro,79.9,19,7,Boleto,14,0,1118.6
CUST-04634,2025-05-09,Enterprise,249.9,26,7,Boleto,21,0,5247.9
CUST-04635,2025-09-29,Pro,79.9,9,7,Cartão de Crédito,24,0,1917.6
CUST-04636,2024-01-22,Basic,29.9,14,0,Pix,3,1,89.7
CUST-04637,2025-09-12,Basic,29.9,22,5,Pix,17,0,508.3
CUST-04638,2025-11-05,Basic,29.9,7,10,Pix,1,1,29.9
CUST-04639,2024-01-26,Pro,79.9,22,1,Boleto,1,1,79.9
CUST-04640,2025-01-16,Basic,29.9,17,3,Pix,18,0,538.2
CUST-04641,2024-03-20,Pro,79.9,18,5,Pix,18,0,1438.2
CUST-04642,2025-04-23,Enterprise,249.9,11,5,Pix,21,0,5247.9
CUST-04643,2025-01-30,Basic,29.9,11,10,Boleto,6,1,179.4
CUST-04644,2025-11-09,Enterprise,249.9,17,6,Pix,22,0,5497.8
CUST-04645,2025-09-29,Pro,79.9,3,4,Cartão de Crédito,21,0,1677.9
CUST-04646,2024-02-24,Basic,29.9,1,0,Boleto,19,0,568.1
CUST-04647,2025-01-18,Pro,79.9,9,10,Cartão de Crédito,16,0,1278.4
CUST-04648,2025-12-13,Basic,29.9,11,9,Boleto,9,1,269.1
CUST-04649,2025-01-11,Pro,79.9,21,10,Cartão de Crédito,5,1,399.5
CUST-04650,2025-04-01,Basic,29.9,11,0,Boleto,21,0,627.9
CUST-04651,2024-05-29,Enterprise,249.9,21,1,Boleto,19,0,4748.1
CUST-04652,2024-12-04,Pro,79.9,4,4,Cartão de Crédito,19,0,1518.1
CUST-04653,2024-12-23,Enterprise,249.9,6,1,Boleto,23,0,5747.7
CUST-04654,2024-09-22,Pro,79.9,30,7,Pix,3,1,239.7
CUST-04655,2025-12-25,Pro,79.9,0,1,Cartão de Crédito,19,0,1518.1
CUST-04656,2024-08-24,Basic,29.9,23,7,Pix,14,0,418.6
CUST-04657,2025-05-11,Enterprise,249.9,29,3,Pix,23,0,5747.7
CUST-04658,2024-11-26,Basic,29.9,3,2,Pix,6,1,179.4
CUST-04659,2024-04-12,Enterprise,249.9,2,1,Boleto,6,1,1499.4
CUST-04660,2024-06-07,Pro,79.9,1,4,Cartão de Crédito,7,1,559.3
CUST-04661,2025-04-19,Pro,79.9,27,6,Cartão de Crédito,7,1,559.3
CUST-04662,2025-12-10,Enterprise,249.9,3,3,Pix,12,1,2998.8
CUST-04663,2025-01-28,Enterprise,249.9,4,5,Pix,7,1,1749.3
CUST-04664,2024-04-13,Enterprise,249.9,30,0,Cartão de Crédito,15,0,3748.5
CUST-04665,2025-12-08,Basic,29.9,29,0,Boleto,23,0,687.7
CUST-04666,2024-05-12,Enterprise,249.9,22,6,Cartão de Crédito,13,0,3248.7
CUST-04667,2025-01-13,Basic,29.9,0,9,Pix,12,1,358.8
CUST-04668,2025-06-08,Enterprise,249.9,15,2,Boleto,22,0,5497.8
CUST-04669,2024-08-01,Basic,29.9,28,7,Pix,15,0,448.5
CUST-04670,2025-01-01,Pro,79.9,30,4,Cartão de Crédito,20,0,1598.0
CUST-04671,2024-11-13,Enterprise,249.9,8,5,Cartão de Crédito,24,0,5997.6
CUST-04672,2025-09-12,Basic,29.9,28,6,Pix,7,1,209.3
CUST-04673,2024-09-18,Basic,29.9,1,7,Pix,12,1,358.8
CUST-04674,2025-05-18,Pro,79.9,0,6,Pix,3,1,239.7
CUST-04675,2025-11-20,Pro,79.9,29,1,Boleto,21,0,1677.9
CUST-04676,2025-11-17,Pro,79.9,13,6,Cartão de Crédito,19,0,1518.1
CUST-04677,2024-12-28,Basic,29.9,14,10,Cartão de Crédito,19,0,568.1
CUST-04678,2024-12-01,Pro,79.9,13,8,Pix,7,1,559.3
CUST-04679,2024-07-26,Enterprise,249.9,20,10,Pix,9,1,2249.1
CUST-04680,2024-12-05,Enterprise,249.9,27,8,Cartão de Crédito,16,0,3998.4
CUST-04681,2024-08-20,Basic,29.9,6,4,Cartão de Crédito,20,0,598.0
CUST-04682,2024-07-28,Enterprise,249.9,11,9,Pix,9,1,2249.1
CUST-04683,2024-05-20,Pro,79.9,22,6,Boleto,9,1,719.1
CUST-04684,2025-08-13,Pro,79.9,8,9,Pix,19,0,1518.1
CUST-04685,2024-12-23,Enterprise,249.9,0,5,Cartão de Crédito,2,1,499.8
CUST-04686,2024-07-25,Basic,29.9,12,5,Boleto,7,1,209.3
CUST-04687,2025-03-05,Basic,29.9,29,10,Pix,22,0,657.8
CUST-04688,2025-05-09,Enterprise,249.9,22,2,Pix,24,0,5997.6
CUST-04689,2025-03-08,Basic,29.9,15,0,Pix,19,0,568.1
CUST-04690,2025-12-07,Pro,79.9,2,3,Boleto,16,0,1278.4
CUST-04691,2024-06-08,Basic,29.9,7,7,Cartão de Crédito,20,0,598.0
CUST-04692,2025-04-06,Enterprise,249.9,25,3,Pix,21,0,5247.9
CUST-04693,2024-12-06,Basic,29.9,7,0,Boleto,19,0,568.1
CUST-04694,2024-04-04,Basic,29.9,16,3,Pix,19,0,568.1
CUST-04695,2025-10-18,Pro,79.9,20,4,Boleto,17,0,1358.3
CUST-04696,2025-03-01,Enterprise,249.9,9,2,Boleto,24,0,5997.6
CUST-04697,2025-05-17,Pro,79.9,27,2,Cartão de Crédito,17,0,1358.3
CUST-04698,2024-01-08,Enterprise,249.9,20,3,Boleto,14,0,3498.6
CUST-04699,2025-11-10,Enterprise,249.9,20,5,Pix,23,0,5747.7
CUST-04700,2025-05-24,Enterprise,249.9,15,10,Cartão de Crédito,8,1,1999.2
CUST-04701,2025-09-20,Pro,79.9,29,0,Pix,18,0,1438.2
CUST-04702,2024-10-06,Pro,79.9,25,7,Cartão de Crédito,2,1,159.8
CUST-04703,2024-01-26,Basic,29.9,30,1,Pix,4,1,119.6
CUST-04704,2024-07-07,Enterprise,249.9,11,8,Pix,13,0,3248.7
CUST-04705,2024-05-19,Enterprise,249.9,26,7,Boleto,22,0,5497.8
CUST-04706,2024-01-22,Basic,29.9,3,6,Boleto,8,1,239.2
CUST-04707,2024-10-14,Pro,79.9,3,10,Pix,9,1,719.1
CUST-04708,2025-04-09,Pro,79.9,20,4,Boleto,16,0,1278.4
CUST-04709,2025-07-13,Pro,79.9,2,1,Boleto,15,0,1198.5
CUST-04710,2024-04-27,Basic,29.9,21,9,Pix,21,0,627.9
CUST-04711,2025-09-12,Enterprise,249.9,13,5,Boleto,23,0,5747.7
CUST-04712,2024-10-16,Enterprise,249.9,20,8,Pix,10,1,2499.0
CUST-04713,2025-03-11,Basic,29.9,2,7,Pix,5,1,149.5
CUST-04714,2024-11-23,Basic,29.9,10,7,Boleto,11,1,328.9
CUST-04715,2025-10-29,Pro,79.9,14,6,Cartão de Crédito,1,1,79.9
CUST-04716,2024-08-24,Enterprise,249.9,10,1,Pix,15,0,3748.5
CUST-04717,2024-08-29,Enterprise,249.9,30,7,Cartão de Crédito,17,0,4248.3
CUST-04718,2024-04-16,Pro,79.9,23,9,Boleto,11,1,878.9
CUST-04719,2024-05-26,Enterprise,249.9,21,9,Boleto,21,0,5247.9
CUST-04720,2024-09-22,Enterprise,249.9,9,2,Cartão de Crédito,19,0,4748.1
CUST-04721,2025-02-06,Pro,79.9,1,3,Boleto,3,1,239.7
CUST-04722,2025-11-04,Enterprise,249.9,9,9,Pix,3,1,749.7
CUST-04723,2025-10-05,Pro,79.9,1,1,Boleto,20,0,1598.0
CUST-04724,2025-01-31,Pro,79.9,3,6,Cartão de Crédito,20,0,1598.0
CUST-04725,2025-10-18,Enterprise,249.9,10,8,Pix,17,0,4248.3
CUST-04726,2025-07-31,Basic,29.9,3,10,Pix,4,1,119.6
CUST-04727,2025-05-08,Basic,29.9,18,2,Boleto,17,0,508.3
CUST-04728,2025-07-27,Basic,29.9,1,8,Boleto,12,1,358.8
CUST-04729,2025-05-06,Enterprise,249.9,19,1,Boleto,8,1,1999.2
CUST-04730,2025-10-01,Basic,29.9,2,8,Pix,8,1,239.2
CUST-04731,2025-02-16,Enterprise,249.9,1,4,Pix,16,0,3998.4
CUST-04732,2025-07-02,Basic,29.9,7,3,Cartão de Crédito,19,0,568.1
CUST-04733,2025-10-27,Enterprise,249.9,30,0,Pix,21,0,5247.9
CUST-04734,2024-07-19,Basic,29.9,18,6,Pix,10,1,299.0
CUST-04735,2025-07-31,Pro,79.9,15,1,Cartão de Crédito,24,0,1917.6
CUST-04736,2024-01-07,Enterprise,249.9,24,0,Cartão de Crédito,21,0,5247.9
CUST-04737,2025-01-17,Basic,29.9,20,8,Cartão de Crédito,9,1,269.1
CUST-04738,2024-03-11,Basic,29.9,2,9,Cartão de Crédito,8,1,239.2
CUST-04739,2024-02-27,Pro,79.9,14,10,Pix,24,0,1917.6
CUST-04740,2024-10-01,Pro,79.9,24,7,Boleto,8,1,639.2
CUST-04741,2024-07-17,Enterprise,249.9,2,6,Boleto,17,0,4248.3
CUST-04742,2024-11-21,Basic,29.9,26,2,Pix,12,1,358.8
CUST-04743,2024-10-25,Pro,79.9,17,3,Cartão de Crédito,16,0,1278.4
CUST-04744,2025-04-19,Enterprise,249.9,8,7,Cartão de Crédito,24,0,5997.6
CUST-04745,2024-04-12,Pro,79.9,30,8,Cartão de Crédito,7,1,559.3
CUST-04746,2025-10-29,Enterprise,249.9,20,10,Pix,19,0,4748.1
CUST-04747,2024-05-07,Enterprise,249.9,27,10,Boleto,3,1,749.7
CUST-04748,2024-12-17,Pro,79.9,8,9,Pix,10,1,799.0
CUST-04749,2025-08-09,Basic,29.9,18,2,Pix,24,0,717.6
CUST-04750,2024-07-07,Enterprise,249.9,14,4,Boleto,14,0,3498.6
CUST-04751,2025-03-30,Pro,79.9,22,0,Pix,24,0,1917.6
CUST-04752,2024-01-19,Pro,79.9,5,1,Cartão de Crédito,16,0,1278.4
CUST-04753,2024-07-12,Basic,29.9,11,5,Pix,23,0,687.7
CUST-04754,2024-01-06,Basic,29.9,28,7,Boleto,6,1,179.4
CUST-04755,2024-06-01,Enterprise,249.9,18,6,Pix,7,1,1749.3
CUST-04756,2025-09-01,Basic,29.9,28,6,Cartão de Crédito,5,1,149.5
CUST-04757,2024-07-15,Enterprise,249.9,15,8,Boleto,23,0,5747.7
CUST-04758,2025-04-17,Enterprise,249.9,13,9,Pix,3,1,749.7
CUST-04759,2025-10-23,Pro,79.9,9,1,Boleto,22,0,1757.8
CUST-04760,2025-09-10,Enterprise,249.9,19,6,Cartão de Crédito,12,1,2998.8
CUST-04761,2024-08-23,Basic,29.9,26,7,Pix,18,0,538.2
CUST-04762,2025-03-13,Enterprise,249.9,29,6,Boleto,14,0,3498.6
CUST-04763,2025-04-16,Basic,29.9,13,8,Cartão de Crédito,17,0,508.3
CUST-04764,2025-11-24,Basic,29.9,20,6,Cartão de Crédito,24,0,717.6
CUST-04765,2024-12-06,Enterprise,249.9,22,3,Boleto,13,0,3248.7
CUST-04766,2025-05-22,Basic,29.9,22,7,Cartão de Crédito,2,1,59.8
CUST-04767,2025-08-08,Pro,79.9,4,9,Boleto,8,1,639.2
CUST-04768,2025-04-08,Basic,29.9,9,5,Pix,15,0,448.5
CUST-04769,2024-04-06,Basic,29.9,9,3,Cartão de Crédito,21,0,627.9
CUST-04770,2024-08-30,Pro,79.9,26,3,Pix,9,1,719.1
CUST-04771,2024-06-07,Enterprise,249.9,12,0,Cartão de Crédito,11,1,2748.9
CUST-04772,2024-09-07,Enterprise,249.9,9,0,Cartão de Crédito,17,0,4248.3
CUST-04773,2024-01-24,Pro,79.9,11,9,Cartão de Crédito,18,0,1438.2
CUST-04774,2025-10-29,Pro,79.9,2,10,Pix,6,1,479.4
CUST-04775,2024-09-28,Pro,79.9,2,4,Cartão de Crédito,11,1,878.9
CUST-04776,2025-06-26,Basic,29.9,5,8,Cartão de Crédito,16,0,478.4
CUST-04777,2025-04-27,Basic,29.9,13,3,Boleto,23,0,687.7
CUST-04778,2024-08-07,Basic,29.9,26,9,Cartão de Crédito,3,1,89.7
CUST-04779,2025-12-03,Basic,29.9,30,9,Cartão de Crédito,11,1,328.9
CUST-04780,2025-11-17,Basic,29.9,28,3,Boleto,11,1,328.9
CUST-04781,2025-11-06,Basic,29.9,11,6,Pix,13,0,388.7
CUST-04782,2025-03-02,Pro,79.9,3,10,Boleto,6,1,479.4
CUST-04783,2024-07-26,Pro,79.9,19,6,Pix,4,1,319.6
CUST-04784,2024-07-25,Pro,79.9,17,7,Cartão de Crédito,19,0,1518.1
CUST-04785,2025-01-30,Pro,79.9,5,7,Pix,10,1,799.0
CUST-04786,2024-02-14,Enterprise,249.9,17,2,Pix,20,0,4998.0
CUST-04787,2024-10-01,Enterprise,249.9,11,1,Boleto,18,0,4498.2
CUST-04788,2024-01-22,Pro,79.9,17,9,Boleto,2,1,159.8
CUST-04789,2024-09-29,Basic,29.9,25,7,Boleto,19,0,568.1
CUST-04790,2024-02-09,Basic,29.9,27,10,Boleto,4,1,119.6
CUST-04791,2025-10-22,Enterprise,249.9,30,9,Cartão de Crédito,14,0,3498.6
CUST-04792,2025-12-11,Pro,79.9,7,4,Pix,19,0,1518.1
CUST-04793,2025-01-28,Basic,29.9,16,6,Cartão de Crédito,10,1,299.0
CUST-04794,2024-06-01,Pro,79.9,20,7,Boleto,23,0,1837.7
CUST-04795,2024-02-21,Pro,79.9,30,5,Boleto,24,0,1917.6
CUST-04796,2024-09-05,Basic,29.9,18,0,Cartão de Crédito,10,1,299.0
CUST-04797,2025-03-27,Basic,29.9,26,0,Cartão de Crédito,4,1,119.6
CUST-04798,2024-07-18,Enterprise,249.9,26,1,Pix,10,1,2499.0
CUST-04799,2025-04-12,Basic,29.9,12,1,Boleto,21,0,627.9
CUST-04800,2025-09-16,Enterprise,249.9,16,2,Boleto,16,0,3998.4
CUST-04801,2024-08-14,Basic,29.9,5,9,Cartão de Crédito,21,0,627.9
CUST-04802,2024-08-18,Pro,79.9,24,8,Pix,6,1,479.4
CUST-04803,2024-03-21,Basic,29.9,10,10,Pix,16,0,478.4
CUST-04804,2025-10-04,Basic,29.9,8,9,Boleto,6,1,179.4
CUST-04805,2024-05-16,Enterprise,249.9,14,1,Boleto,24,0,5997.6
CUST-04806,2025-05-02,Pro,79.9,11,9,Cartão de Crédito,10,1,799.0
CUST-04807,2025-03-11,Enterprise,249.9,15,6,Pix,17,0,4248.3
CUST-04808,2024-04-02,Pro,79.9,13,4,Pix,24,0,1917.6
CUST-04809,2024-08-24,Pro,79.9,20,3,Boleto,24,0,1917.6
CUST-04810,2025-07-19,Basic,29.9,20,7,Boleto,5,1,149.5
CUST-04811,2025-11-20,Pro,79.9,2,6,Pix,5,1,399.5
CUST-04812,2025-10-06,Pro,79.9,13,3,Pix,21,0,1677.9
CUST-04813,2025-05-02,Enterprise,249.9,27,4,Pix,22,0,5497.8
CUST-04814,2024-09-06,Basic,29.9,9,8,Pix,22,0,657.8
CUST-04815,2025-07-16,Basic,29.9,20,6,Boleto,3,1,89.7
CUST-04816,2024-01-22,Basic,29.9,21,4,Boleto,20,0,598.0
CUST-04817,2024-03-23,Basic,29.9,17,1,Cartão de Crédito,22,0,657.8
CUST-04818,2024-07-04,Pro,79.9,14,2,Cartão de Crédito,22,0,1757.8
CUST-04819,2025-05-15,Pro,79.9,14,3,Boleto,19,0,1518.1
CUST-04820,2025-02-24,Pro,79.9,4,1,Cartão de Crédito,21,0,1677.9
CUST-04821,2024-08-30,Pro,79.9,18,5,Cartão de Crédito,13,0,1038.7
CUST-04822,2024-05-23,Basic,29.9,14,10,Pix,5,1,149.5
CUST-04823,2024-10-22,Pro,79.9,9,3,Boleto,15,0,1198.5
CUST-04824,2024-03-28,Pro,79.9,19,8,Pix,14,0,1118.6
CUST-04825,2024-06-07,Basic,29.9,23,0,Cartão de Crédito,22,0,657.8
CUST-04826,2025-12-01,Pro,79.9,1,9,Boleto,11,1,878.9
CUST-04827,2024-06-09,Basic,29.9,5,3,Pix,21,0,627.9
CUST-04828,2025-06-05,Basic,29.9,0,1,Boleto,12,1,358.8
CUST-04829,2024-03-15,Pro,79.9,8,6,Cartão de Crédito,23,0,1837.7
CUST-04830,2024-02-13,Basic,29.9,26,7,Boleto,13,0,388.7
CUST-04831,2025-06-06,Basic,29.9,11,1,Pix,22,0,657.8
CUST-04832,2025-06-25,Enterprise,249.9,20,1,Boleto,6,1,1499.4
CUST-04833,2024-01-31,Pro,79.9,3,0,Cartão de Crédito,5,1,399.5
CUST-04834,2024-07-05,Pro,79.9,0,9,Pix,12,1,958.8
CUST-04835,2024-12-25,Enterprise,249.9,24,2,Cartão de Crédito,14,0,3498.6
CUST-04836,2025-04-26,Basic,29.9,15,1,Cartão de Crédito,22,0,657.8
CUST-04837,2024-12-28,Enterprise,249.9,8,9,Pix,3,1,749.7
CUST-04838,2024-03-10,Basic,29.9,30,10,Pix,24,0,717.6
CUST-04839,2024-12-17,Pro,79.9,4,8,Pix,16,0,1278.4
CUST-04840,2024-05-06,Basic,29.9,24,2,Cartão de Crédito,20,0,598.0
CUST-04841,2025-04-23,Basic,29.9,2,9,Cartão de Crédito,5,1,149.5
CUST-04842,2025-07-15,Pro,79.9,18,3,Cartão de Crédito,22,0,1757.8
CUST-04843,2025-08-09,Pro,79.9,19,0,Pix,14,0,1118.6
CUST-04844,2024-10-28,Enterprise,249.9,8,6,Boleto,12,1,2998.8
CUST-04845,2025-08-16,Basic,29.9,18,9,Boleto,8,1,239.2
CUST-04846,2024-10-04,Basic,29.9,4,8,Cartão de Crédito,9,1,269.1
CUST-04847,2025-08-08,Pro,79.9,19,8,Pix,19,0,1518.1
CUST-04848,2024-12-08,Enterprise,249.9,0,5,Cartão de Crédito,3,1,749.7
CUST-04849,2025-11-19,Enterprise,249.9,7,4,Boleto,24,0,5997.6
CUST-04850,2025-05-06,Enterprise,249.9,26,5,Boleto,14,0,3498.6
CUST-04851,2025-03-14,Basic,29.9,4,9,Pix,11,1,328.9
CUST-04852,2024-01-28,Pro,79.9,25,7,Cartão de Crédito,7,1,559.3
CUST-04853,2025-10-20,Pro,79.9,12,10,Pix,4,1,319.6
CUST-04854,2025-11-05,Enterprise,249.9,29,9,Cartão de Crédito,12,1,2998.8
CUST-04855,2025-07-29,Basic,29.9,24,10,Pix,23,0,687.7
CUST-04856,2024-08-02,Enterprise,249.9,20,2,Boleto,18,0,4498.2
CUST-04857,2025-05-19,Enterprise,249.9,5,5,Pix,24,0,5997.6
CUST-04858,2024-06-04,Basic,29.9,17,1,Boleto,14,0,418.6
CUST-04859,2024-08-31,Enterprise,249.9,19,5,Cartão de Crédito,21,0,5247.9
CUST-04860,2025-01-08,Pro,79.9,2,9,Pix,23,0,1837.7
CUST-04861,2025-12-04,Basic,29.9,16,6,Boleto,12,1,358.8
CUST-04862,2025-08-05,Pro,79.9,3,0,Pix,21,0,1677.9
CUST-04863,2024-07-15,Enterprise,249.9,2,2,Cartão de Crédito,6,1,1499.4
CUST-04864,2024-12-15,Basic,29.9,25,7,Boleto,20,0,598.0
CUST-04865,2024-05-25,Basic,29.9,17,2,Cartão de Crédito,24,0,717.6
CUST-04866,2024-08-29,Pro,79.9,29,6,Boleto,13,0,1038.7
CUST-04867,2025-07-13,Pro,79.9,25,10,Boleto,1,1,79.9
CUST-04868,2024-07-01,Pro,79.9,17,6,Cartão de Crédito,10,1,799.0
CUST-04869,2024-07-28,Pro,79.9,29,7,Boleto,18,0,1438.2
CUST-04870,2024-04-07,Basic,29.9,22,10,Boleto,19,0,568.1
CUST-04871,2024-11-25,Pro,79.9,4,4,Cartão de Crédito,14,0,1118.6
CUST-04872,2024-06-09,Basic,29.9,9,6,Pix,17,0,508.3
CUST-04873,2024-01-08,Basic,29.9,26,2,Boleto,8,1,239.2
CUST-04874,2025-04-02,Pro,79.9,14,7,Cartão de Crédito,1,1,79.9
CUST-04875,2025-04-11,Basic,29.9,27,9,Boleto,6,1,179.4
CUST-04876,2024-03-13,Enterprise,249.9,17,2,Pix,17,0,4248.3
CUST-04877,2025-04-23,Pro,79.9,15,8,Cartão de Crédito,8,1,639.2
CUST-04878,2024-05-28,Pro,79.9,0,3,Cartão de Crédito,5,1,399.5
CUST-04879,2024-11-09,Enterprise,249.9,27,2,Boleto,18,0,4498.2
CUST-04880,2025-10-23,Pro,79.9,24,8,Pix,20,0,1598.0
CUST-04881,2024-12-22,Basic,29.9,10,3,Pix,13,0,388.7
CUST-04882,2024-09-11,Basic,29.9,9,0,Boleto,8,1,239.2
CUST-04883,2025-06-13,Enterprise,249.9,20,0,Pix,15,0,3748.5
CUST-04884,2024-05-09,Enterprise,249.9,0,9,Cartão de Crédito,11,1,2748.9
CUST-04885,2025-10-07,Pro,79.9,15,3,Cartão de Crédito,3,1,239.7
CUST-04886,2025-04-29,Basic,29.9,27,4,Boleto,14,0,418.6
CUST-04887,2024-02-15,Pro,79.9,20,3,Pix,9,1,719.1
CUST-04888,2025-01-05,Basic,29.9,19,2,Pix,16,0,478.4
CUST-04889,2024-05-19,Pro,79.9,27,10,Cartão de Crédito,7,1,559.3
CUST-04890,2024-01-19,Basic,29.9,20,10,Pix,18,0,538.2
CUST-04891,2024-10-21,Basic,29.9,26,8,Pix,14,0,418.6
CUST-04892,2024-06-22,Pro,79.9,10,7,Pix,22,0,1757.8
CUST-04893,2024-12-03,Basic,29.9,12,7,Boleto,15,0,448.5
CUST-04894,2024-07-21,Basic,29.9,24,7,Boleto,7,1,209.3
CUST-04895,2024-09-14,Basic,29.9,2,1,Cartão de Crédito,19,0,568.1
CUST-04896,2025-11-08,Basic,29.9,5,10,Pix,2,1,59.8
CUST-04897,2024-12-09,Pro,79.9,6,8,Pix,20,0,1598.0
CUST-04898,2025-01-29,Pro,79.9,3,3,Pix,7,1,559.3
CUST-04899,2024-05-18,Pro,79.9,7,0,Boleto,11,1,878.9
CUST-04900,2025-07-04,Enterprise,249.9,27,8,Pix,20,0,4998.0
CUST-04901,2024-04-30,Enterprise,249.9,7,7,Boleto,7,1,1749.3
CUST-04902,2024-12-31,Basic,29.9,18,0,Cartão de Crédito,12,1,358.8
CUST-04903,2025-02-02,Enterprise,249.9,17,8,Pix,22,0,5497.8
CUST-04904,2025-04-17,Basic,29.9,10,2,Boleto,10,1,299.0
CUST-04905,2025-09-10,Pro,79.9,7,5,Boleto,17,0,1358.3
CUST-04906,2025-09-07,Pro,79.9,11,2,Cartão de Crédito,13,0,1038.7
CUST-04907,2024-03-19,Basic,29.9,10,9,Pix,9,1,269.1
CUST-04908,2025-11-25,Enterprise,249.9,14,10,Pix,23,0,5747.7
CUST-04909,2024-07-09,Basic,29.9,17,9,Cartão de Crédito,14,0,418.6
CUST-04910,2025-04-18,Enterprise,249.9,14,2,Boleto,15,0,3748.5
CUST-04911,2025-08-14,Basic,29.9,19,10,Pix,18,0,538.2
CUST-04912,2025-05-12,Pro,79.9,21,1,Cartão de Crédito,14,0,1118.6
CUST-04913,2024-08-06,Pro,79.9,8,4,Cartão de Crédito,22,0,1757.8
CUST-04914,2025-12-26,Basic,29.9,25,0,Boleto,14,0,418.6
CUST-04915,2025-01-01,Pro,79.9,2,4,Boleto,1,1,79.9
CUST-04916,2024-05-12,Basic,29.9,9,9,Boleto,21,0,627.9
CUST-04917,2025-08-21,Enterprise,249.9,26,9,Boleto,24,0,5997.6
CUST-04918,2025-01-03,Enterprise,249.9,22,0,Pix,24,0,5997.6
CUST-04919,2024-12-02,Basic,29.9,21,4,Cartão de Crédito,15,0,448.5
CUST-04920,2024-11-03,Enterprise,249.9,19,3,Cartão de Crédito,10,1,2499.0
CUST-04921,2024-09-07,Enterprise,249.9,22,1,Boleto,14,0,3498.6
CUST-04922,2025-08-29,Pro,79.9,10,3,Cartão de Crédito,14,0,1118.6
CUST-04923,2024-06-10,Pro,79.9,13,8,Boleto,18,0,1438.2
CUST-04924,2025-10-28,Basic,29.9,20,8,Pix,16,0,478.4
CUST-04925,2025-04-23,Pro,79.9,21,9,Boleto,8,1,639.2
CUST-04926,2024-06-16,Enterprise,249.9,21,8,Pix,8,1,1999.2
CUST-04927,2025-09-17,Pro,79.9,12,3,Cartão de Crédito,21,0,1677.9
CUST-04928,2025-11-23,Basic,29.9,28,9,Pix,14,0,418.6
CUST-04929,2024-11-06,Enterprise,249.9,25,2,Boleto,15,0,3748.5
CUST-04930,2025-11-06,Enterprise,249.9,12,0,Cartão de Crédito,14,0,3498.6
CUST-04931,2024-06-06,Enterprise,249.9,28,0,Pix,20,0,4998.0
CUST-04932,2025-12-18,Basic,29.9,10,0,Boleto,24,0,717.6
CUST-04933,2024-09-04,Pro,79.9,29,4,Pix,3,1,239.7
CUST-04934,2025-04-29,Enterprise,249.9,19,9,Pix,9,1,2249.1
CUST-04935,2025-01-04,Enterprise,249.9,21,8,Boleto,16,0,3998.4
CUST-04936,2025-02-17,Basic,29.9,12,8,Cartão de Crédito,5,1,149.5
CUST-04937,2024-09-12,Basic,29.9,17,9,Cartão de Crédito,12,1,358.8
CUST-04938,2025-05-27,Pro,79.9,28,4,Boleto,17,0,1358.3
CUST-04939,2025-03-01,Pro,79.9,29,5,Pix,13,0,1038.7
CUST-04940,2024-10-02,Basic,29.9,28,6,Boleto,5,1,149.5
CUST-04941,2024-11-06,Basic,29.9,0,10,Boleto,9,1,269.1
CUST-04942,2024-10-11,Enterprise,249.9,21,7,Boleto,5,1,1249.5
CUST-04943,2025-08-12,Pro,79.9,26,8,Pix,5,1,399.5
CUST-04944,2024-10-18,Basic,29.9,26,3,Cartão de Crédito,8,1,239.2
CUST-04945,2024-06-14,Basic,29.9,17,10,Boleto,6,1,179.4
CUST-04946,2025-10-11,Basic,29.9,27,1,Boleto,23,0,687.7
CUST-04947,2025-09-24,Pro,79.9,0,2,Cartão de Crédito,15,0,1198.5
CUST-04948,2025-10-23,Enterprise,249.9,15,7,Pix,17,0,4248.3
CUST-04949,2024-06-10,Enterprise,249.9,18,0,Cartão de Crédito,5,1,1249.5
CUST-04950,2024-10-18,Basic,29.9,27,0,Pix,23,0,687.7
CUST-04951,2025-04-16,Pro,79.9,24,3,Pix,20,0,1598.0
CUST-04952,2025-06-05,Enterprise,249.9,4,0,Cartão de Crédito,13,0,3248.7
CUST-04953,2025-05-07,Basic,29.9,30,0,Pix,14,0,418.6
CUST-04954,2025-11-13,Enterprise,249.9,0,8,Boleto,1,1,249.9
CUST-04955,2025-06-10,Basic,29.9,30,6,Pix,15,0,448.5
CUST-04956,2025-03-01,Pro,79.9,11,9,Pix,7,1,559.3
CUST-04957,2024-05-25,Enterprise,249.9,29,3,Cartão de Crédito,18,0,4498.2
CUST-04958,2024-04-08,Enterprise,249.9,6,2,Boleto,4,1,999.6
CUST-04959,2024-11-08,Pro,79.9,3,8,Cartão de Crédito,3,1,239.7
CUST-04960,2024-10-30,Basic,29.9,6,9,Pix,18,0,538.2
CUST-04961,2025-06-07,Pro,79.9,28,4,Boleto,23,0,1837.7
CUST-04962,2025-03-07,Enterprise,249.9,19,6,Boleto,23,0,5747.7
CUST-04963,2025-11-10,Basic,29.9,7,3,Boleto,22,0,657.8
CUST-04964,2025-01-27,Enterprise,249.9,17,10,Pix,23,0,5747.7
CUST-04965,2024-03-22,Enterprise,249.9,20,10,Boleto,13,0,3248.7
CUST-04966,2025-01-20,Basic,29.9,1,7,Cartão de Crédito,8,1,239.2
CUST-04967,2024-03-13,Pro,79.9,3,9,Cartão de Crédito,9,1,719.1
CUST-04968,2025-04-01,Enterprise,249.9,23,10,Boleto,1,1,249.9
CUST-04969,2025-08-02,Pro,79.9,25,4,Pix,14,0,1118.6
CUST-04970,2024-07-10,Basic,29.9,20,6,Pix,1,1,29.9
CUST-04971,2024-02-04,Pro,79.9,7,1,Boleto,20,0,1598.0
CUST-04972,2024-07-15,Enterprise,249.9,1,3,Boleto,13,0,3248.7
CUST-04973,2025-10-27,Basic,29.9,15,2,Cartão de Crédito,14,0,418.6
CUST-04974,2024-10-10,Pro,79.9,10,6,Boleto,13,0,1038.7
CUST-04975,2025-09-22,Enterprise,249.9,24,3,Pix,19,0,4748.1
CUST-04976,2025-03-01,Basic,29.9,0,6,Cartão de Crédito,11,1,328.9
CUST-04977,2024-02-14,Pro,79.9,9,6,Boleto,17,0,1358.3
CUST-04978,2024-06-14,Basic,29.9,5,4,Pix,19,0,568.1
CUST-04979,2025-01-08,Basic,29.9,24,2,Cartão de Crédito,17,0,508.3
CUST-04980,2025-10-23,Enterprise,249.9,14,10,Boleto,17,0,4248.3
CUST-04981,2024-11-20,Basic,29.9,30,8,Boleto,13,0,388.7
CUST-04982,2025-11-01,Basic,29.9,27,5,Pix,15,0,448.5
CUST-04983,2024-03-05,Enterprise,249.9,9,10,Boleto,16,0,3998.4
CUST-04984,2024-08-08,Enterprise,249.9,16,9,Boleto,16,0,3998.4
CUST-04985,2024-08-28,Basic,29.9,2,5,Boleto,20,0,598.0
CUST-04986,2025-08-12,Basic,29.9,18,7,Pix,22,0,657.8
CUST-04987,2025-04-23,Basic,29.9,0,9,Cartão de Crédito,2,1,59.8
CUST-04988,2024-07-02,Basic,29.9,17,9,Pix,15,0,448.5
CUST-04989,2024-09-29,Pro,79.9,0,4,Pix,3,1,239.7
CUST-04990,2024-05-25,Pro,79.9,3,0,Boleto,21,0,1677.9
CUST-04991,2024-05-27,Pro,79.9,3,5,Cartão de Crédito,7,1,559.3
CUST-04992,2024-04-02,Enterprise,249.9,23,9,Cartão de Crédito,17,0,4248.3
CUST-04993,2025-03-25,Pro,79.9,6,1,Pix,22,0,1757.8
CUST-04994,2024-10-04,Enterprise,249.9,8,6,Pix,24,0,5997.6
CUST-04995,2024-12-18,Pro,79.9,4,9,Boleto,12,1,958.8
CUST-04996,2024-12-15,Enterprise,249.9,21,7,Cartão de Crédito,19,0,4748.1
CUST-04997,2025-08-30,Basic,29.9,26,7,Pix,15,0,448.5
CUST-04998,2024-09-24,Enterprise,249.9,5,3,Pix,23,0,5747.7
CUST-04999,2024-07-28,Pro,79.9,1,7,Boleto,9,1,719.1
CUST-05000,2025-09-03,Basic,29.9,25,3,Boleto,18,0,538.2
CUST-05001,2024-07-17,Pro,79.9,28,5,Cartão de Crédito,21,0,1677.9
CUST-05002,2024-05-20,Basic,29.9,30,4,Boleto,24,0,717.6
CUST-05003,2025-08-14,Basic,29.9,6,3,Cartão de Crédito,24,0,717.6
CUST-05004,2025-10-21,Pro,79.9,6,0,Pix,22,0,1757.8
CUST-05005,2024-04-28,Pro,79.9,10,0,Boleto,21,0,1677.9
CUST-05006,2024-10-15,Basic,29.9,16,7,Pix,17,0,508.3
CUST-05007,2025-02-28,Pro,79.9,5,4,Cartão de Crédito,17,0,1358.3
CUST-05008,2025-08-30,Basic,29.9,24,7,Pix,4,1,119.6
CUST-05009,2025-04-12,Enterprise,249.9,11,3,Cartão de Crédito,6,1,1499.4
CUST-05010,2025-12-30,Enterprise,249.9,23,9,Pix,4,1,999.6
CUST-05011,2025-07-22,Basic,29.9,4,9,Cartão de Crédito,1,1,29.9
CUST-05012,2025-11-03,Basic,29.9,17,10,Cartão de Crédito,21,0,627.9
CUST-05013,2024-03-17,Pro,79.9,11,10,Boleto,23,0,1837.7
CUST-05014,2025-05-19,Pro,79.9,22,5,Pix,16,0,1278.4
CUST-05015,2024-08-06,Pro,79.9,3,2,Cartão de Crédito,24,0,1917.6
CUST-05016,2025-09-14,Basic,29.9,15,0,Boleto,21,0,627.9
CUST-05017,2024-05-11,Pro,79.9,28,10,Pix,20,0,1598.0
CUST-05018,2024-02-12,Pro,79.9,19,4,Pix,20,0,1598.0
CUST-05019,2024-03-09,Pro,79.9,6,0,Cartão de Crédito,20,0,1598.0
CUST-05020,2024-10-27,Enterprise,249.9,21,5,Cartão de Crédito,23,0,5747.7
CUST-05021,2025-03-01,Pro,79.9,7,9,Cartão de Crédito,11,1,878.9
CUST-05022,2024-09-10,Enterprise,249.9,5,5,Cartão de Crédito,23,0,5747.7
CUST-05023,2024-09-08,Pro,79.9,25,3,Pix,17,0,1358.3
CUST-05024,2025-04-08,Enterprise,249.9,28,8,Pix,10,1,2499.0
CUST-05025,2025-10-26,Basic,29.9,6,8,Boleto,22,0,657.8
CUST-05026,2024-06-29,Pro,79.9,9,3,Cartão de Crédito,21,0,1677.9
CUST-05027,2024-08-23,Basic,29.9,8,10,Boleto,12,1,358.8
CUST-05028,2024-02-18,Pro,79.9,22,2,Cartão de Crédito,21,0,1677.9
CUST-05029,2024-02-24,Basic,29.9,6,7,Pix,22,0,657.8
CUST-05030,2025-07-19,Enterprise,249.9,1,0,Cartão de Crédito,16,0,3998.4
CUST-05031,2024-08-02,Basic,29.9,15,9,Cartão de Crédito,6,1,179.4
CUST-05032,2024-09-09,Pro,79.9,17,5,Cartão de Crédito,14,0,1118.6
CUST-05033,2025-03-20,Basic,29.9,6,2,Pix,7,1,209.3
CUST-05034,2025-07-20,Basic,29.9,5,5,Cartão de Crédito,17,0,508.3
CUST-05035,2024-05-27,Pro,79.9,2,3,Cartão de Crédito,22,0,1757.8
CUST-05036,2025-01-13,Basic,29.9,18,5,Cartão de Crédito,21,0,627.9
CUST-05037,2025-04-05,Enterprise,249.9,0,2,Pix,10,1,2499.0
CUST-05038,2024-06-15,Basic,29.9,11,3,Cartão de Crédito,17,0,508.3
CUST-05039,2024-02-09,Enterprise,249.9,10,10,Boleto,8,1,1999.2
CUST-05040,2024-01-29,Pro,79.9,5,5,Pix,23,0,1837.7
CUST-05041,2024-03-18,Basic,29.9,22,10,Cartão de Crédito,11,1,328.9
CUST-05042,2025-06-09,Enterprise,249.9,17,1,Boleto,20,0,4998.0
CUST-05043,2025-11-13,Enterprise,249.9,28,0,Pix,17,0,4248.3
CUST-05044,2024-07-08,Enterprise,249.9,8,10,Boleto,20,0,4998.0
CUST-05045,2025-07-22,Basic,29.9,28,9,Boleto,6,1,179.4
CUST-05046,2025-08-16,Enterprise,249.9,22,4,Boleto,22,0,5497.8
CUST-05047,2025-12-24,Enterprise,249.9,22,8,Boleto,23,0,5747.7
CUST-05048,2025-06-23,Enterprise,249.9,12,2,Pix,15,0,3748.5
CUST-05049,2024-09-06,Pro,79.9,18,8,Pix,9,1,719.1
CUST-05050,2024-12-25,Enterprise,249.9,8,6,Pix,15,0,3748.5
CUST-05051,2025-12-24,Pro,79.9,13,4,Boleto,24,0,1917.6
CUST-05052,2025-06-13,Pro,79.9,7,5,Pix,21,0,1677.9
CUST-05053,2025-05-16,Pro,79.9,14,6,Pix,11,1,878.9
CUST-05054,2024-05-12,Enterprise,249.9,18,9,Pix,8,1,1999.2
CUST-05055,2024-06-07,Basic,29.9,18,2,Cartão de Crédito,16,0,478.4
CUST-05056,2025-03-09,Pro,79.9,30,4,Cartão de Crédito,10,1,799.0
CUST-05057,2025-07-30,Basic,29.9,3,0,Pix,11,1,328.9
CUST-05058,2024-11-24,Basic,29.9,22,10,Pix,12,1,358.8
CUST-05059,2025-03-04,Pro,79.9,4,6,Cartão de Crédito,5,1,399.5
CUST-05060,2025-10-03,Pro,79.9,20,6,Boleto,3,1,239.7
CUST-05061,2025-11-23,Basic,29.9,27,1,Boleto,14,0,418.6
CUST-05062,2025-08-24,Pro,79.9,4,7,Pix,10,1,799.0
CUST-05063,2025-07-11,Enterprise,249.9,20,5,Boleto,14,0,3498.6
CUST-05064,2025-10-03,Basic,29.9,24,2,Boleto,23,0,687.7
CUST-05065,2024-12-17,Pro,79.9,9,0,Pix,13,0,1038.7
CUST-05066,2025-06-19,Basic,29.9,23,9,Cartão de Crédito,23,0,687.7
CUST-05067,2024-11-26,Pro,79.9,3,9,Cartão de Crédito,12,1,958.8
CUST-05068,2024-05-08,Enterprise,249.9,5,8,Boleto,3,1,749.7
CUST-05069,2024-08-18,Enterprise,249.9,13,3,Boleto,19,0,4748.1
CUST-05070,2024-09-06,Enterprise,249.9,16,5,Cartão de Crédito,17,0,4248.3
CUST-05071,2024-03-21,Basic,29.9,11,3,Cartão de Crédito,14,0,418.6
CUST-05072,2025-12-22,Pro,79.9,10,7,Cartão de Crédito,16,0,1278.4
CUST-05073,2024-03-07,Pro,79.9,20,1,Cartão de Crédito,14,0,1118.6
CUST-05074,2025-08-24,Pro,79.9,11,2,Boleto,23,0,1837.7
CUST-05075,2024-11-21,Basic,29.9,24,2,Cartão de Crédito,23,0,687.7
CUST-05076,2025-07-18,Basic,29.9,5,6,Pix,19,0,568.1
CUST-05077,2025-03-10,Enterprise,249.9,3,5,Cartão de Crédito,8,1,1999.2
CUST-05078,2025-01-10,Basic,29.9,17,3,Cartão de Crédito,14,0,418.6
CUST-05079,2025-12-19,Basic,29.9,18,3,Boleto,15,0,448.5
CUST-05080,2024-01-30,Enterprise,249.9,3,1,Pix,18,0,4498.2
CUST-05081,2025-12-10,Basic,29.9,4,10,Boleto,10,1,299.0
CUST-05082,2024-05-11,Enterprise,249.9,28,6,Cartão de Crédito,9,1,2249.1
CUST-05083,2025-02-26,Pro,79.9,12,4,Boleto,9,1,719.1
CUST-05084,2024-03-25,Basic,29.9,24,7,Boleto,5,1,149.5
CUST-05085,2024-09-08,Basic,29.9,7,7,Boleto,15,0,448.5
CUST-05086,2025-12-02,Basic,29.9,22,3,Boleto,15,0,448.5
CUST-05087,2024-03-27,Enterprise,249.9,23,0,Pix,16,0,3998.4
CUST-05088,2025-09-14,Enterprise,249.9,18,3,Boleto,16,0,3998.4
CUST-05089,2024-12-23,Basic,29.9,3,9,Cartão de Crédito,9,1,269.1
CUST-05090,2024-08-11,Basic,29.9,18,6,Boleto,9,1,269.1
CUST-05091,2025-11-05,Enterprise,249.9,22,3,Pix,18,0,4498.2
CUST-05092,2024-04-17,Basic,29.9,15,1,Boleto,5,1,149.5
CUST-05093,2024-05-03,Enterprise,249.9,18,4,Pix,17,0,4248.3
CUST-05094,2024-03-31,Pro,79.9,6,7,Pix,2,1,159.8
CUST-05095,2025-02-03,Enterprise,249.9,28,0,Pix,22,0,5497.8
CUST-05096,2025-05-04,Enterprise,249.9,13,2,Cartão de Crédito,22,0,5497.8
CUST-05097,2024-04-20,Basic,29.9,18,3,Cartão de Crédito,22,0,657.8
CUST-05098,2025-11-04,Enterprise,249.9,3,4,Cartão de Crédito,6,1,1499.4
CUST-05099,2025-04-23,Enterprise,249.9,29,4,Boleto,16,0,3998.4
CUST-05100,2024-04-17,Enterprise,249.9,29,10,Boleto,21,0,5247.9
CUST-05101,2024-02-18,Pro,79.9,11,6,Cartão de Crédito,4,1,319.6
CUST-05102,2024-06-23,Pro,79.9,0,5,Boleto,12,1,958.8
CUST-05103,2025-12-27,Enterprise,249.9,21,9,Boleto,21,0,5247.9
CUST-05104,2025-06-28,Pro,79.9,4,7,Cartão de Crédito,6,1,479.4
CUST-05105,2025-04-25,Pro,79.9,4,5,Cartão de Crédito,1,1,79.9
CUST-05106,2024-08-02,Enterprise,249.9,16,6,Cartão de Crédito,11,1,2748.9
CUST-05107,2024-10-30,Enterprise,249.9,11,7,Cartão de Crédito,3,1,749.7
CUST-05108,2025-01-16,Basic,29.9,4,3,Boleto,22,0,657.8
CUST-05109,2025-12-21,Enterprise,249.9,1,9,Pix,1,1,249.9
CUST-05110,2024-10-14,Pro,79.9,30,4,Boleto,16,0,1278.4
CUST-05111,2025-04-21,Enterprise,249.9,2,9,Pix,7,1,1749.3
CUST-05112,2025-09-30,Basic,29.9,2,3,Cartão de Crédito,16,0,478.4
CUST-05113,2024-09-30,Pro,79.9,18,10,Cartão de Crédito,20,0,1598.0
CUST-05114,2025-07-01,Pro,79.9,4,7,Boleto,6,1,479.4
CUST-05115,2025-11-23,Pro,79.9,11,6,Pix,4,1,319.6
CUST-05116,2025-11-30,Basic,29.9,2,4,Pix,13,0,388.7
CUST-05117,2025-01-19,Enterprise,249.9,22,6,Boleto,4,1,999.6
CUST-05118,2025-09-16,Pro,79.9,1,1,Pix,16,0,1278.4
CUST-05119,2024-09-18,Pro,79.9,14,9,Boleto,19,0,1518.1
CUST-05120,2025-03-21,Basic,29.9,25,0,Boleto,14,0,418.6
CUST-05121,2025-01-07,Pro,79.9,20,10,Boleto,15,0,1198.5
CUST-05122,2025-07-16,Enterprise,249.9,5,0,Boleto,7,1,1749.3
CUST-05123,2024-12-16,Pro,79.9,12,10,Cartão de Crédito,15,0,1198.5
CUST-05124,2024-10-16,Basic,29.9,27,8,Pix,3,1,89.7
CUST-05125,2024-06-24,Pro,79.9,0,4,Pix,1,1,79.9
CUST-05126,2024-08-17,Basic,29.9,29,9,Boleto,18,0,538.2
CUST-05127,2025-10-26,Enterprise,249.9,26,10,Cartão de Crédito,21,0,5247.9
CUST-05128,2025-12-09,Pro,79.9,29,1,Cartão de Crédito,20,0,1598.0
CUST-05129,2025-05-14,Enterprise,249.9,8,7,Pix,16,0,3998.4
CUST-05130,2025-03-29,Basic,29.9,11,9,Pix,24,0,717.6
CUST-05131,2025-04-29,Pro,79.9,24,7,Boleto,13,0,1038.7
CUST-05132,2024-12-23,Enterprise,249.9,4,1,Boleto,9,1,2249.1
CUST-05133,2025-04-15,Basic,29.9,4,2,Cartão de Crédito,9,1,269.1
CUST-05134,2024-09-22,Basic,29.9,29,9,Pix,10,1,299.0
CUST-05135,2025-03-27,Enterprise,249.9,7,0,Cartão de Crédito,24,0,5997.6
CUST-05136,2025-10-31,Basic,29.9,27,4,Cartão de Crédito,18,0,538.2
CUST-05137,2024-11-12,Enterprise,249.9,7,10,Pix,1,1,249.9
CUST-05138,2024-04-28,Enterprise,249.9,22,2,Pix,19,0,4748.1
CUST-05139,2024-12-15,Basic,29.9,0,1,Pix,15,0,448.5
CUST-05140,2025-03-23,Pro,79.9,15,8,Boleto,18,0,1438.2
CUST-05141,2024-11-16,Enterprise,249.9,21,3,Boleto,15,0,3748.5
CUST-05142,2024-05-05,Basic,29.9,25,8,Boleto,8,1,239.2
CUST-05143,2025-04-18,Basic,29.9,14,9,Cartão de Crédito,22,0,657.8
CUST-05144,2024-07-24,Enterprise,249.9,19,10,Cartão de Crédito,11,1,2748.9
CUST-05145,2025-12-24,Basic,29.9,12,2,Cartão de Crédito,19,0,568.1
CUST-05146,2024-06-11,Pro,79.9,21,10,Pix,23,0,1837.7
CUST-05147,2024-11-21,Enterprise,249.9,29,1,Cartão de Crédito,24,0,5997.6
CUST-05148,2024-01-15,Enterprise,249.9,23,1,Cartão de Crédito,15,0,3748.5
CUST-05149,2024-05-21,Basic,29.9,1,2,Boleto,12,1,358.8
CUST-05150,2025-07-09,Pro,79.9,4,2,Boleto,24,0,1917.6
CUST-05151,2025-03-07,Pro,79.9,0,1,Cartão de Crédito,20,0,1598.0
CUST-05152,2025-02-16,Enterprise,249.9,15,8,Pix,7,1,1749.3
CUST-05153,2025-08-08,Pro,79.9,20,4,Cartão de Crédito,20,0,1598.0
CUST-05154,2024-01-29,Enterprise,249.9,6,7,Cartão de Crédito,11,1,2748.9
CUST-05155,2024-08-08,Basic,29.9,23,6,Pix,11,1,328.9
CUST-05156,2025-03-15,Pro,79.9,28,7,Pix,21,0,1677.9
CUST-05157,2024-03-17,Pro,79.9,23,2,Cartão de Crédito,19,0,1518.1
CUST-05158,2024-07-22,Basic,29.9,8,8,Boleto,17,0,508.3
CUST-05159,2025-07-09,Basic,29.9,17,7,Cartão de Crédito,6,1,179.4
CUST-05160,2025-01-06,Pro,79.9,10,8,Boleto,21,0,1677.9
CUST-05161,2024-03-10,Basic,29.9,0,8,Boleto,1,1,29.9
CUST-05162,2024-05-02,Enterprise,249.9,23,9,Pix,22,0,5497.8
CUST-05163,2025-06-04,Enterprise,249.9,6,0,Cartão de Crédito,23,0,5747.7
CUST-05164,2024-09-22,Pro,79.9,0,3,Pix,7,1,559.3
CUST-05165,2025-10-23,Pro,79.9,4,5,Pix,10,1,799.0
CUST-05166,2024-04-12,Pro,79.9,3,3,Cartão de Crédito,17,0,1358.3
CUST-05167,2025-08-30,Pro,79.9,25,3,Boleto,13,0,1038.7
CUST-05168,2025-04-03,Pro,79.9,16,1,Cartão de Crédito,1,1,79.9
CUST-05169,2025-09-02,Basic,29.9,9,0,Pix,11,1,328.9
CUST-05170,2025-01-20,Basic,29.9,10,2,Pix,24,0,717.6
CUST-05171,2024-02-28,Enterprise,249.9,29,6,Pix,16,0,3998.4
CUST-05172,2025-01-28,Enterprise,249.9,28,3,Cartão de Crédito,23,0,5747.7
CUST-05173,2024-08-01,Pro,79.9,27,8,Boleto,12,1,958.8
CUST-05174,2025-03-04,Enterprise,249.9,18,2,Pix,16,0,3998.4
CUST-05175,2024-01-03,Enterprise,249.9,20,6,Cartão de Crédito,17,0,4248.3
CUST-05176,2024-09-17,Basic,29.9,29,3,Pix,17,0,508.3
CUST-05177,2024-10-19,Basic,29.9,2,4,Cartão de Crédito,9,1,269.1
CUST-05178,2024-06-24,Enterprise,249.9,17,7,Cartão de Crédito,21,0,5247.9
CUST-05179,2024-02-10,Basic,29.9,19,3,Boleto,20,0,598.0
CUST-05180,2024-08-12,Pro,79.9,13,9,Pix,3,1,239.7
CUST-05181,2024-12-04,Basic,29.9,17,5,Cartão de Crédito,16,0,478.4
CUST-05182,2024-06-12,Enterprise,249.9,29,0,Pix,24,0,5997.6
CUST-05183,2024-02-21,Pro,79.9,28,1,Pix,18,0,1438.2
CUST-05184,2024-07-21,Basic,29.9,28,9,Cartão de Crédito,2,1,59.8
CUST-05185,2025-02-12,Basic,29.9,13,6,Cartão de Crédito,9,1,269.1
CUST-05186,2024-10-24,Enterprise,249.9,15,2,Boleto,16,0,3998.4
CUST-05187,2024-01-22,Pro,79.9,16,7,Cartão de Crédito,16,0,1278.4
CUST-05188,2025-08-02,Enterprise,249.9,13,2,Pix,11,1,2748.9
CUST-05189,2025-10-06,Basic,29.9,28,6,Boleto,10,1,299.0
CUST-05190,2025-02-22,Enterprise,249.9,5,8,Cartão de Crédito,24,0,5997.6
CUST-05191,2025-01-27,Basic,29.9,27,6,Boleto,16,0,478.4
CUST-05192,2024-10-28,Pro,79.9,30,5,Cartão de Crédito,7,1,559.3
CUST-05193,2024-07-12,Enterprise,249.9,5,8,Cartão de Crédito,24,0,5997.6
CUST-05194,2024-12-11,Basic,29.9,25,1,Cartão de Crédito,19,0,568.1
CUST-05195,2024-03-26,Enterprise,249.9,10,3,Cartão de Crédito,13,0,3248.7
CUST-05196,2024-02-15,Pro,79.9,26,5,Pix,19,0,1518.1
CUST-05197,2025-09-20,Pro,79.9,6,6,Pix,24,0,1917.6
CUST-05198,2024-02-24,Basic,29.9,5,10,Pix,10,1,299.0
CUST-05199,2024-06-09,Pro,79.9,25,10,Cartão de Crédito,11,1,878.9
CUST-05200,2025-02-04,Pro,79.9,30,10,Cartão de Crédito,13,0,1038.7
CUST-05201,2025-02-28,Basic,29.9,19,4,Cartão de Crédito,16,0,478.4
CUST-05202,2025-07-05,Enterprise,249.9,8,8,Pix,11,1,2748.9
CUST-05203,2025-11-20,Basic,29.9,30,6,Boleto,13,0,388.7
CUST-05204,2025-06-08,Pro,79.9,11,8,Pix,14,0,1118.6
CUST-05205,2024-08-22,Enterprise,249.9,16,7,Boleto,12,1,2998.8
CUST-05206,2024-11-05,Enterprise,249.9,26,6,Boleto,23,0,5747.7
CUST-05207,2024-07-29,Pro,79.9,22,3,Cartão de Crédito,15,0,1198.5
CUST-05208,2024-05-14,Enterprise,249.9,27,0,Boleto,17,0,4248.3
CUST-05209,2024-03-19,Enterprise,249.9,12,4,Cartão de Crédito,23,0,5747.7
CUST-05210,2025-11-06,Enterprise,249.9,12,2,Cartão de Crédito,19,0,4748.1
CUST-05211,2024-11-29,Pro,79.9,4,6,Cartão de Crédito,4,1,319.6
CUST-05212,2024-06-03,Basic,29.9,16,1,Pix,21,0,627.9
CUST-05213,2025-12-12,Pro,79.9,4,4,Boleto,20,0,1598.0
CUST-05214,2025-06-16,Basic,29.9,11,9,Boleto,5,1,149.5
CUST-05215,2024-02-14,Enterprise,249.9,28,1,Pix,24,0,5997.6
CUST-05216,2024-05-15,Pro,79.9,7,8,Pix,3,1,239.7
CUST-05217,2025-10-08,Basic,29.9,30,2,Boleto,12,1,358.8
CUST-05218,2025-03-25,Pro,79.9,9,1,Cartão de Crédito,17,0,1358.3
CUST-05219,2024-10-06,Pro,79.9,15,8,Boleto,20,0,1598.0
CUST-05220,2025-04-18,Pro,79.9,20,9,Cartão de Crédito,20,0,1598.0
CUST-05221,2025-06-07,Pro,79.9,26,1,Cartão de Crédito,13,0,1038.7
CUST-05222,2024-04-23,Pro,79.9,23,9,Boleto,16,0,1278.4
CUST-05223,2024-01-09,Basic,29.9,1,3,Boleto,17,0,508.3
CUST-05224,2025-08-08,Enterprise,249.9,20,10,Pix,24,0,5997.6
CUST-05225,2025-12-01,Basic,29.9,23,0,Pix,14,0,418.6
CUST-05226,2025-12-15,Pro,79.9,28,7,Cartão de Crédito,24,0,1917.6
CUST-05227,2024-09-12,Enterprise,249.9,5,3,Cartão de Crédito,1,1,249.9
CUST-05228,2025-10-26,Enterprise,249.9,0,10,Pix,2,1,499.8
CUST-05229,2025-05-27,Pro,79.9,19,3,Pix,13,0,1038.7
CUST-05230,2024-05-21,Enterprise,249.9,12,1,Boleto,21,0,5247.9
CUST-05231,2024-01-17,Enterprise,249.9,24,5,Boleto,14,0,3498.6
CUST-05232,2025-09-30,Basic,29.9,6,10,Cartão de Crédito,7,1,209.3
CUST-05233,2024-10-05,Basic,29.9,2,4,Boleto,7,1,209.3
CUST-05234,2025-12-02,Basic,29.9,26,6,Pix,15,0,448.5
CUST-05235,2025-08-08,Enterprise,249.9,19,3,Cartão de Crédito,13,0,3248.7
CUST-05236,2024-07-25,Enterprise,249.9,27,8,Boleto,11,1,2748.9
CUST-05237,2025-07-15,Basic,29.9,25,7,Cartão de Crédito,12,1,358.8
CUST-05238,2025-11-04,Pro,79.9,1,0,Cartão de Crédito,23,0,1837.7
CUST-05239,2024-12-13,Pro,79.9,8,2,Boleto,16,0,1278.4
CUST-05240,2024-05-12,Basic,29.9,23,4,Pix,14,0,418.6
CUST-05241,2024-12-07,Pro,79.9,2,8,Cartão de Crédito,20,0,1598.0
CUST-05242,2025-02-24,Basic,29.9,9,2,Pix,1,1,29.9
CUST-05243,2025-01-14,Pro,79.9,0,2,Pix,7,1,559.3
CUST-05244,2025-12-04,Pro,79.9,15,10,Boleto,16,0,1278.4
CUST-05245,2024-10-19,Basic,29.9,19,3,Cartão de Crédito,15,0,448.5
CUST-05246,2024-12-04,Pro,79.9,28,5,Pix,17,0,1358.3
CUST-05247,2025-08-12,Enterprise,249.9,20,9,Boleto,5,1,1249.5
CUST-05248,2024-02-29,Basic,29.9,25,10,Cartão de Crédito,16,0,478.4
CUST-05249,2025-10-21,Pro,79.9,26,5,Pix,14,0,1118.6
CUST-05250,2024-01-17,Basic,29.9,10,10,Cartão de Crédito,21,0,627.9
CUST-05251,2025-02-18,Enterprise,249.9,9,10,Cartão de Crédito,5,1,1249.5
CUST-05252,2024-10-23,Enterprise,249.9,24,2,Boleto,1,1,249.9
CUST-05253,2024-02-08,Pro,79.9,29,7,Pix,13,0,1038.7
CUST-05254,2025-01-16,Basic,29.9,4,7,Pix,1,1,29.9
CUST-05255,2024-04-19,Enterprise,249.9,4,7,Boleto,5,1,1249.5
CUST-05256,2024-08-29,Basic,29.9,0,2,Boleto,20,0,598.0
CUST-05257,2024-04-28,Basic,29.9,28,6,Cartão de Crédito,9,1,269.1
CUST-05258,2025-01-13,Pro,79.9,5,8,Boleto,4,1,319.6
CUST-05259,2024-06-22,Enterprise,249.9,8,5,Cartão de Crédito,13,0,3248.7
CUST-05260,2024-05-12,Pro,79.9,26,7,Boleto,1,1,79.9
CUST-05261,2024-07-28,Enterprise,249.9,15,4,Pix,21,0,5247.9
CUST-05262,2024-01-26,Basic,29.9,10,5,Pix,24,0,717.6
CUST-05263,2025-09-06,Basic,29.9,14,5,Pix,23,0,687.7
CUST-05264,2025-04-09,Enterprise,249.9,20,4,Pix,16,0,3998.4
CUST-05265,2025-07-21,Enterprise,249.9,5,7,Cartão de Crédito,20,0,4998.0
CUST-05266,2024-01-13,Pro,79.9,0,2,Pix,2,1,159.8
CUST-05267,2025-10-10,Basic,29.9,4,2,Pix,10,1,299.0
CUST-05268,2025-03-20,Basic,29.9,7,3,Pix,19,0,568.1
CUST-05269,2024-11-29,Pro,79.9,7,4,Boleto,15,0,1198.5
CUST-05270,2024-09-11,Pro,79.9,2,0,Boleto,19,0,1518.1
CUST-05271,2024-08-18,Pro,79.9,30,5,Cartão de Crédito,15,0,1198.5
CUST-05272,2025-05-19,Basic,29.9,9,10,Boleto,18,0,538.2
CUST-05273,2025-03-31,Pro,79.9,14,7,Pix,10,1,799.0
CUST-05274,2024-09-22,Pro,79.9,11,7,Pix,20,0,1598.0
CUST-05275,2025-02-07,Basic,29.9,4,10,Boleto,11,1,328.9
CUST-05276,2025-09-25,Basic,29.9,14,4,Cartão de Crédito,14,0,418.6
CUST-05277,2024-09-04,Pro,79.9,12,5,Pix,15,0,1198.5
CUST-05278,2025-08-24,Pro,79.9,6,2,Boleto,14,0,1118.6
CUST-05279,2024-06-05,Pro,79.9,6,1,Pix,18,0,1438.2
CUST-05280,2025-11-27,Pro,79.9,0,0,Boleto,21,0,1677.9
CUST-05281,2024-02-25,Basic,29.9,28,1,Cartão de Crédito,18,0,538.2
CUST-05282,2024-10-03,Pro,79.9,1,10,Boleto,13,0,1038.7
CUST-05283,2024-11-26,Basic,29.9,4,10,Boleto,6,1,179.4
CUST-05284,2024-11-02,Basic,29.9,23,9,Cartão de Crédito,18,0,538.2
CUST-05285,2024-09-02,Enterprise,249.9,1,0,Pix,12,1,2998.8
CUST-05286,2025-07-27,Enterprise,249.9,16,10,Pix,1,1,249.9
CUST-05287,2024-03-22,Basic,29.9,27,7,Boleto,20,0,598.0
CUST-05288,2024-02-04,Enterprise,249.9,24,2,Boleto,17,0,4248.3
CUST-05289,2025-12-08,Pro,79.9,30,0,Pix,18,0,1438.2
CUST-05290,2024-10-03,Enterprise,249.9,9,9,Cartão de Crédito,3,1,749.7
CUST-05291,2024-07-13,Basic,29.9,5,7,Boleto,19,0,568.1
CUST-05292,2024-06-03,Pro,79.9,8,7,Cartão de Crédito,16,0,1278.4
CUST-05293,2025-04-08,Pro,79.9,10,7,Boleto,23,0,1837.7
CUST-05294,2025-04-21,Enterprise,249.9,7,8,Boleto,22,0,5497.8
CUST-05295,2024-07-20,Basic,29.9,4,8,Boleto,1,1,29.9
CUST-05296,2024-09-13,Basic,29.9,26,3,Boleto,17,0,508.3
CUST-05297,2024-08-30,Enterprise,249.9,27,2,Cartão de Crédito,22,0,5497.8
CUST-05298,2024-08-01,Pro,79.9,7,2,Boleto,16,0,1278.4
CUST-05299,2025-06-16,Basic,29.9,9,0,Boleto,23,0,687.7
CUST-05300,2025-07-06,Pro,79.9,23,7,Boleto,17,0,1358.3
CUST-05301,2025-03-15,Pro,79.9,22,6,Pix,10,1,799.0
CUST-05302,2025-03-01,Basic,29.9,3,0,Pix,16,0,478.4
CUST-05303,2024-01-16,Enterprise,249.9,17,1,Pix,16,0,3998.4
CUST-05304,2024-08-09,Enterprise,249.9,9,3,Boleto,24,0,5997.6
CUST-05305,2025-09-15,Pro,79.9,1,8,Pix,16,0,1278.4
CUST-05306,2024-03-28,Basic,29.9,3,9,Pix,7,1,209.3
CUST-05307,2025-09-01,Pro,79.9,3,4,Pix,5,1,399.5
CUST-05308,2025-03-19,Pro,79.9,29,0,Pix,19,0,1518.1
CUST-05309,2024-05-06,Basic,29.9,11,7,Boleto,8,1,239.2
CUST-05310,2024-04-03,Enterprise,249.9,4,5,Cartão de Crédito,12,1,2998.8
CUST-05311,2024-07-13,Pro,79.9,17,1,Pix,21,0,1677.9
CUST-05312,2024-10-17,Pro,79.9,25,5,Pix,19,0,1518.1
CUST-05313,2024-08-24,Basic,29.9,30,6,Cartão de Crédito,9,1,269.1
CUST-05314,2024-12-11,Basic,29.9,12,7,Cartão de Crédito,2,1,59.8
CUST-05315,2024-09-23,Pro,79.9,25,9,Cartão de Crédito,19,0,1518.1
CUST-05316,2024-07-20,Basic,29.9,0,0,Boleto,3,1,89.7
CUST-05317,2024-03-13,Pro,79.9,14,4,Cartão de Crédito,15,0,1198.5
CUST-05318,2025-09-14,Enterprise,249.9,8,1,Cartão de Crédito,20,0,4998.0
CUST-05319,2025-08-08,Pro,79.9,21,5,Pix,21,0,1677.9
CUST-05320,2024-02-04,Basic,29.9,7,1,Pix,16,0,478.4
CUST-05321,2024-11-06,Basic,29.9,17,5,Boleto,18,0,538.2
CUST-05322,2025-10-04,Pro,79.9,3,8,Cartão de Crédito,15,0,1198.5
CUST-05323,2024-03-07,Pro,79.9,5,2,Cartão de Crédito,13,0,1038.7
CUST-05324,2024-07-02,Pro,79.9,23,6,Cartão de Crédito,4,1,319.6
CUST-05325,2024-12-14,Pro,79.9,13,4,Pix,17,0,1358.3
CUST-05326,2025-11-21,Enterprise,249.9,1,4,Boleto,12,1,2998.8
CUST-05327,2024-02-25,Basic,29.9,6,9,Cartão de Crédito,7,1,209.3
CUST-05328,2024-04-26,Enterprise,249.9,29,6,Boleto,13,0,3248.7
CUST-05329,2025-10-12,Basic,29.9,27,7,Boleto,8,1,239.2
CUST-05330,2024-10-10,Pro,79.9,27,7,Pix,4,1,319.6
CUST-05331,2025-07-17,Pro,79.9,29,5,Pix,14,0,1118.6
CUST-05332,2025-10-11,Enterprise,249.9,17,5,Pix,13,0,3248.7
CUST-05333,2024-07-17,Basic,29.9,15,2,Pix,22,0,657.8
CUST-05334,2024-06-10,Basic,29.9,15,0,Pix,19,0,568.1
CUST-05335,2025-02-17,Basic,29.9,26,1,Cartão de Crédito,17,0,508.3
CUST-05336,2025-06-11,Enterprise,249.9,5,10,Pix,12,1,2998.8
CUST-05337,2024-03-17,Basic,29.9,16,4,Pix,14,0,418.6
CUST-05338,2025-05-28,Basic,29.9,19,4,Boleto,24,0,717.6
CUST-05339,2025-06-05,Enterprise,249.9,28,5,Cartão de Crédito,23,0,5747.7
CUST-05340,2025-07-31,Enterprise,249.9,3,2,Cartão de Crédito,15,0,3748.5
CUST-05341,2024-04-21,Basic,29.9,9,7,Cartão de Crédito,17,0,508.3
CUST-05342,2024-11-19,Basic,29.9,7,8,Pix,11,1,328.9
CUST-05343,2025-11-21,Pro,79.9,14,0,Pix,21,0,1677.9
CUST-05344,2025-10-14,Pro,79.9,12,4,Boleto,20,0,1598.0
CUST-05345,2024-04-28,Pro,79.9,13,7,Cartão de Crédito,3,1,239.7
CUST-05346,2025-06-21,Basic,29.9,8,7,Pix,12,1,358.8
CUST-05347,2025-07-03,Enterprise,249.9,11,0,Pix,23,0,5747.7
CUST-05348,2025-08-15,Enterprise,249.9,27,4,Cartão de Crédito,17,0,4248.3
CUST-05349,2025-06-14,Basic,29.9,24,0,Boleto,13,0,388.7
CUST-05350,2025-09-08,Enterprise,249.9,24,1,Boleto,14,0,3498.6
CUST-05351,2024-09-19,Pro,79.9,10,8,Pix,19,0,1518.1
CUST-05352,2024-11-14,Basic,29.9,2,9,Boleto,11,1,328.9
CUST-05353,2025-12-24,Basic,29.9,16,5,Cartão de Crédito,20,0,598.0
CUST-05354,2024-11-15,Enterprise,249.9,9,10,Pix,9,1,2249.1
CUST-05355,2024-11-06,Enterprise,249.9,4,2,Cartão de Crédito,1,1,249.9
CUST-05356,2024-12-29,Enterprise,249.9,14,1,Boleto,17,0,4248.3
CUST-05357,2025-02-23,Enterprise,249.9,24,5,Cartão de Crédito,11,1,2748.9
CUST-05358,2025-03-23,Enterprise,249.9,2,2,Boleto,12,1,2998.8
CUST-05359,2024-08-22,Pro,79.9,23,3,Cartão de Crédito,12,1,958.8
CUST-05360,2025-01-05,Enterprise,249.9,2,8,Pix,1,1,249.9
CUST-05361,2024-04-07,Enterprise,249.9,13,6,Boleto,17,0,4248.3
CUST-05362,2024-01-04,Enterprise,249.9,14,0,Pix,13,0,3248.7
CUST-05363,2024-08-22,Basic,29.9,3,7,Pix,9,1,269.1
CUST-05364,2025-05-28,Pro,79.9,21,1,Boleto,15,0,1198.5
CUST-05365,2025-04-30,Enterprise,249.9,17,4,Pix,16,0,3998.4
CUST-05366,2024-12-06,Enterprise,249.9,4,8,Cartão de Crédito,12,1,2998.8
CUST-05367,2024-02-06,Pro,79.9,8,0,Cartão de Crédito,16,0,1278.4
CUST-05368,2024-08-29,Pro,79.9,14,7,Cartão de Crédito,16,0,1278.4
CUST-05369,2025-07-13,Basic,29.9,11,4,Cartão de Crédito,19,0,568.1
CUST-05370,2024-06-13,Pro,79.9,24,6,Cartão de Crédito,21,0,1677.9
CUST-05371,2024-01-20,Pro,79.9,13,3,Boleto,20,0,1598.0
CUST-05372,2025-08-17,Basic,29.9,6,0,Boleto,23,0,687.7
CUST-05373,2025-02-28,Pro,79.9,4,4,Pix,9,1,719.1
CUST-05374,2024-11-18,Enterprise,249.9,20,2,Cartão de Crédito,18,0,4498.2
CUST-05375,2024-03-18,Pro,79.9,18,9,Boleto,21,0,1677.9
CUST-05376,2024-03-23,Pro,79.9,24,9,Cartão de Crédito,3,1,239.7
CUST-05377,2024-08-04,Enterprise,249.9,5,5,Pix,15,0,3748.5
CUST-05378,2024-07-04,Enterprise,249.9,29,6,Pix,23,0,5747.7
CUST-05379,2024-11-22,Basic,29.9,29,8,Pix,2,1,59.8
CUST-05380,2024-11-17,Pro,79.9,28,1,Pix,16,0,1278.4
CUST-05381,2025-07-10,Enterprise,249.9,26,4,Pix,23,0,5747.7
CUST-05382,2024-10-16,Enterprise,249.9,9,9,Pix,3,1,749.7
CUST-05383,2024-12-09,Enterprise,249.9,17,7,Cartão de Crédito,6,1,1499.4
CUST-05384,2024-10-19,Basic,29.9,12,9,Boleto,18,0,538.2
CUST-05385,2025-10-01,Enterprise,249.9,2,7,Cartão de Crédito,1,1,249.9
CUST-05386,2024-01-06,Enterprise,249.9,0,3,Pix,9,1,2249.1
CUST-05387,2025-01-15,Enterprise,249.9,3,1,Cartão de Crédito,7,1,1749.3
CUST-05388,2025-11-08,Basic,29.9,17,7,Pix,7,1,209.3
CUST-05389,2024-04-30,Enterprise,249.9,2,10,Pix,19,0,4748.1
CUST-05390,2024-10-05,Enterprise,249.9,17,0,Pix,18,0,4498.2
CUST-05391,2025-05-18,Enterprise,249.9,12,5,Boleto,1,1,249.9
CUST-05392,2025-08-02,Pro,79.9,14,0,Pix,16,0,1278.4
CUST-05393,2024-05-17,Enterprise,249.9,5,1,Pix,20,0,4998.0
CUST-05394,2025-12-30,Enterprise,249.9,26,1,Pix,24,0,5997.6
CUST-05395,2025-07-15,Basic,29.9,28,4,Pix,17,0,508.3
CUST-05396,2025-03-11,Basic,29.9,19,8,Boleto,12,1,358.8
CUST-05397,2025-11-15,Pro,79.9,20,8,Cartão de Crédito,23,0,1837.7
CUST-05398,2025-09-18,Pro,79.9,11,4,Boleto,14,0,1118.6
CUST-05399,2025-09-30,Pro,79.9,16,5,Pix,21,0,1677.9
CUST-05400,2025-09-24,Enterprise,249.9,15,10,Pix,17,0,4248.3
CUST-05401,2025-05-09,Pro,79.9,9,0,Cartão de Crédito,22,0,1757.8
CUST-05402,2025-11-06,Basic,29.9,20,8,Pix,20,0,598.0
CUST-05403,2024-09-01,Basic,29.9,10,8,Pix,17,0,508.3
CUST-05404,2024-03-04,Pro,79.9,3,2,Boleto,24,0,1917.6
CUST-05405,2024-06-10,Enterprise,249.9,4,8,Cartão de Crédito,3,1,749.7
CUST-05406,2025-07-15,Basic,29.9,25,2,Pix,23,0,687.7
CUST-05407,2024-05-30,Pro,79.9,0,6,Cartão de Crédito,12,1,958.8
CUST-05408,2025-04-17,Pro,79.9,16,8,Boleto,11,1,878.9
CUST-05409,2025-04-01,Pro,79.9,28,2,Pix,13,0,1038.7
CUST-05410,2024-04-26,Basic,29.9,0,0,Boleto,7,1,209.3
CUST-05411,2025-08-07,Pro,79.9,24,9,Pix,13,0,1038.7
CUST-05412,2025-05-04,Basic,29.9,0,2,Pix,1,1,29.9
CUST-05413,2024-07-21,Enterprise,249.9,2,3,Pix,6,1,1499.4
CUST-05414,2025-05-22,Basic,29.9,27,8,Cartão de Crédito,22,0,657.8
CUST-05415,2025-08-20,Pro,79.9,0,9,Boleto,3,1,239.7
CUST-05416,2025-07-26,Pro,79.9,19,10,Cartão de Crédito,21,0,1677.9
CUST-05417,2025-09-01,Basic,29.9,8,2,Pix,14,0,418.6
CUST-05418,2025-08-19,Enterprise,249.9,3,0,Pix,20,0,4998.0
CUST-05419,2024-12-18,Basic,29.9,16,2,Boleto,19,0,568.1
CUST-05420,2024-02-19,Enterprise,249.9,1,2,Pix,18,0,4498.2
CUST-05421,2024-09-06,Basic,29.9,29,6,Boleto,6,1,179.4
CUST-05422,2024-10-05,Basic,29.9,7,1,Boleto,16,0,478.4
CUST-05423,2025-08-02,Basic,29.9,17,9,Cartão de Crédito,12,1,358.8
CUST-05424,2025-11-14,Basic,29.9,15,2,Boleto,22,0,657.8
CUST-05425,2024-02-29,Basic,29.9,9,1,Cartão de Crédito,21,0,627.9
CUST-05426,2025-03-16,Basic,29.9,19,10,Pix,19,0,568.1
CUST-05427,2024-10-10,Enterprise,249.9,1,9,Pix,7,1,1749.3
CUST-05428,2024-03-22,Basic,29.9,8,3,Pix,22,0,657.8
CUST-05429,2025-04-17,Enterprise,249.9,1,1,Boleto,24,0,5997.6
CUST-05430,2025-07-12,Enterprise,249.9,24,7,Pix,12,1,2998.8
CUST-05431,2024-01-21,Basic,29.9,13,2,Cartão de Crédito,18,0,538.2
CUST-05432,2025-09-05,Basic,29.9,7,7,Cartão de Crédito,14,0,418.6
CUST-05433,2025-05-22,Pro,79.9,25,4,Cartão de Crédito,18,0,1438.2
CUST-05434,2025-09-04,Basic,29.9,28,2,Pix,16,0,478.4
CUST-05435,2025-05-18,Basic,29.9,2,6,Pix,12,1,358.8
CUST-05436,2025-10-06,Pro,79.9,10,10,Boleto,7,1,559.3
CUST-05437,2025-03-20,Basic,29.9,21,6,Boleto,19,0,568.1
CUST-05438,2025-08-06,Basic,29.9,19,4,Cartão de Crédito,24,0,717.6
CUST-05439,2024-05-19,Enterprise,249.9,19,5,Cartão de Crédito,19,0,4748.1
CUST-05440,2025-11-19,Basic,29.9,22,7,Cartão de Crédito,22,0,657.8
CUST-05441,2025-08-17,Basic,29.9,21,10,Cartão de Crédito,10,1,299.0
CUST-05442,2024-02-01,Enterprise,249.9,22,0,Pix,19,0,4748.1
CUST-05443,2025-12-08,Enterprise,249.9,9,3,Cartão de Crédito,23,0,5747.7
CUST-05444,2024-03-13,Enterprise,249.9,23,0,Pix,16,0,3998.4
CUST-05445,2024-07-19,Basic,29.9,18,3,Pix,21,0,627.9
CUST-05446,2024-08-17,Basic,29.9,15,10,Pix,18,0,538.2
CUST-05447,2024-12-29,Enterprise,249.9,1,9,Boleto,12,1,2998.8
CUST-05448,2025-09-26,Enterprise,249.9,17,1,Boleto,12,1,2998.8
CUST-05449,2024-12-15,Pro,79.9,21,1,Cartão de Crédito,12,1,958.8
CUST-05450,2025-11-24,Enterprise,249.9,15,4,Cartão de Crédito,13,0,3248.7
CUST-05451,2024-11-14,Pro,79.9,24,7,Boleto,6,1,479.4
CUST-05452,2024-11-20,Enterprise,249.9,1,6,Pix,2,1,499.8
CUST-05453,2025-10-24,Basic,29.9,26,2,Boleto,17,0,508.3
CUST-05454,2024-08-26,Enterprise,249.9,4,9,Pix,9,1,2249.1
CUST-05455,2024-05-14,Enterprise,249.9,28,10,Pix,24,0,5997.6
CUST-05456,2025-02-12,Basic,29.9,21,0,Cartão de Crédito,22,0,657.8
CUST-05457,2025-01-11,Enterprise,249.9,8,3,Pix,9,1,2249.1
CUST-05458,2025-08-28,Basic,29.9,9,0,Boleto,21,0,627.9
CUST-05459,2025-07-27,Pro,79.9,9,1,Pix,24,0,1917.6
CUST-05460,2024-02-05,Pro,79.9,16,4,Cartão de Crédito,1,1,79.9
CUST-05461,2025-11-16,Basic,29.9,15,7,Pix,17,0,508.3
CUST-05462,2024-03-18,Basic,29.9,8,9,Cartão de Crédito,24,0,717.6
CUST-05463,2024-08-27,Pro,79.9,23,7,Cartão de Crédito,13,0,1038.7
CUST-05464,2025-07-25,Pro,79.9,4,8,Boleto,7,1,559.3
CUST-05465,2025-08-18,Enterprise,249.9,26,2,Pix,16,0,3998.4
CUST-05466,2025-09-09,Enterprise,249.9,12,4,Boleto,15,0,3748.5
CUST-05467,2024-09-05,Basic,29.9,11,9,Boleto,1,1,29.9
CUST-05468,2024-10-13,Pro,79.9,0,8,Pix,11,1,878.9
CUST-05469,2025-01-25,Enterprise,249.9,7,0,Pix,24,0,5997.6
CUST-05470,2024-12-09,Basic,29.9,11,1,Boleto,15,0,448.5
CUST-05471,2025-01-12,Enterprise,249.9,8,9,Cartão de Crédito,7,1,1749.3
CUST-05472,2025-12-26,Basic,29.9,13,0,Pix,13,0,388.7
CUST-05473,2024-12-20,Basic,29.9,18,7,Pix,12,1,358.8
CUST-05474,2025-02-18,Enterprise,249.9,20,6,Cartão de Crédito,24,0,5997.6
CUST-05475,2024-10-19,Enterprise,249.9,10,10,Cartão de Crédito,10,1,2499.0
CUST-05476,2025-10-08,Enterprise,249.9,30,10,Boleto,8,1,1999.2
CUST-05477,2025-03-31,Basic,29.9,28,10,Cartão de Crédito,14,0,418.6
CUST-05478,2025-08-25,Basic,29.9,3,9,Pix,1,1,29.9
CUST-05479,2024-11-22,Pro,79.9,24,2,Boleto,18,0,1438.2
CUST-05480,2024-04-06,Pro,79.9,13,4,Cartão de Crédito,5,1,399.5
CUST-05481,2025-04-20,Enterprise,249.9,27,10,Pix,21,0,5247.9
CUST-05482,2024-07-29,Basic,29.9,10,0,Pix,21,0,627.9
CUST-05483,2024-07-03,Enterprise,249.9,25,10,Boleto,2,1,499.8
CUST-05484,2024-01-09,Enterprise,249.9,9,7,Pix,21,0,5247.9
CUST-05485,2024-01-31,Enterprise,249.9,21,6,Boleto,15,0,3748.5
CUST-05486,2024-05-17,Pro,79.9,18,0,Cartão de Crédito,12,1,958.8
CUST-05487,2024-10-21,Basic,29.9,27,8,Pix,23,0,687.7
CUST-05488,2024-03-05,Enterprise,249.9,3,0,Cartão de Crédito,14,0,3498.6
CUST-05489,2024-07-08,Pro,79.9,4,10,Cartão de Crédito,8,1,639.2
CUST-05490,2024-11-10,Basic,29.9,18,6,Boleto,18,0,538.2
CUST-05491,2024-12-11,Enterprise,249.9,8,9,Pix,7,1,1749.3
CUST-05492,2025-10-03,Basic,29.9,28,6,Boleto,9,1,269.1
CUST-05493,2024-06-05,Pro,79.9,24,9,Boleto,23,0,1837.7
CUST-05494,2024-11-01,Enterprise,249.9,5,4,Pix,5,1,1249.5
CUST-05495,2024-04-23,Enterprise,249.9,29,0,Boleto,14,0,3498.6
CUST-05496,2024-02-19,Enterprise,249.9,20,3,Boleto,17,0,4248.3
CUST-05497,2024-07-14,Enterprise,249.9,30,4,Boleto,17,0,4248.3
CUST-05498,2025-02-28,Enterprise,249.9,4,6,Cartão de Crédito,20,0,4998.0
CUST-05499,2025-11-30,Enterprise,249.9,26,0,Cartão de Crédito,7,1,1749.3
CUST-05500,2024-03-27,Basic,29.9,30,2,Pix,19,0,568.1
CUST-05501,2025-06-03,Pro,79.9,6,4,Pix,22,0,1757.8
CUST-05502,2025-10-28,Enterprise,249.9,21,9,Boleto,13,0,3248.7
CUST-05503,2025-12-26,Basic,29.9,6,8,Pix,9,1,269.1
CUST-05504,2025-01-27,Basic,29.9,14,1,Pix,14,0,418.6
CUST-05505,2024-02-22,Pro,79.9,7,5,Cartão de Crédito,15,0,1198.5
CUST-05506,2024-07-02,Basic,29.9,13,5,Boleto,4,1,119.6
CUST-05507,2024-07-31,Basic,29.9,23,1,Pix,24,0,717.6
CUST-05508,2024-10-02,Enterprise,249.9,20,10,Boleto,24,0,5997.6
CUST-05509,2024-04-19,Basic,29.9,26,10,Boleto,12,1,358.8
CUST-05510,2025-03-25,Pro,79.9,7,6,Boleto,6,1,479.4
CUST-05511,2024-07-12,Enterprise,249.9,2,0,Boleto,17,0,4248.3
CUST-05512,2024-10-19,Basic,29.9,22,6,Cartão de Crédito,19,0,568.1
CUST-05513,2024-02-08,Enterprise,249.9,10,5,Pix,20,0,4998.0
CUST-05514,2024-02-20,Pro,79.9,25,5,Cartão de Crédito,14,0,1118.6
CUST-05515,2025-12-16,Pro,79.9,23,2,Cartão de Crédito,19,0,1518.1
CUST-05516,2025-12-25,Pro,79.9,17,9,Pix,23,0,1837.7
CUST-05517,2025-05-08,Enterprise,249.9,18,7,Cartão de Crédito,22,0,5497.8
CUST-05518,2025-06-10,Basic,29.9,19,9,Pix,1,1,29.9
CUST-05519,2025-04-18,Enterprise,249.9,27,1,Pix,16,0,3998.4
CUST-05520,2025-01-12,Pro,79.9,4,2,Boleto,11,1,878.9
CUST-05521,2025-10-27,Basic,29.9,8,10,Pix,15,0,448.5
CUST-05522,2024-10-26,Pro,79.9,18,9,Cartão de Crédito,15,0,1198.5
CUST-05523,2025-01-07,Enterprise,249.9,26,9,Pix,1,1,249.9
CUST-05524,2025-09-25,Enterprise,249.9,29,4,Pix,18,0,4498.2
CUST-05525,2025-08-27,Pro,79.9,13,10,Boleto,16,0,1278.4
CUST-05526,2025-08-24,Basic,29.9,28,8,Pix,4,1,119.6
CUST-05527,2025-05-18,Pro,79.9,30,4,Pix,18,0,1438.2
CUST-05528,2024-09-12,Basic,29.9,17,6,Cartão de Crédito,6,1,179.4
CUST-05529,2024-10-17,Basic,29.9,3,10,Cartão de Crédito,5,1,149.5
CUST-05530,2024-06-30,Pro,79.9,14,9,Cartão de Crédito,21,0,1677.9
CUST-05531,2025-02-17,Basic,29.9,23,2,Cartão de Crédito,22,0,657.8
CUST-05532,2024-09-06,Enterprise,249.9,3,3,Cartão de Crédito,10,1,2499.0
CUST-05533,2024-02-14,Enterprise,249.9,16,10,Boleto,19,0,4748.1
CUST-05534,2025-04-04,Enterprise,249.9,30,6,Pix,20,0,4998.0
CUST-05535,2024-04-27,Basic,29.9,11,2,Pix,18,0,538.2
CUST-05536,2024-06-07,Enterprise,249.9,28,4,Boleto,7,1,1749.3
CUST-05537,2025-04-09,Basic,29.9,30,3,Pix,21,0,627.9
CUST-05538,2024-09-21,Enterprise,249.9,30,5,Boleto,1,1,249.9
CUST-05539,2024-12-29,Basic,29.9,18,8,Boleto,21,0,627.9
CUST-05540,2024-06-03,Basic,29.9,24,9,Boleto,24,0,717.6
CUST-05541,2025-04-25,Enterprise,249.9,24,5,Pix,15,0,3748.5
CUST-05542,2024-10-22,Pro,79.9,15,2,Cartão de Crédito,14,0,1118.6
CUST-05543,2024-11-22,Pro,79.9,22,0,Cartão de Crédito,14,0,1118.6
CUST-05544,2024-12-22,Pro,79.9,21,0,Pix,23,0,1837.7
CUST-05545,2024-07-26,Pro,79.9,9,2,Cartão de Crédito,16,0,1278.4
CUST-05546,2025-03-14,Enterprise,249.9,12,5,Cartão de Crédito,17,0,4248.3
CUST-05547,2024-08-19,Enterprise,249.9,26,8,Boleto,22,0,5497.8
CUST-05548,2025-05-13,Pro,79.9,6,8,Pix,12,1,958.8
CUST-05549,2025-05-30,Enterprise,249.9,12,2,Pix,23,0,5747.7
CUST-05550,2024-04-20,Enterprise,249.9,22,10,Boleto,5,1,1249.5
CUST-05551,2024-01-19,Enterprise,249.9,27,0,Boleto,23,0,5747.7
CUST-05552,2024-05-01,Enterprise,249.9,20,0,Boleto,21,0,5247.9
CUST-05553,2024-02-29,Basic,29.9,22,2,Pix,23,0,687.7
CUST-05554,2024-03-29,Enterprise,249.9,3,10,Pix,6,1,1499.4
CUST-05555,2024-05-21,Basic,29.9,26,7,Cartão de Crédito,4,1,119.6
CUST-05556,2024-12-20,Pro,79.9,4,0,Pix,15,0,1198.5
CUST-05557,2025-10-11,Basic,29.9,22,5,Boleto,15,0,448.5
CUST-05558,2024-10-13,Enterprise,249.9,0,10,Pix,5,1,1249.5
CUST-05559,2025-08-02,Pro,79.9,6,1,Boleto,13,0,1038.7
CUST-05560,2024-09-25,Enterprise,249.9,9,4,Cartão de Crédito,17,0,4248.3
CUST-05561,2025-07-14,Pro,79.9,17,9,Boleto,24,0,1917.6
CUST-05562,2025-07-12,Enterprise,249.9,9,2,Cartão de Crédito,18,0,4498.2
CUST-05563,2025-03-09,Enterprise,249.9,0,1,Pix,5,1,1249.5
CUST-05564,2025-11-17,Enterprise,249.9,28,0,Boleto,19,0,4748.1
CUST-05565,2024-03-28,Basic,29.9,20,9,Pix,11,1,328.9
CUST-05566,2024-02-12,Enterprise,249.9,4,4,Boleto,10,1,2499.0
CUST-05567,2025-02-24,Enterprise,249.9,14,6,Cartão de Crédito,6,1,1499.4
CUST-05568,2025-03-05,Pro,79.9,2,5,Pix,24,0,1917.6
CUST-05569,2024-12-18,Enterprise,249.9,9,2,Cartão de Crédito,22,0,5497.8
CUST-05570,2024-09-23,Enterprise,249.9,27,2,Pix,20,0,4998.0
CUST-05571,2024-10-31,Pro,79.9,9,1,Boleto,10,1,799.0
CUST-05572,2024-01-31,Enterprise,249.9,24,6,Boleto,19,0,4748.1
CUST-05573,2025-09-25,Basic,29.9,6,4,Cartão de Crédito,21,0,627.9
CUST-05574,2024-02-27,Enterprise,249.9,10,5,Cartão de Crédito,3,1,749.7
CUST-05575,2025-03-16,Pro,79.9,24,6,Cartão de Crédito,20,0,1598.0
CUST-05576,2024-05-24,Enterprise,249.9,15,0,Cartão de Crédito,11,1,2748.9
CUST-05577,2025-06-02,Enterprise,249.9,7,3,Pix,22,0,5497.8
CUST-05578,2025-05-15,Enterprise,249.9,22,3,Boleto,24,0,5997.6
CUST-05579,2025-11-19,Pro,79.9,3,6,Pix,11,1,878.9
CUST-05580,2025-05-10,Enterprise,249.9,25,6,Boleto,18,0,4498.2
CUST-05581,2025-01-14,Basic,29.9,18,5,Boleto,13,0,388.7
CUST-05582,2025-02-09,Basic,29.9,24,6,Cartão de Crédito,23,0,687.7
CUST-05583,2025-05-03,Pro,79.9,3,7,Boleto,8,1,639.2
CUST-05584,2024-12-28,Basic,29.9,22,9,Cartão de Crédito,17,0,508.3
CUST-05585,2025-11-16,Basic,29.9,0,2,Pix,3,1,89.7
CUST-05586,2025-02-11,Basic,29.9,24,10,Boleto,1,1,29.9
CUST-05587,2024-09-06,Pro,79.9,5,2,Pix,19,0,1518.1
CUST-05588,2024-06-13,Enterprise,249.9,11,3,Boleto,17,0,4248.3
CUST-05589,2024-05-20,Pro,79.9,21,4,Pix,17,0,1358.3
CUST-05590,2025-02-11,Basic,29.9,0,9,Cartão de Crédito,12,1,358.8
CUST-05591,2025-12-24,Pro,79.9,24,2,Pix,21,0,1677.9
CUST-05592,2025-07-01,Basic,29.9,21,0,Cartão de Crédito,5,1,149.5
CUST-05593,2025-03-24,Basic,29.9,3,4,Cartão de Crédito,4,1,119.6
CUST-05594,2025-03-20,Basic,29.9,9,9,Cartão de Crédito,13,0,388.7
CUST-05595,2024-04-06,Enterprise,249.9,2,4,Pix,11,1,2748.9
CUST-05596,2024-02-02,Basic,29.9,23,10,Cartão de Crédito,15,0,448.5
CUST-05597,2024-07-04,Enterprise,249.9,20,8,Boleto,6,1,1499.4
CUST-05598,2024-01-10,Pro,79.9,28,6,Cartão de Crédito,7,1,559.3
CUST-05599,2025-11-10,Enterprise,249.9,25,1,Cartão de Crédito,18,0,4498.2
CUST-05600,2025-04-11,Basic,29.9,6,0,Pix,16,0,478.4
CUST-05601,2024-04-16,Basic,29.9,24,8,Pix,15,0,448.5
CUST-05602,2024-01-19,Pro,79.9,23,9,Pix,7,1,559.3
CUST-05603,2024-02-04,Pro,79.9,20,8,Cartão de Crédito,4,1,319.6
CUST-05604,2024-02-17,Basic,29.9,13,8,Pix,23,0,687.7
CUST-05605,2025-09-27,Enterprise,249.9,27,3,Boleto,6,1,1499.4
CUST-05606,2024-02-25,Pro,79.9,18,7,Cartão de Crédito,23,0,1837.7
CUST-05607,2024-07-05,Enterprise,249.9,1,5,Cartão de Crédito,9,1,2249.1
CUST-05608,2024-09-02,Basic,29.9,6,4,Cartão de Crédito,13,0,388.7
CUST-05609,2024-03-21,Enterprise,249.9,27,6,Pix,14,0,3498.6
CUST-05610,2025-11-16,Enterprise,249.9,0,1,Cartão de Crédito,1,1,249.9
CUST-05611,2024-07-20,Enterprise,249.9,26,5,Boleto,19,0,4748.1
CUST-05612,2025-10-06,Enterprise,249.9,15,0,Pix,15,0,3748.5
CUST-05613,2025-03-23,Pro,79.9,29,8,Pix,15,0,1198.5
CUST-05614,2025-03-12,Basic,29.9,13,9,Cartão de Crédito,14,0,418.6
CUST-05615,2024-07-17,Basic,29.9,24,3,Boleto,20,0,598.0
CUST-05616,2024-03-20,Enterprise,249.9,29,10,Pix,3,1,749.7
CUST-05617,2024-10-23,Enterprise,249.9,2,9,Cartão de Crédito,17,0,4248.3
CUST-05618,2025-11-10,Enterprise,249.9,9,7,Pix,18,0,4498.2
CUST-05619,2024-04-18,Basic,29.9,21,10,Cartão de Crédito,15,0,448.5
CUST-05620,2025-10-20,Enterprise,249.9,5,6,Cartão de Crédito,17,0,4248.3
CUST-05621,2025-09-09,Enterprise,249.9,24,7,Cartão de Crédito,10,1,2499.0
CUST-05622,2024-11-13,Pro,79.9,25,5,Cartão de Crédito,22,0,1757.8
CUST-05623,2025-08-10,Enterprise,249.9,11,7,Cartão de Crédito,13,0,3248.7
CUST-05624,2025-10-25,Enterprise,249.9,16,2,Cartão de Crédito,16,0,3998.4
CUST-05625,2025-01-22,Basic,29.9,13,6,Boleto,23,0,687.7
CUST-05626,2024-02-20,Enterprise,249.9,12,2,Pix,20,0,4998.0
CUST-05627,2025-07-14,Enterprise,249.9,8,9,Boleto,19,0,4748.1
CUST-05628,2025-01-05,Basic,29.9,9,5,Cartão de Crédito,16,0,478.4
CUST-05629,2024-05-03,Pro,79.9,10,1,Cartão de Crédito,23,0,1837.7
CUST-05630,2025-12-15,Enterprise,249.9,10,10,Cartão de Crédito,11,1,2748.9
CUST-05631,2025-06-20,Enterprise,249.9,1,5,Pix,1,1,249.9
CUST-05632,2025-02-22,Pro,79.9,28,9,Boleto,13,0,1038.7
CUST-05633,2024-08-07,Pro,79.9,5,3,Boleto,10,1,799.0
CUST-05634,2025-08-16,Enterprise,249.9,14,2,Pix,22,0,5497.8
CUST-05635,2025-05-16,Enterprise,249.9,28,1,Boleto,23,0,5747.7
CUST-05636,2024-12-30,Enterprise,249.9,16,1,Boleto,15,0,3748.5
CUST-05637,2024-06-28,Enterprise,249.9,18,5,Pix,13,0,3248.7
CUST-05638,2025-04-19,Enterprise,249.9,14,7,Cartão de Crédito,3,1,749.7
CUST-05639,2024-08-10,Enterprise,249.9,1,3,Pix,21,0,5247.9
CUST-05640,2024-03-12,Pro,79.9,7,8,Cartão de Crédito,9,1,719.1
CUST-05641,2025-05-03,Enterprise,249.9,11,6,Cartão de Crédito,24,0,5997.6
CUST-05642,2024-10-25,Pro,79.9,8,9,Pix,3,1,239.7
CUST-05643,2025-03-28,Enterprise,249.9,19,10,Pix,15,0,3748.5
CUST-05644,2025-01-04,Enterprise,249.9,30,2,Boleto,10,1,2499.0
CUST-05645,2025-09-08,Pro,79.9,12,1,Boleto,21,0,1677.9
CUST-05646,2024-12-23,Basic,29.9,27,0,Cartão de Crédito,18,0,538.2
CUST-05647,2025-07-22,Basic,29.9,3,0,Cartão de Crédito,11,1,328.9
CUST-05648,2024-01-31,Basic,29.9,7,10,Cartão de Crédito,4,1,119.6
CUST-05649,2024-04-20,Basic,29.9,29,0,Pix,21,0,627.9
CUST-05650,2024-11-21,Pro,79.9,27,9,Boleto,1,1,79.9
CUST-05651,2024-01-04,Basic,29.9,17,6,Cartão de Crédito,11,1,328.9
CUST-05652,2024-08-21,Enterprise,249.9,7,6,Cartão de Crédito,17,0,4248.3
CUST-05653,2024-09-09,Pro,79.9,17,5,Boleto,24,0,1917.6
CUST-05654,2024-12-02,Basic,29.9,1,0,Cartão de Crédito,15,0,448.5
CUST-05655,2024-01-08,Enterprise,249.9,14,9,Pix,19,0,4748.1
CUST-05656,2025-03-03,Basic,29.9,20,9,Boleto,10,1,299.0
CUST-05657,2024-10-14,Enterprise,249.9,18,8,Boleto,5,1,1249.5
CUST-05658,2025-02-01,Pro,79.9,5,0,Pix,11,1,878.9
CUST-05659,2024-03-05,Basic,29.9,27,9,Boleto,8,1,239.2
CUST-05660,2025-05-30,Enterprise,249.9,22,8,Boleto,20,0,4998.0
CUST-05661,2025-10-21,Pro,79.9,23,9,Cartão de Crédito,7,1,559.3
CUST-05662,2024-01-16,Pro,79.9,29,6,Pix,13,0,1038.7
CUST-05663,2024-12-27,Enterprise,249.9,12,5,Pix,19,0,4748.1
CUST-05664,2025-10-08,Basic,29.9,9,1,Cartão de Crédito,20,0,598.0
CUST-05665,2024-08-24,Basic,29.9,15,5,Pix,20,0,598.0
CUST-05666,2025-11-16,Enterprise,249.9,28,2,Pix,19,0,4748.1
CUST-05667,2024-01-23,Basic,29.9,27,8,Cartão de Crédito,20,0,598.0
CUST-05668,2025-10-26,Basic,29.9,7,8,Cartão de Crédito,9,1,269.1
CUST-05669,2024-03-16,Basic,29.9,21,7,Cartão de Crédito,10,1,299.0
CUST-05670,2024-04-19,Enterprise,249.9,4,3,Cartão de Crédito,21,0,5247.9
CUST-05671,2024-09-03,Enterprise,249.9,28,1,Cartão de Crédito,5,1,1249.5
CUST-05672,2024-04-09,Basic,29.9,0,6,Pix,8,1,239.2
CUST-05673,2024-09-02,Enterprise,249.9,21,7,Pix,9,1,2249.1
CUST-05674,2025-01-31,Basic,29.9,2,4,Boleto,13,0,388.7
CUST-05675,2025-03-26,Enterprise,249.9,23,2,Cartão de Crédito,16,0,3998.4
CUST-05676,2025-09-12,Basic,29.9,19,2,Pix,16,0,478.4
CUST-05677,2025-05-03,Enterprise,249.9,15,0,Pix,16,0,3998.4
CUST-05678,2025-04-30,Basic,29.9,10,9,Pix,4,1,119.6
CUST-05679,2024-02-12,Enterprise,249.9,22,1,Cartão de Crédito,23,0,5747.7
CUST-05680,2024-03-11,Enterprise,249.9,27,2,Pix,20,0,4998.0
CUST-05681,2024-10-21,Basic,29.9,8,6,Pix,18,0,538.2
CUST-05682,2024-05-23,Basic,29.9,2,8,Boleto,3,1,89.7
CUST-05683,2024-01-16,Enterprise,249.9,18,4,Cartão de Crédito,19,0,4748.1
CUST-05684,2024-11-06,Basic,29.9,8,4,Cartão de Crédito,23,0,687.7
CUST-05685,2025-05-27,Pro,79.9,29,10,Boleto,14,0,1118.6
CUST-05686,2024-04-03,Pro,79.9,4,10,Boleto,22,0,1757.8
CUST-05687,2024-07-20,Pro,79.9,18,2,Cartão de Crédito,17,0,1358.3
CUST-05688,2024-12-08,Basic,29.9,28,10,Cartão de Crédito,24,0,717.6
CUST-05689,2025-01-30,Enterprise,249.9,20,10,Pix,10,1,2499.0
CUST-05690,2025-04-11,Enterprise,249.9,15,1,Pix,13,0,3248.7
CUST-05691,2025-03-27,Enterprise,249.9,9,1,Cartão de Crédito,17,0,4248.3
CUST-05692,2024-08-15,Basic,29.9,5,6,Cartão de Crédito,8,1,239.2
CUST-05693,2025-10-04,Basic,29.9,6,10,Pix,9,1,269.1
CUST-05694,2025-04-07,Pro,79.9,26,8,Pix,15,0,1198.5
CUST-05695,2024-03-07,Enterprise,249.9,17,3,Pix,22,0,5497.8
CUST-05696,2025-04-21,Pro,79.9,7,1,Pix,15,0,1198.5
CUST-05697,2025-10-07,Basic,29.9,13,1,Boleto,17,0,508.3
CUST-05698,2025-01-12,Enterprise,249.9,30,9,Boleto,4,1,999.6
CUST-05699,2025-05-13,Basic,29.9,18,6,Cartão de Crédito,15,0,448.5
CUST-05700,2025-08-01,Basic,29.9,0,0,Boleto,15,0,448.5
CUST-05701,2025-09-11,Enterprise,249.9,26,5,Cartão de Crédito,15,0,3748.5
CUST-05702,2025-11-22,Basic,29.9,20,4,Pix,16,0,478.4
CUST-05703,2024-01-27,Basic,29.9,1,9,Pix,10,1,299.0
CUST-05704,2024-11-24,Enterprise,249.9,15,0,Pix,14,0,3498.6
CUST-05705,2025-11-10,Pro,79.9,7,4,Cartão de Crédito,24,0,1917.6
CUST-05706,2024-08-13,Pro,79.9,22,2,Boleto,10,1,799.0
CUST-05707,2025-10-03,Basic,29.9,11,1,Boleto,16,0,478.4
CUST-05708,2024-06-15,Basic,29.9,22,2,Cartão de Crédito,24,0,717.6
CUST-05709,2024-12-09,Pro,79.9,2,4,Boleto,21,0,1677.9
CUST-05710,2024-05-27,Basic,29.9,21,8,Cartão de Crédito,11,1,328.9
CUST-05711,2025-11-08,Enterprise,249.9,12,1,Pix,19,0,4748.1
CUST-05712,2025-02-22,Basic,29.9,23,3,Cartão de Crédito,22,0,657.8
CUST-05713,2025-09-19,Basic,29.9,11,9,Pix,8,1,239.2
CUST-05714,2024-07-25,Enterprise,249.9,30,0,Pix,18,0,4498.2
CUST-05715,2025-08-20,Basic,29.9,20,1,Pix,24,0,717.6
CUST-05716,2025-03-28,Pro,79.9,8,2,Boleto,11,1,878.9
CUST-05717,2025-08-11,Basic,29.9,26,5,Pix,13,0,388.7
CUST-05718,2025-06-28,Pro,79.9,11,7,Pix,22,0,1757.8
CUST-05719,2024-11-05,Enterprise,249.9,14,0,Pix,22,0,5497.8
CUST-05720,2024-01-26,Basic,29.9,11,1,Cartão de Crédito,23,0,687.7
CUST-05721,2024-09-15,Pro,79.9,15,5,Boleto,23,0,1837.7
CUST-05722,2024-12-18,Enterprise,249.9,29,10,Boleto,6,1,1499.4
CUST-05723,2025-11-09,Basic,29.9,0,4,Boleto,2,1,59.8
CUST-05724,2024-10-20,Basic,29.9,24,7,Boleto,1,1,29.9
CUST-05725,2025-01-09,Enterprise,249.9,4,3,Boleto,24,0,5997.6
CUST-05726,2024-04-12,Enterprise,249.9,26,7,Boleto,6,1,1499.4
CUST-05727,2025-03-11,Enterprise,249.9,14,1,Pix,16,0,3998.4
CUST-05728,2024-07-21,Enterprise,249.9,18,5,Cartão de Crédito,18,0,4498.2
CUST-05729,2024-10-11,Enterprise,249.9,22,6,Cartão de Crédito,21,0,5247.9
CUST-05730,2024-06-18,Basic,29.9,22,8,Boleto,2,1,59.8
CUST-05731,2024-04-12,Basic,29.9,24,4,Boleto,18,0,538.2
CUST-05732,2025-11-28,Basic,29.9,13,9,Boleto,3,1,89.7
CUST-05733,2025-08-31,Pro,79.9,10,0,Cartão de Crédito,20,0,1598.0
CUST-05734,2024-01-06,Pro,79.9,22,5,Pix,16,0,1278.4
CUST-05735,2024-07-03,Basic,29.9,0,1,Pix,11,1,328.9
CUST-05736,2024-07-12,Pro,79.9,2,4,Pix,4,1,319.6
CUST-05737,2025-04-06,Basic,29.9,17,4,Pix,16,0,478.4
CUST-05738,2025-03-17,Basic,29.9,1,7,Pix,16,0,478.4
CUST-05739,2025-09-12,Basic,29.9,13,6,Pix,23,0,687.7
CUST-05740,2025-02-03,Basic,29.9,12,8,Boleto,11,1,328.9
CUST-05741,2025-09-22,Basic,29.9,19,3,Boleto,22,0,657.8
CUST-05742,2024-06-09,Pro,79.9,0,0,Pix,17,0,1358.3
CUST-05743,2024-08-27,Basic,29.9,18,10,Cartão de Crédito,22,0,657.8
CUST-05744,2024-04-02,Enterprise,249.9,30,0,Pix,24,0,5997.6
CUST-05745,2024-12-01,Enterprise,249.9,8,3,Pix,23,0,5747.7
CUST-05746,2025-05-26,Basic,29.9,21,8,Boleto,4,1,119.6
CUST-05747,2024-09-13,Enterprise,249.9,4,10,Pix,6,1,1499.4
CUST-05748,2025-11-03,Pro,79.9,18,6,Pix,17,0,1358.3
CUST-05749,2024-09-12,Basic,29.9,2,10,Pix,12,1,358.8
CUST-05750,2024-03-06,Enterprise,249.9,16,4,Boleto,24,0,5997.6
CUST-05751,2025-08-16,Enterprise,249.9,8,3,Pix,18,0,4498.2
CUST-05752,2025-08-18,Enterprise,249.9,9,7,Cartão de Crédito,8,1,1999.2
CUST-05753,2025-04-25,Pro,79.9,4,2,Boleto,10,1,799.0
CUST-05754,2024-09-08,Enterprise,249.9,2,8,Pix,8,1,1999.2
CUST-05755,2024-10-12,Basic,29.9,19,1,Pix,17,0,508.3
CUST-05756,2025-04-13,Basic,29.9,0,2,Cartão de Crédito,20,0,598.0
CUST-05757,2025-04-15,Enterprise,249.9,8,2,Cartão de Crédito,22,0,5497.8
CUST-05758,2024-11-09,Enterprise,249.9,12,2,Pix,24,0,5997.6
CUST-05759,2025-03-11,Basic,29.9,2,0,Pix,18,0,538.2
CUST-05760,2024-12-09,Enterprise,249.9,5,4,Pix,14,0,3498.6
CUST-05761,2024-04-04,Enterprise,249.9,10,1,Cartão de Crédito,19,0,4748.1
CUST-05762,2024-07-26,Basic,29.9,10,5,Pix,13,0,388.7
CUST-05763,2024-11-12,Basic,29.9,6,6,Cartão de Crédito,2,1,59.8
CUST-05764,2025-01-29,Basic,29.9,14,4,Cartão de Crédito,24,0,717.6
CUST-05765,2024-08-26,Enterprise,249.9,8,2,Boleto,23,0,5747.7
CUST-05766,2024-01-27,Basic,29.9,8,7,Cartão de Crédito,19,0,568.1
CUST-05767,2025-10-29,Basic,29.9,3,7,Pix,12,1,358.8
CUST-05768,2025-06-06,Enterprise,249.9,16,7,Cartão de Crédito,23,0,5747.7
CUST-05769,2025-09-03,Pro,79.9,4,2,Pix,2,1,159.8
CUST-05770,2024-07-10,Enterprise,249.9,0,2,Cartão de Crédito,24,0,5997.6
CUST-05771,2025-09-30,Basic,29.9,19,0,Pix,24,0,717.6
CUST-05772,2025-12-25,Enterprise,249.9,0,3,Cartão de Crédito,4,1,999.6
CUST-05773,2025-02-15,Enterprise,249.9,28,10,Boleto,17,0,4248.3
CUST-05774,2025-05-08,Pro,79.9,23,4,Pix,23,0,1837.7
CUST-05775,2024-05-04,Basic,29.9,13,1,Cartão de Crédito,24,0,717.6
CUST-05776,2024-05-14,Enterprise,249.9,11,7,Pix,22,0,5497.8
CUST-05777,2024-03-13,Basic,29.9,9,6,Boleto,5,1,149.5
CUST-05778,2024-09-28,Basic,29.9,10,3,Boleto,22,0,657.8
CUST-05779,2025-03-26,Pro,79.9,27,6,Cartão de Crédito,24,0,1917.6
CUST-05780,2025-03-09,Basic,29.9,20,3,Cartão de Crédito,17,0,508.3
CUST-05781,2025-07-12,Pro,79.9,27,3,Cartão de Crédito,13,0,1038.7
CUST-05782,2024-04-01,Basic,29.9,12,5,Boleto,23,0,687.7
CUST-05783,2024-03-21,Enterprise,249.9,28,8,Pix,19,0,4748.1
CUST-05784,2024-09-11,Pro,79.9,0,0,Cartão de Crédito,23,0,1837.7
CUST-05785,2025-01-14,Pro,79.9,11,4,Pix,18,0,1438.2
CUST-05786,2025-02-10,Pro,79.9,15,5,Pix,21,0,1677.9
CUST-05787,2025-08-02,Pro,79.9,15,0,Pix,18,0,1438.2
CUST-05788,2024-07-12,Pro,79.9,23,1,Boleto,13,0,1038.7
CUST-05789,2024-08-16,Enterprise,249.9,6,6,Boleto,5,1,1249.5
CUST-05790,2024-04-24,Pro,79.9,5,0,Cartão de Crédito,13,0,1038.7
CUST-05791,2024-06-22,Enterprise,249.9,13,3,Cartão de Crédito,23,0,5747.7
CUST-05792,2025-04-22,Enterprise,249.9,15,1,Boleto,20,0,4998.0
CUST-05793,2025-11-06,Basic,29.9,17,1,Pix,16,0,478.4
CUST-05794,2025-07-30,Pro,79.9,3,7,Boleto,18,0,1438.2
CUST-05795,2024-08-31,Basic,29.9,3,9,Boleto,3,1,89.7
CUST-05796,2025-08-11,Basic,29.9,23,0,Boleto,23,0,687.7
CUST-05797,2024-09-10,Basic,29.9,17,6,Cartão de Crédito,9,1,269.1
CUST-05798,2025-05-05,Enterprise,249.9,16,2,Cartão de Crédito,18,0,4498.2
CUST-05799,2024-03-26,Pro,79.9,16,9,Boleto,11,1,878.9
CUST-05800,2025-11-11,Pro,79.9,26,5,Boleto,21,0,1677.9
CUST-05801,2024-10-21,Basic,29.9,23,2,Cartão de Crédito,15,0,448.5
CUST-05802,2025-08-24,Enterprise,249.9,10,7,Cartão de Crédito,20,0,4998.0
CUST-05803,2025-06-26,Basic,29.9,29,2,Boleto,18,0,538.2
CUST-05804,2024-10-27,Pro,79.9,2,0,Pix,8,1,639.2
CUST-05805,2024-12-02,Pro,79.9,12,7,Pix,18,0,1438.2
CUST-05806,2024-10-05,Pro,79.9,7,4,Cartão de Crédito,23,0,1837.7
CUST-05807,2025-03-19,Pro,79.9,1,4,Boleto,1,1,79.9
CUST-05808,2025-07-15,Enterprise,249.9,21,7,Cartão de Crédito,4,1,999.6
CUST-05809,2024-05-03,Basic,29.9,19,2,Cartão de Crédito,17,0,508.3
CUST-05810,2025-07-01,Pro,79.9,0,4,Boleto,10,1,799.0
CUST-05811,2025-07-12,Enterprise,249.9,5,5,Cartão de Crédito,16,0,3998.4
CUST-05812,2024-04-24,Pro,79.9,3,8,Boleto,1,1,79.9
CUST-05813,2025-01-15,Pro,79.9,6,10,Cartão de Crédito,13,0,1038.7
CUST-05814,2025-05-10,Enterprise,249.9,21,5,Boleto,3,1,749.7
CUST-05815,2024-03-12,Basic,29.9,15,2,Pix,3,1,89.7
CUST-05816,2024-02-15,Basic,29.9,3,10,Cartão de Crédito,3,1,89.7
CUST-05817,2024-02-17,Pro,79.9,15,7,Cartão de Crédito,18,0,1438.2
CUST-05818,2025-10-05,Enterprise,249.9,2,9,Boleto,9,1,2249.1
CUST-05819,2024-02-22,Enterprise,249.9,16,8,Boleto,11,1,2748.9
CUST-05820,2024-04-04,Enterprise,249.9,1,8,Cartão de Crédito,5,1,1249.5
CUST-05821,2024-11-04,Basic,29.9,11,6,Cartão de Crédito,23,0,687.7
CUST-05822,2025-07-06,Pro,79.9,25,0,Cartão de Crédito,22,0,1757.8
CUST-05823,2024-11-25,Enterprise,249.9,17,6,Cartão de Crédito,15,0,3748.5
CUST-05824,2025-06-03,Basic,29.9,18,2,Pix,16,0,478.4
CUST-05825,2025-02-20,Pro,79.9,11,6,Boleto,11,1,878.9
CUST-05826,2025-01-05,Basic,29.9,29,9,Cartão de Crédito,14,0,418.6
CUST-05827,2025-09-28,Enterprise,249.9,21,10,Boleto,20,0,4998.0
CUST-05828,2024-08-09,Basic,29.9,12,3,Cartão de Crédito,14,0,418.6
CUST-05829,2025-07-10,Basic,29.9,1,7,Pix,9,1,269.1
CUST-05830,2024-04-07,Basic,29.9,30,3,Pix,17,0,508.3
CUST-05831,2025-03-18,Enterprise,249.9,18,4,Pix,23,0,5747.7
CUST-05832,2025-09-08,Basic,29.9,30,4,Boleto,21,0,627.9
CUST-05833,2025-07-10,Pro,79.9,17,6,Pix,8,1,639.2
CUST-05834,2025-08-29,Enterprise,249.9,4,0,Cartão de Crédito,9,1,2249.1
CUST-05835,2025-05-17,Enterprise,249.9,12,2,Cartão de Crédito,12,1,2998.8
CUST-05836,2024-12-16,Pro,79.9,26,5,Pix,22,0,1757.8
CUST-05837,2025-08-12,Enterprise,249.9,4,9,Pix,11,1,2748.9
CUST-05838,2024-09-16,Enterprise,249.9,16,0,Cartão de Crédito,1,1,249.9
CUST-05839,2025-11-30,Basic,29.9,5,10,Boleto,15,0,448.5
CUST-05840,2025-05-22,Basic,29.9,29,4,Cartão de Crédito,17,0,508.3
CUST-05841,2025-07-29,Basic,29.9,10,1,Pix,18,0,538.2
CUST-05842,2025-08-15,Enterprise,249.9,23,1,Cartão de Crédito,16,0,3998.4
CUST-05843,2025-03-23,Enterprise,249.9,25,1,Boleto,14,0,3498.6
CUST-05844,2024-08-03,Enterprise,249.9,3,6,Pix,5,1,1249.5
CUST-05845,2025-03-22,Pro,79.9,20,0,Pix,7,1,559.3
CUST-05846,2025-12-17,Pro,79.9,0,1,Boleto,16,0,1278.4
CUST-05847,2025-01-25,Pro,79.9,24,5,Cartão de Crédito,15,0,1198.5
CUST-05848,2025-11-17,Pro,79.9,17,6,Pix,5,1,399.5
CUST-05849,2025-06-28,Basic,29.9,1,10,Cartão de Crédito,1,1,29.9
CUST-05850,2025-11-05,Enterprise,249.9,8,6,Boleto,24,0,5997.6
CUST-05851,2024-05-04,Pro,79.9,13,3,Boleto,22,0,1757.8
CUST-05852,2024-12-14,Basic,29.9,27,9,Cartão de Crédito,11,1,328.9
CUST-05853,2025-02-04,Pro,79.9,13,6,Cartão de Crédito,4,1,319.6
CUST-05854,2024-01-05,Pro,79.9,15,9,Boleto,7,1,559.3
CUST-05855,2025-07-18,Pro,79.9,16,10,Cartão de Crédito,6,1,479.4
CUST-05856,2025-07-31,Enterprise,249.9,26,10,Pix,16,0,3998.4
CUST-05857,2024-11-11,Basic,29.9,22,10,Pix,22,0,657.8
CUST-05858,2024-04-07,Enterprise,249.9,24,7,Cartão de Crédito,7,1,1749.3
CUST-05859,2025-04-12,Pro,79.9,11,2,Cartão de Crédito,21,0,1677.9
CUST-05860,2024-01-18,Pro,79.9,30,4,Boleto,8,1,639.2
CUST-05861,2024-09-19,Enterprise,249.9,10,3,Cartão de Crédito,12,1,2998.8
CUST-05862,2024-03-04,Enterprise,249.9,28,5,Boleto,24,0,5997.6
CUST-05863,2025-11-21,Enterprise,249.9,8,7,Cartão de Crédito,5,1,1249.5
CUST-05864,2024-06-01,Enterprise,249.9,19,7,Pix,18,0,4498.2
CUST-05865,2024-05-16,Basic,29.9,29,0,Cartão de Crédito,15,0,448.5
CUST-05866,2025-01-12,Enterprise,249.9,13,8,Boleto,6,1,1499.4
CUST-05867,2025-09-30,Pro,79.9,8,9,Pix,4,1,319.6
CUST-05868,2024-09-12,Basic,29.9,2,3,Pix,18,0,538.2
CUST-05869,2025-09-06,Pro,79.9,26,4,Cartão de Crédito,14,0,1118.6
CUST-05870,2024-05-13,Enterprise,249.9,25,10,Cartão de Crédito,23,0,5747.7
CUST-05871,2025-10-27,Pro,79.9,25,7,Cartão de Crédito,7,1,559.3
CUST-05872,2024-02-02,Basic,29.9,12,4,Boleto,14,0,418.6
CUST-05873,2025-06-13,Pro,79.9,11,0,Pix,21,0,1677.9
CUST-05874,2025-01-04,Basic,29.9,1,1,Cartão de Crédito,5,1,149.5
CUST-05875,2024-07-11,Basic,29.9,4,1,Boleto,19,0,568.1
CUST-05876,2024-02-12,Pro,79.9,4,7,Pix,17,0,1358.3
CUST-05877,2025-06-19,Enterprise,249.9,24,6,Boleto,21,0,5247.9
CUST-05878,2025-03-21,Pro,79.9,15,7,Cartão de Crédito,8,1,639.2
CUST-05879,2024-12-26,Pro,79.9,28,1,Pix,13,0,1038.7
CUST-05880,2024-07-05,Enterprise,249.9,18,2,Cartão de Crédito,21,0,5247.9
CUST-05881,2025-03-30,Pro,79.9,23,1,Boleto,15,0,1198.5
CUST-05882,2025-06-02,Pro,79.9,16,0,Boleto,18,0,1438.2
CUST-05883,2024-09-28,Basic,29.9,9,2,Boleto,22,0,657.8
CUST-05884,2025-08-18,Basic,29.9,13,5,Cartão de Crédito,13,0,388.7
CUST-05885,2025-10-15,Pro,79.9,27,10,Boleto,14,0,1118.6
CUST-05886,2025-12-15,Basic,29.9,13,1,Boleto,9,1,269.1
CUST-05887,2024-06-01,Basic,29.9,16,2,Pix,23,0,687.7
CUST-05888,2024-08-06,Basic,29.9,6,10,Boleto,23,0,687.7
CUST-05889,2025-04-01,Basic,29.9,14,5,Pix,13,0,388.7
CUST-05890,2025-04-12,Pro,79.9,15,4,Boleto,14,0,1118.6
CUST-05891,2024-12-19,Pro,79.9,26,7,Pix,13,0,1038.7
CUST-05892,2025-08-16,Pro,79.9,10,2,Pix,23,0,1837.7
CUST-05893,2025-10-25,Pro,79.9,14,10,Cartão de Crédito,14,0,1118.6
CUST-05894,2024-06-01,Enterprise,249.9,19,3,Cartão de Crédito,16,0,3998.4
CUST-05895,2024-02-04,Enterprise,249.9,10,10,Boleto,1,1,249.9
CUST-05896,2024-10-08,Basic,29.9,13,6,Boleto,16,0,478.4
CUST-05897,2025-11-25,Basic,29.9,21,1,Cartão de Crédito,15,0,448.5
CUST-05898,2024-09-30,Pro,79.9,4,3,Pix,21,0,1677.9
CUST-05899,2024-12-06,Basic,29.9,23,5,Pix,22,0,657.8
CUST-05900,2024-08-09,Enterprise,249.9,5,8,Pix,16,0,3998.4
CUST-05901,2025-07-06,Enterprise,249.9,13,7,Pix,22,0,5497.8
CUST-05902,2025-03-19,Pro,79.9,2,6,Cartão de Crédito,7,1,559.3
CUST-05903,2024-05-09,Pro,79.9,2,2,Cartão de Crédito,13,0,1038.7
CUST-05904,2024-07-10,Basic,29.9,2,8,Pix,6,1,179.4
CUST-05905,2024-03-27,Basic,29.9,10,3,Boleto,20,0,598.0
CUST-05906,2024-10-03,Pro,79.9,21,1,Cartão de Crédito,20,0,1598.0
CUST-05907,2024-10-13,Enterprise,249.9,23,7,Boleto,20,0,4998.0
CUST-05908,2025-05-01,Basic,29.9,3,0,Pix,13,0,388.7
CUST-05909,2025-02-28,Enterprise,249.9,10,7,Pix,2,1,499.8
CUST-05910,2025-01-04,Enterprise,249.9,2,0,Cartão de Crédito,15,0,3748.5
CUST-05911,2025-03-22,Basic,29.9,25,4,Cartão de Crédito,24,0,717.6
CUST-05912,2025-10-16,Pro,79.9,26,9,Pix,18,0,1438.2
CUST-05913,2024-12-02,Enterprise,249.9,12,1,Cartão de Crédito,22,0,5497.8
CUST-05914,2025-10-08,Basic,29.9,26,2,Boleto,24,0,717.6
CUST-05915,2024-10-12,Enterprise,249.9,14,2,Cartão de Crédito,18,0,4498.2
CUST-05916,2025-09-22,Enterprise,249.9,29,4,Pix,21,0,5247.9
CUST-05917,2024-10-02,Basic,29.9,13,10,Cartão de Crédito,17,0,508.3
CUST-05918,2025-10-01,Enterprise,249.9,11,6,Pix,15,0,3748.5
CUST-05919,2024-03-29,Enterprise,249.9,11,8,Boleto,18,0,4498.2
CUST-05920,2025-04-02,Pro,79.9,9,6,Boleto,22,0,1757.8
CUST-05921,2025-08-01,Enterprise,249.9,25,6,Boleto,23,0,5747.7
CUST-05922,2024-05-04,Pro,79.9,12,9,Cartão de Crédito,6,1,479.4
CUST-05923,2025-04-13,Pro,79.9,10,1,Cartão de Crédito,19,0,1518.1
CUST-05924,2025-10-31,Basic,29.9,11,5,Pix,19,0,568.1
CUST-05925,2025-10-26,Enterprise,249.9,27,9,Boleto,24,0,5997.6
CUST-05926,2025-06-28,Basic,29.9,16,5,Cartão de Crédito,14,0,418.6
CUST-05927,2025-09-27,Enterprise,249.9,16,1,Cartão de Crédito,23,0,5747.7
CUST-05928,2024-10-30,Pro,79.9,28,0,Boleto,15,0,1198.5
CUST-05929,2024-11-14,Basic,29.9,17,8,Boleto,11,1,328.9
CUST-05930,2025-01-15,Pro,79.9,25,1,Pix,20,0,1598.0
CUST-05931,2025-07-05,Pro,79.9,13,1,Pix,3,1,239.7
CUST-05932,2025-07-20,Basic,29.9,14,7,Pix,21,0,627.9
CUST-05933,2025-09-02,Pro,79.9,8,9,Cartão de Crédito,1,1,79.9
CUST-05934,2024-07-25,Enterprise,249.9,0,2,Boleto,10,1,2499.0
CUST-05935,2025-09-03,Pro,79.9,8,1,Cartão de Crédito,22,0,1757.8
CUST-05936,2025-05-15,Enterprise,249.9,0,9,Cartão de Crédito,20,0,4998.0
CUST-05937,2024-01-21,Pro,79.9,8,5,Boleto,14,0,1118.6
CUST-05938,2025-06-29,Basic,29.9,26,4,Pix,24,0,717.6
CUST-05939,2024-02-13,Basic,29.9,21,2,Boleto,20,0,598.0
CUST-05940,2024-01-09,Pro,79.9,13,5,Cartão de Crédito,24,0,1917.6
CUST-05941,2025-01-04,Basic,29.9,30,8,Boleto,12,1,358.8
CUST-05942,2025-09-01,Enterprise,249.9,28,3,Boleto,2,1,499.8
CUST-05943,2024-05-11,Basic,29.9,21,10,Cartão de Crédito,7,1,209.3
CUST-05944,2024-02-29,Pro,79.9,6,3,Boleto,15,0,1198.5
CUST-05945,2024-07-20,Basic,29.9,16,4,Cartão de Crédito,22,0,657.8
CUST-05946,2025-12-28,Enterprise,249.9,30,9,Boleto,10,1,2499.0
CUST-05947,2024-05-11,Pro,79.9,7,9,Pix,22,0,1757.8
CUST-05948,2024-10-15,Pro,79.9,8,9,Cartão de Crédito,5,1,399.5
CUST-05949,2024-10-15,Enterprise,249.9,19,9,Pix,10,1,2499.0
CUST-05950,2024-03-20,Pro,79.9,17,0,Cartão de Crédito,14,0,1118.6
CUST-05951,2025-03-14,Enterprise,249.9,4,2,Cartão de Crédito,3,1,749.7
CUST-05952,2024-10-18,Enterprise,249.9,11,2,Pix,13,0,3248.7
CUST-05953,2024-07-18,Basic,29.9,28,7,Pix,13,0,388.7
CUST-05954,2024-08-25,Basic,29.9,15,1,Pix,15,0,448.5
CUST-05955,2025-02-04,Basic,29.9,28,7,Boleto,19,0,568.1
CUST-05956,2025-11-19,Pro,79.9,9,2,Cartão de Crédito,14,0,1118.6
CUST-05957,2024-06-26,Enterprise,249.9,0,1,Pix,10,1,2499.0
CUST-05958,2024-11-01,Basic,29.9,12,1,Cartão de Crédito,19,0,568.1
CUST-05959,2025-11-12,Pro,79.9,7,2,Pix,22,0,1757.8
CUST-05960,2024-06-14,Basic,29.9,19,3,Boleto,6,1,179.4
CUST-05961,2025-07-18,Enterprise,249.9,14,1,Boleto,20,0,4998.0
CUST-05962,2025-12-23,Pro,79.9,24,6,Boleto,18,0,1438.2
CUST-05963,2024-06-18,Basic,29.9,8,7,Pix,7,1,209.3
CUST-05964,2024-10-02,Basic,29.9,22,0,Boleto,14,0,418.6
CUST-05965,2024-09-16,Pro,79.9,12,6,Cartão de Crédito,19,0,1518.1
CUST-05966,2024-05-07,Basic,29.9,18,4,Pix,22,0,657.8
CUST-05967,2024-01-15,Basic,29.9,1,8,Pix,11,1,328.9
CUST-05968,2024-02-06,Enterprise,249.9,0,7,Boleto,21,0,5247.9
CUST-05969,2025-11-06,Pro,79.9,17,4,Cartão de Crédito,15,0,1198.5
CUST-05970,2024-03-03,Enterprise,249.9,8,0,Pix,13,0,3248.7
CUST-05971,2024-04-14,Pro,79.9,4,4,Cartão de Crédito,18,0,1438.2
CUST-05972,2024-10-26,Pro,79.9,25,9,Cartão de Crédito,24,0,1917.6
CUST-05973,2024-09-11,Basic,29.9,15,2,Cartão de Crédito,13,0,388.7
CUST-05974,2025-12-27,Basic,29.9,14,7,Cartão de Crédito,18,0,538.2
CUST-05975,2024-03-08,Basic,29.9,9,0,Boleto,18,0,538.2
CUST-05976,2024-01-09,Basic,29.9,3,9,Cartão de Crédito,10,1,299.0
CUST-05977,2024-07-17,Pro,79.9,17,3,Boleto,24,0,1917.6
CUST-05978,2024-10-10,Pro,79.9,17,10,Pix,2,1,159.8
CUST-05979,2025-07-27,Basic,29.9,28,0,Cartão de Crédito,24,0,717.6
CUST-05980,2025-04-27,Basic,29.9,19,7,Boleto,14,0,418.6
CUST-05981,2025-04-10,Basic,29.9,23,6,Cartão de Crédito,24,0,717.6
CUST-05982,2024-07-07,Enterprise,249.9,28,3,Cartão de Crédito,19,0,4748.1
CUST-05983,2025-10-02,Enterprise,249.9,25,1,Boleto,21,0,5247.9
CUST-05984,2025-02-15,Enterprise,249.9,29,7,Pix,12,1,2998.8
CUST-05985,2025-09-26,Basic,29.9,8,10,Cartão de Crédito,15,0,448.5
CUST-05986,2025-04-30,Pro,79.9,25,5,Pix,17,0,1358.3
CUST-05987,2025-07-04,Pro,79.9,21,4,Boleto,17,0,1358.3
CUST-05988,2024-07-23,Basic,29.9,23,3,Pix,17,0,508.3
CUST-05989,2025-10-03,Pro,79.9,11,0,Cartão de Crédito,17,0,1358.3
CUST-05990,2025-06-20,Basic,29.9,22,9,Cartão de Crédito,17,0,508.3
CUST-05991,2024-08-22,Enterprise,249.9,20,10,Pix,3,1,749.7
CUST-05992,2025-12-08,Pro,79.9,0,9,Cartão de Crédito,4,1,319.6
CUST-05993,2024-11-14,Enterprise,249.9,9,2,Cartão de Crédito,18,0,4498.2
CUST-05994,2024-09-10,Enterprise,249.9,5,3,Boleto,23,0,5747.7
CUST-05995,2024-08-30,Enterprise,249.9,1,4,Boleto,21,0,5247.9
CUST-05996,2025-02-03,Enterprise,249.9,23,4,Cartão de Crédito,20,0,4998.0
CUST-05997,2024-03-05,Enterprise,249.9,28,10,Cartão de Crédito,7,1,1749.3
CUST-05998,2024-07-03,Enterprise,249.9,24,8,Cartão de Crédito,8,1,1999.2
CUST-05999,2024-06-02,Basic,29.9,15,8,Cartão de Crédito,2,1,59.8
CUST-06000,2025-11-14,Enterprise,249.9,16,2,Pix,15,0,3748.5
CUST-06001,2024-12-30,Enterprise,249.9,16,7,Pix,13,0,3248.7
CUST-06002,2024-10-29,Enterprise,249.9,7,7,Cartão de Crédito,3,1,749.7
CUST-06003,2024-07-30,Basic,29.9,8,0,Pix,24,0,717.6
CUST-06004,2024-10-13,Enterprise,249.9,23,4,Boleto,17,0,4248.3
CUST-06005,2025-06-10,Pro,79.9,28,9,Pix,2,1,159.8
CUST-06006,2024-10-03,Pro,79.9,25,8,Cartão de Crédito,12,1,958.8
CUST-06007,2025-10-14,Basic,29.9,1,10,Cartão de Crédito,2,1,59.8
CUST-06008,2025-03-23,Basic,29.9,15,6,Cartão de Crédito,20,0,598.0
CUST-06009,2024-02-22,Enterprise,249.9,24,8,Boleto,16,0,3998.4
CUST-06010,2025-05-01,Pro,79.9,9,1,Pix,24,0,1917.6
CUST-06011,2024-10-28,Enterprise,249.9,26,8,Pix,17,0,4248.3
CUST-06012,2025-07-01,Pro,79.9,24,8,Pix,9,1,719.1
CUST-06013,2024-06-16,Pro,79.9,21,9,Cartão de Crédito,10,1,799.0
CUST-06014,2025-05-22,Pro,79.9,2,8,Cartão de Crédito,2,1,159.8
CUST-06015,2024-12-23,Enterprise,249.9,4,7,Pix,9,1,2249.1
CUST-06016,2025-02-02,Pro,79.9,28,8,Cartão de Crédito,4,1,319.6
CUST-06017,2024-12-08,Pro,79.9,13,8,Boleto,15,0,1198.5
CUST-06018,2025-03-21,Enterprise,249.9,2,5,Pix,15,0,3748.5
CUST-06019,2024-09-26,Basic,29.9,27,2,Pix,23,0,687.7
CUST-06020,2024-08-16,Pro,79.9,27,1,Cartão de Crédito,16,0,1278.4
CUST-06021,2025-10-14,Basic,29.9,17,0,Boleto,13,0,388.7
CUST-06022,2024-04-02,Enterprise,249.9,21,9,Cartão de Crédito,15,0,3748.5
CUST-06023,2024-06-01,Basic,29.9,2,10,Cartão de Crédito,8,1,239.2
CUST-06024,2024-07-10,Enterprise,249.9,14,0,Cartão de Crédito,15,0,3748.5
CUST-06025,2024-06-11,Basic,29.9,12,6,Pix,19,0,568.1
CUST-06026,2025-12-28,Basic,29.9,17,1,Boleto,21,0,627.9
CUST-06027,2025-01-11,Enterprise,249.9,7,8,Cartão de Crédito,1,1,249.9
CUST-06028,2025-07-20,Basic,29.9,26,0,Boleto,19,0,568.1
CUST-06029,2025-03-24,Pro,79.9,4,6,Boleto,21,0,1677.9
CUST-06030,2025-11-11,Enterprise,249.9,23,5,Boleto,16,0,3998.4
CUST-06031,2025-11-08,Basic,29.9,2,6,Boleto,12,1,358.8
CUST-06032,2024-02-25,Basic,29.9,26,3,Pix,17,0,508.3
CUST-06033,2024-08-26,Enterprise,249.9,3,4,Cartão de Crédito,2,1,499.8
CUST-06034,2024-01-06,Basic,29.9,30,9,Pix,5,1,149.5
CUST-06035,2024-12-05,Basic,29.9,6,5,Boleto,21,0,627.9
CUST-06036,2025-02-27,Pro,79.9,12,7,Pix,9,1,719.1
CUST-06037,2024-05-24,Enterprise,249.9,0,9,Boleto,6,1,1499.4
CUST-06038,2024-09-13,Enterprise,249.9,29,7,Cartão de Crédito,22,0,5497.8
CUST-06039,2024-12-22,Pro,79.9,22,3,Pix,16,0,1278.4
CUST-06040,2024-02-23,Basic,29.9,11,1,Boleto,14,0,418.6
CUST-06041,2024-06-09,Pro,79.9,27,7,Boleto,18,0,1438.2
CUST-06042,2024-06-26,Enterprise,249.9,1,3,Pix,7,1,1749.3
CUST-06043,2024-10-20,Enterprise,249.9,11,1,Pix,12,1,2998.8
CUST-06044,2025-11-08,Basic,29.9,13,3,Pix,20,0,598.0
CUST-06045,2025-12-25,Basic,29.9,13,10,Cartão de Crédito,11,1,328.9
CUST-06046,2024-09-25,Pro,79.9,17,3,Cartão de Crédito,15,0,1198.5
CUST-06047,2025-04-20,Basic,29.9,29,5,Pix,16,0,478.4
CUST-06048,2024-09-30,Enterprise,249.9,26,4,Pix,21,0,5247.9
CUST-06049,2025-01-19,Enterprise,249.9,22,8,Boleto,6,1,1499.4
CUST-06050,2024-09-27,Pro,79.9,30,5,Boleto,7,1,559.3
CUST-06051,2025-11-04,Enterprise,249.9,14,6,Pix,7,1,1749.3
CUST-06052,2025-09-19,Enterprise,249.9,3,1,Pix,24,0,5997.6
CUST-06053,2025-09-23,Enterprise,249.9,9,8,Boleto,4,1,999.6
CUST-06054,2025-02-02,Pro,79.9,30,8,Pix,10,1,799.0
CUST-06055,2025-08-03,Pro,79.9,10,1,Boleto,22,0,1757.8
CUST-06056,2025-08-19,Enterprise,249.9,17,7,Cartão de Crédito,24,0,5997.6
CUST-06057,2024-05-15,Enterprise,249.9,9,2,Pix,21,0,5247.9
CUST-06058,2024-08-23,Enterprise,249.9,17,4,Cartão de Crédito,13,0,3248.7
CUST-06059,2024-01-01,Pro,79.9,16,7,Boleto,19,0,1518.1
CUST-06060,2025-10-04,Basic,29.9,12,2,Cartão de Crédito,17,0,508.3
CUST-06061,2024-09-24,Pro,79.9,13,8,Pix,1,1,79.9
CUST-06062,2024-06-20,Pro,79.9,4,0,Cartão de Crédito,21,0,1677.9
CUST-06063,2025-09-05,Enterprise,249.9,23,5,Cartão de Crédito,13,0,3248.7
CUST-06064,2024-02-20,Basic,29.9,5,3,Boleto,15,0,448.5
CUST-06065,2025-03-18,Enterprise,249.9,6,6,Boleto,22,0,5497.8
CUST-06066,2024-03-22,Pro,79.9,6,1,Boleto,16,0,1278.4
CUST-06067,2025-10-13,Enterprise,249.9,20,8,Pix,16,0,3998.4
CUST-06068,2024-10-05,Pro,79.9,16,4,Cartão de Crédito,23,0,1837.7
CUST-06069,2024-06-04,Basic,29.9,5,6,Pix,5,1,149.5
CUST-06070,2025-09-29,Enterprise,249.9,10,7,Cartão de Crédito,14,0,3498.6
CUST-06071,2025-12-05,Pro,79.9,8,0,Boleto,23,0,1837.7
CUST-06072,2025-09-14,Basic,29.9,10,3,Pix,22,0,657.8
CUST-06073,2024-03-04,Enterprise,249.9,5,6,Pix,17,0,4248.3
CUST-06074,2024-05-18,Pro,79.9,12,5,Boleto,20,0,1598.0
CUST-06075,2025-09-26,Pro,79.9,3,1,Pix,2,1,159.8
CUST-06076,2025-05-11,Pro,79.9,29,9,Cartão de Crédito,5,1,399.5
CUST-06077,2024-07-15,Enterprise,249.9,30,6,Cartão de Crédito,16,0,3998.4
CUST-06078,2024-02-07,Enterprise,249.9,27,5,Boleto,22,0,5497.8
CUST-06079,2024-05-14,Basic,29.9,29,0,Pix,16,0,478.4
CUST-06080,2024-11-25,Pro,79.9,5,3,Pix,14,0,1118.6
CUST-06081,2025-07-30,Enterprise,249.9,18,9,Cartão de Crédito,18,0,4498.2
CUST-06082,2025-09-13,Pro,79.9,21,7,Cartão de Crédito,19,0,1518.1
CUST-06083,2024-07-16,Pro,79.9,2,6,Cartão de Crédito,12,1,958.8
CUST-06084,2025-04-19,Pro,79.9,17,3,Boleto,17,0,1358.3
CUST-06085,2024-09-15,Basic,29.9,27,4,Cartão de Crédito,19,0,568.1
CUST-06086,2025-06-16,Pro,79.9,21,9,Cartão de Crédito,3,1,239.7
CUST-06087,2025-07-03,Enterprise,249.9,20,8,Cartão de Crédito,17,0,4248.3
CUST-06088,2024-04-17,Pro,79.9,27,0,Pix,21,0,1677.9
CUST-06089,2025-08-08,Enterprise,249.9,7,9,Pix,10,1,2499.0
CUST-06090,2025-10-21,Basic,29.9,12,0,Pix,18,0,538.2
CUST-06091,2025-02-28,Pro,79.9,24,0,Boleto,18,0,1438.2
CUST-06092,2024-01-11,Basic,29.9,12,10,Cartão de Crédito,17,0,508.3
CUST-06093,2025-09-01,Enterprise,249.9,22,10,Cartão de Crédito,8,1,1999.2
CUST-06094,2024-03-20,Basic,29.9,14,1,Pix,22,0,657.8
CUST-06095,2025-02-27,Pro,79.9,22,0,Pix,22,0,1757.8
CUST-06096,2024-02-28,Enterprise,249.9,16,8,Pix,24,0,5997.6
CUST-06097,2025-05-21,Basic,29.9,0,7,Boleto,4,1,119.6
CUST-06098,2024-04-11,Enterprise,249.9,20,9,Boleto,16,0,3998.4
CUST-06099,2025-07-06,Enterprise,249.9,6,1,Cartão de Crédito,19,0,4748.1
CUST-06100,2025-06-24,Enterprise,249.9,16,0,Cartão de Crédito,23,0,5747.7
CUST-06101,2025-03-04,Basic,29.9,9,0,Cartão de Crédito,17,0,508.3
CUST-06102,2025-04-28,Basic,29.9,21,0,Cartão de Crédito,15,0,448.5
CUST-06103,2024-05-17,Enterprise,249.9,11,1,Pix,18,0,4498.2
CUST-06104,2025-01-26,Basic,29.9,12,7,Boleto,1,1,29.9
CUST-06105,2024-04-26,Pro,79.9,6,5,Pix,19,0,1518.1
CUST-06106,2024-01-20,Basic,29.9,12,1,Boleto,23,0,687.7
CUST-06107,2025-03-09,Enterprise,249.9,15,6,Pix,20,0,4998.0
CUST-06108,2024-12-31,Basic,29.9,24,2,Boleto,19,0,568.1
CUST-06109,2024-04-26,Enterprise,249.9,1,7,Pix,9,1,2249.1
CUST-06110,2025-05-22,Basic,29.9,29,0,Cartão de Crédito,14,0,418.6
CUST-06111,2024-01-24,Enterprise,249.9,24,1,Cartão de Crédito,21,0,5247.9
CUST-06112,2025-06-11,Enterprise,249.9,22,9,Boleto,1,1,249.9
CUST-06113,2024-07-01,Pro,79.9,4,4,Pix,16,0,1278.4
CUST-06114,2025-03-26,Pro,79.9,7,3,Cartão de Crédito,22,0,1757.8
CUST-06115,2024-11-07,Enterprise,249.9,16,3,Pix,23,0,5747.7
CUST-06116,2024-01-11,Enterprise,249.9,8,4,Boleto,21,0,5247.9
CUST-06117,2025-02-08,Basic,29.9,7,4,Boleto,6,1,179.4
CUST-06118,2025-06-04,Pro,79.9,25,4,Cartão de Crédito,24,0,1917.6
CUST-06119,2024-12-27,Pro,79.9,2,5,Cartão de Crédito,14,0,1118.6
CUST-06120,2024-10-09,Enterprise,249.9,19,10,Pix,23,0,5747.7
CUST-06121,2025-06-07,Enterprise,249.9,7,6,Boleto,11,1,2748.9
CUST-06122,2024-03-21,Basic,29.9,21,6,Boleto,22,0,657.8
CUST-06123,2024-03-10,Pro,79.9,18,4,Pix,18,0,1438.2
CUST-06124,2024-06-03,Basic,29.9,30,9,Pix,17,0,508.3
CUST-06125,2025-07-09,Basic,29.9,16,9,Cartão de Crédito,24,0,717.6
CUST-06126,2025-09-30,Basic,29.9,23,3,Pix,16,0,478.4
CUST-06127,2024-09-09,Enterprise,249.9,12,6,Boleto,4,1,999.6
CUST-06128,2025-09-14,Basic,29.9,1,6,Pix,7,1,209.3
CUST-06129,2024-11-21,Pro,79.9,7,8,Boleto,24,0,1917.6
CUST-06130,2025-09-04,Basic,29.9,0,6,Cartão de Crédito,12,1,358.8
CUST-06131,2025-03-29,Enterprise,249.9,26,5,Cartão de Crédito,24,0,5997.6
CUST-06132,2025-04-15,Enterprise,249.9,27,6,Boleto,6,1,1499.4
CUST-06133,2024-10-11,Basic,29.9,15,2,Boleto,23,0,687.7
CUST-06134,2025-04-29,Pro,79.9,22,7,Cartão de Crédito,9,1,719.1
CUST-06135,2025-03-15,Enterprise,249.9,13,2,Cartão de Crédito,21,0,5247.9
CUST-06136,2025-09-23,Enterprise,249.9,5,6,Cartão de Crédito,6,1,1499.4
CUST-06137,2024-10-17,Basic,29.9,2,8,Cartão de Crédito,8,1,239.2
CUST-06138,2025-02-14,Pro,79.9,22,1,Cartão de Crédito,14,0,1118.6
CUST-06139,2024-10-10,Basic,29.9,1,7,Boleto,1,1,29.9
CUST-06140,2025-09-08,Pro,79.9,16,2,Boleto,18,0,1438.2
CUST-06141,2024-11-15,Pro,79.9,1,9,Boleto,23,0,1837.7
CUST-06142,2024-11-25,Basic,29.9,8,3,Pix,19,0,568.1
CUST-06143,2024-06-09,Basic,29.9,23,4,Boleto,24,0,717.6
CUST-06144,2024-07-19,Enterprise,249.9,25,9,Pix,1,1,249.9
CUST-06145,2024-04-16,Basic,29.9,11,6,Pix,22,0,657.8
CUST-06146,2024-06-17,Basic,29.9,26,4,Boleto,15,0,448.5
CUST-06147,2025-12-24,Enterprise,249.9,27,6,Cartão de Crédito,17,0,4248.3
CUST-06148,2024-08-10,Basic,29.9,6,9,Pix,16,0,478.4
CUST-06149,2025-05-23,Pro,79.9,20,0,Cartão de Crédito,15,0,1198.5
CUST-06150,2025-12-21,Basic,29.9,4,7,Pix,9,1,269.1
CUST-06151,2024-10-11,Basic,29.9,16,1,Boleto,21,0,627.9
CUST-06152,2025-06-18,Basic,29.9,29,4,Boleto,12,1,358.8
CUST-06153,2024-12-19,Basic,29.9,18,2,Boleto,15,0,448.5
CUST-06154,2024-01-31,Basic,29.9,5,3,Boleto,14,0,418.6
CUST-06155,2025-12-13,Pro,79.9,7,7,Pix,19,0,1518.1
CUST-06156,2025-12-01,Basic,29.9,15,10,Boleto,8,1,239.2
CUST-06157,2025-08-11,Enterprise,249.9,14,2,Boleto,23,0,5747.7
CUST-06158,2025-09-17,Basic,29.9,5,7,Cartão de Crédito,12,1,358.8
CUST-06159,2025-01-08,Basic,29.9,7,1,Pix,16,0,478.4
CUST-06160,2024-08-06,Enterprise,249.9,2,8,Cartão de Crédito,4,1,999.6
CUST-06161,2025-10-17,Pro,79.9,26,10,Cartão de Crédito,19,0,1518.1
CUST-06162,2025-07-27,Enterprise,249.9,6,9,Boleto,10,1,2499.0
CUST-06163,2024-08-04,Enterprise,249.9,10,10,Pix,23,0,5747.7
CUST-06164,2024-09-14,Basic,29.9,14,7,Boleto,6,1,179.4
CUST-06165,2024-08-07,Enterprise,249.9,12,9,Cartão de Crédito,23,0,5747.7
CUST-06166,2024-12-23,Pro,79.9,4,2,Cartão de Crédito,23,0,1837.7
CUST-06167,2024-12-18,Enterprise,249.9,18,2,Cartão de Crédito,18,0,4498.2
CUST-06168,2025-03-06,Pro,79.9,5,10,Cartão de Crédito,19,0,1518.1
CUST-06169,2024-04-08,Pro,79.9,27,4,Pix,13,0,1038.7
CUST-06170,2025-08-27,Basic,29.9,27,6,Cartão de Crédito,7,1,209.3
CUST-06171,2024-08-02,Basic,29.9,22,4,Cartão de Crédito,14,0,418.6
CUST-06172,2024-09-26,Basic,29.9,16,6,Pix,14,0,418.6
CUST-06173,2025-07-07,Enterprise,249.9,7,0,Pix,22,0,5497.8
CUST-06174,2025-12-19,Enterprise,249.9,2,4,Cartão de Crédito,16,0,3998.4
CUST-06175,2025-02-01,Pro,79.9,25,5,Cartão de Crédito,20,0,1598.0
CUST-06176,2024-07-24,Enterprise,249.9,10,3,Boleto,13,0,3248.7
CUST-06177,2024-01-25,Enterprise,249.9,1,3,Cartão de Crédito,13,0,3248.7
CUST-06178,2024-05-05,Pro,79.9,0,3,Cartão de Crédito,7,1,559.3
CUST-06179,2024-11-07,Pro,79.9,15,6,Pix,3,1,239.7
CUST-06180,2025-03-13,Basic,29.9,8,2,Cartão de Crédito,23,0,687.7
CUST-06181,2024-02-14,Enterprise,249.9,28,10,Boleto,22,0,5497.8
CUST-06182,2024-03-27,Pro,79.9,29,10,Pix,5,1,399.5
CUST-06183,2024-02-01,Pro,79.9,6,8,Cartão de Crédito,15,0,1198.5
CUST-06184,2024-12-07,Pro,79.9,9,9,Cartão de Crédito,3,1,239.7
CUST-06185,2025-01-17,Enterprise,249.9,3,6,Boleto,20,0,4998.0
CUST-06186,2024-01-10,Enterprise,249.9,9,9,Boleto,12,1,2998.8
CUST-06187,2025-10-26,Pro,79.9,11,8,Boleto,12,1,958.8
CUST-06188,2025-07-10,Pro,79.9,21,8,Boleto,19,0,1518.1
CUST-06189,2024-02-14,Pro,79.9,17,3,Cartão de Crédito,22,0,1757.8
CUST-06190,2024-04-28,Pro,79.9,5,4,Cartão de Crédito,14,0,1118.6
CUST-06191,2024-08-11,Basic,29.9,14,10,Boleto,24,0,717.6
CUST-06192,2024-01-13,Basic,29.9,5,2,Pix,16,0,478.4
CUST-06193,2024-11-27,Basic,29.9,4,8,Pix,4,1,119.6
CUST-06194,2024-10-20,Enterprise,249.9,9,2,Pix,17,0,4248.3
CUST-06195,2024-07-22,Enterprise,249.9,0,1,Pix,24,0,5997.6
CUST-06196,2024-11-27,Enterprise,249.9,3,6,Pix,8,1,1999.2
CUST-06197,2024-04-26,Enterprise,249.9,15,0,Cartão de Crédito,17,0,4248.3
CUST-06198,2025-04-15,Enterprise,249.9,15,6,Cartão de Crédito,3,1,749.7
CUST-06199,2024-08-28,Enterprise,249.9,12,3,Cartão de Crédito,23,0,5747.7
CUST-06200,2024-05-18,Basic,29.9,7,7,Cartão de Crédito,15,0,448.5
CUST-06201,2024-02-10,Enterprise,249.9,15,0,Cartão de Crédito,16,0,3998.4
CUST-06202,2025-11-10,Basic,29.9,1,4,Cartão de Crédito,15,0,448.5
CUST-06203,2025-11-29,Pro,79.9,18,5,Cartão de Crédito,21,0,1677.9
CUST-06204,2025-06-11,Pro,79.9,24,10,Cartão de Crédito,21,0,1677.9
CUST-06205,2025-09-19,Enterprise,249.9,4,6,Boleto,7,1,1749.3
CUST-06206,2024-01-28,Enterprise,249.9,7,6,Cartão de Crédito,3,1,749.7
CUST-06207,2025-06-26,Enterprise,249.9,21,2,Cartão de Crédito,20,0,4998.0
CUST-06208,2025-10-06,Enterprise,249.9,14,10,Boleto,12,1,2998.8
CUST-06209,2024-01-07,Enterprise,249.9,17,3,Cartão de Crédito,20,0,4998.0
CUST-06210,2025-06-07,Pro,79.9,9,9,Pix,11,1,878.9
CUST-06211,2024-10-30,Basic,29.9,15,7,Pix,15,0,448.5
CUST-06212,2024-11-30,Pro,79.9,24,10,Pix,17,0,1358.3
CUST-06213,2024-11-29,Pro,79.9,4,1,Boleto,19,0,1518.1
CUST-06214,2024-08-27,Pro,79.9,11,9,Pix,6,1,479.4
CUST-06215,2025-06-05,Enterprise,249.9,28,2,Cartão de Crédito,21,0,5247.9
CUST-06216,2025-01-02,Pro,79.9,9,6,Cartão de Crédito,9,1,719.1
CUST-06217,2025-11-22,Pro,79.9,28,9,Cartão de Crédito,13,0,1038.7
CUST-06218,2024-11-04,Basic,29.9,15,0,Boleto,15,0,448.5
CUST-06219,2025-06-06,Enterprise,249.9,3,5,Boleto,23,0,5747.7
CUST-06220,2024-01-07,Basic,29.9,24,1,Pix,22,0,657.8
CUST-06221,2025-02-08,Basic,29.9,22,5,Cartão de Crédito,19,0,568.1
CUST-06222,2025-12-11,Pro,79.9,16,6,Pix,4,1,319.6
CUST-06223,2024-07-29,Enterprise,249.9,8,2,Cartão de Crédito,22,0,5497.8
CUST-06224,2024-11-14,Pro,79.9,15,1,Cartão de Crédito,24,0,1917.6
CUST-06225,2024-08-01,Pro,79.9,24,3,Boleto,24,0,1917.6
CUST-06226,2024-11-09,Enterprise,249.9,12,0,Boleto,18,0,4498.2
CUST-06227,2024-12-01,Pro,79.9,17,6,Pix,24,0,1917.6
CUST-06228,2025-12-01,Enterprise,249.9,17,5,Cartão de Crédito,14,0,3498.6
CUST-06229,2024-11-05,Pro,79.9,22,6,Cartão de Crédito,15,0,1198.5
CUST-06230,2025-06-24,Enterprise,249.9,29,3,Pix,19,0,4748.1
CUST-06231,2025-10-06,Enterprise,249.9,14,1,Cartão de Crédito,20,0,4998.0
CUST-06232,2025-11-07,Basic,29.9,12,2,Cartão de Crédito,13,0,388.7
CUST-06233,2025-05-21,Basic,29.9,7,2,Cartão de Crédito,20,0,598.0
CUST-06234,2025-03-05,Enterprise,249.9,25,9,Pix,21,0,5247.9
CUST-06235,2024-10-25,Enterprise,249.9,14,3,Boleto,22,0,5497.8
CUST-06236,2025-11-23,Basic,29.9,2,4,Cartão de Crédito,9,1,269.1
CUST-06237,2024-02-16,Pro,79.9,16,2,Pix,19,0,1518.1
CUST-06238,2024-07-03,Basic,29.9,27,0,Boleto,18,0,538.2
CUST-06239,2025-09-29,Basic,29.9,17,8,Cartão de Crédito,18,0,538.2
CUST-06240,2025-07-13,Pro,79.9,15,8,Cartão de Crédito,4,1,319.6
CUST-06241,2024-05-06,Basic,29.9,28,2,Boleto,5,1,149.5
CUST-06242,2024-11-25,Basic,29.9,13,7,Boleto,17,0,508.3
CUST-06243,2024-10-30,Enterprise,249.9,28,8,Boleto,20,0,4998.0
CUST-06244,2025-06-08,Enterprise,249.9,29,1,Cartão de Crédito,17,0,4248.3
CUST-06245,2024-11-26,Enterprise,249.9,10,9,Pix,6,1,1499.4
CUST-06246,2025-08-24,Pro,79.9,21,3,Cartão de Crédito,17,0,1358.3
CUST-06247,2024-09-28,Enterprise,249.9,30,5,Pix,22,0,5497.8
CUST-06248,2024-07-18,Enterprise,249.9,22,3,Boleto,23,0,5747.7
CUST-06249,2025-06-21,Pro,79.9,1,10,Pix,7,1,559.3
CUST-06250,2024-10-21,Basic,29.9,4,6,Boleto,12,1,358.8
CUST-06251,2024-11-30,Enterprise,249.9,18,9,Cartão de Crédito,13,0,3248.7
CUST-06252,2024-10-27,Pro,79.9,10,9,Cartão de Crédito,3,1,239.7
CUST-06253,2025-12-12,Pro,79.9,11,1,Boleto,23,0,1837.7
CUST-06254,2024-11-30,Basic,29.9,11,9,Pix,22,0,657.8
CUST-06255,2024-10-09,Basic,29.9,5,9,Cartão de Crédito,2,1,59.8
CUST-06256,2024-12-12,Enterprise,249.9,12,0,Cartão de Crédito,23,0,5747.7
CUST-06257,2024-11-02,Enterprise,249.9,25,5,Cartão de Crédito,23,0,5747.7
CUST-06258,2024-07-21,Pro,79.9,9,8,Boleto,22,0,1757.8
CUST-06259,2025-06-13,Enterprise,249.9,24,6,Boleto,18,0,4498.2
CUST-06260,2024-01-30,Enterprise,249.9,12,8,Cartão de Crédito,4,1,999.6
CUST-06261,2025-01-18,Basic,29.9,18,9,Cartão de Crédito,18,0,538.2
CUST-06262,2025-01-28,Basic,29.9,11,6,Pix,24,0,717.6
CUST-06263,2024-10-14,Pro,79.9,15,7,Cartão de Crédito,7,1,559.3
CUST-06264,2024-10-28,Pro,79.9,16,5,Boleto,18,0,1438.2
CUST-06265,2025-03-26,Enterprise,249.9,15,8,Boleto,8,1,1999.2
CUST-06266,2024-08-19,Basic,29.9,3,1,Boleto,17,0,508.3
CUST-06267,2025-04-29,Pro,79.9,27,6,Boleto,4,1,319.6
CUST-06268,2025-05-16,Basic,29.9,6,4,Cartão de Crédito,18,0,538.2
CUST-06269,2024-03-29,Pro,79.9,5,0,Boleto,19,0,1518.1
CUST-06270,2024-01-13,Basic,29.9,26,1,Pix,18,0,538.2
CUST-06271,2024-11-05,Basic,29.9,8,0,Boleto,24,0,717.6
CUST-06272,2025-07-05,Pro,79.9,6,10,Cartão de Crédito,12,1,958.8
CUST-06273,2024-07-16,Pro,79.9,19,7,Pix,3,1,239.7
CUST-06274,2025-10-20,Pro,79.9,25,6,Cartão de Crédito,9,1,719.1
CUST-06275,2024-09-27,Basic,29.9,23,1,Boleto,14,0,418.6
CUST-06276,2024-04-29,Enterprise,249.9,22,8,Boleto,11,1,2748.9
CUST-06277,2025-05-23,Enterprise,249.9,30,1,Pix,24,0,5997.6
CUST-06278,2024-09-17,Enterprise,249.9,28,8,Cartão de Crédito,13,0,3248.7
CUST-06279,2024-05-16,Enterprise,249.9,14,5,Boleto,24,0,5997.6
CUST-06280,2024-03-30,Pro,79.9,10,4,Cartão de Crédito,15,0,1198.5
CUST-06281,2025-12-23,Pro,79.9,11,8,Pix,7,1,559.3
CUST-06282,2025-11-30,Pro,79.9,17,9,Cartão de Crédito,18,0,1438.2
CUST-06283,2025-11-27,Pro,79.9,27,10,Boleto,13,0,1038.7
CUST-06284,2024-07-18,Basic,29.9,18,8,Boleto,12,1,358.8
CUST-06285,2024-07-14,Basic,29.9,15,6,Pix,9,1,269.1
CUST-06286,2024-12-08,Pro,79.9,5,3,Cartão de Crédito,16,0,1278.4
CUST-06287,2025-09-01,Basic,29.9,12,1,Pix,17,0,508.3
CUST-06288,2024-04-15,Basic,29.9,13,8,Cartão de Crédito,13,0,388.7
CUST-06289,2024-10-08,Enterprise,249.9,10,1,Pix,12,1,2998.8
CUST-06290,2024-11-11,Pro,79.9,29,4,Pix,20,0,1598.0
CUST-06291,2024-08-03,Enterprise,249.9,3,4,Boleto,16,0,3998.4
CUST-06292,2024-12-14,Enterprise,249.9,4,6,Boleto,3,1,749.7
CUST-06293,2024-12-08,Enterprise,249.9,16,0,Pix,15,0,3748.5
CUST-06294,2025-10-04,Enterprise,249.9,6,5,Boleto,24,0,5997.6
CUST-06295,2024-05-24,Basic,29.9,17,5,Cartão de Crédito,17,0,508.3
CUST-06296,2024-11-14,Basic,29.9,29,1,Pix,24,0,717.6
CUST-06297,2024-10-14,Basic,29.9,30,0,Pix,13,0,388.7
CUST-06298,2025-12-07,Enterprise,249.9,5,10,Boleto,2,1,499.8
CUST-06299,2025-08-16,Enterprise,249.9,29,3,Boleto,14,0,3498.6
CUST-06300,2025-12-08,Basic,29.9,11,6,Cartão de Crédito,13,0,388.7
CUST-06301,2025-02-01,Basic,29.9,29,9,Boleto,10,1,299.0
CUST-06302,2024-03-18,Pro,79.9,15,0,Pix,14,0,1118.6
CUST-06303,2024-07-03,Enterprise,249.9,13,5,Pix,21,0,5247.9
CUST-06304,2024-07-08,Pro,79.9,24,2,Boleto,1,1,79.9
CUST-06305,2024-08-24,Pro,79.9,26,5,Pix,15,0,1198.5
CUST-06306,2025-12-29,Basic,29.9,21,7,Cartão de Crédito,17,0,508.3
CUST-06307,2025-11-06,Enterprise,249.9,9,6,Boleto,12,1,2998.8
CUST-06308,2025-12-02,Enterprise,249.9,2,1,Cartão de Crédito,12,1,2998.8
CUST-06309,2024-08-02,Basic,29.9,2,2,Cartão de Crédito,22,0,657.8
CUST-06310,2024-05-19,Pro,79.9,5,2,Boleto,17,0,1358.3
CUST-06311,2024-04-14,Basic,29.9,21,0,Boleto,20,0,598.0
CUST-06312,2024-10-12,Pro,79.9,2,0,Pix,21,0,1677.9
CUST-06313,2025-02-22,Pro,79.9,22,2,Pix,20,0,1598.0
CUST-06314,2025-05-19,Basic,29.9,1,7,Pix,5,1,149.5
CUST-06315,2025-04-19,Enterprise,249.9,24,3,Pix,14,0,3498.6
CUST-06316,2024-11-29,Pro,79.9,26,10,Boleto,5,1,399.5
CUST-06317,2024-10-17,Pro,79.9,11,5,Cartão de Crédito,14,0,1118.6
CUST-06318,2025-03-15,Basic,29.9,24,9,Boleto,23,0,687.7
CUST-06319,2024-02-24,Basic,29.9,0,0,Pix,22,0,657.8
CUST-06320,2025-04-18,Pro,79.9,10,1,Cartão de Crédito,22,0,1757.8
CUST-06321,2025-05-05,Pro,79.9,5,1,Pix,20,0,1598.0
CUST-06322,2024-09-11,Enterprise,249.9,15,5,Boleto,19,0,4748.1
CUST-06323,2024-07-11,Enterprise,249.9,19,2,Pix,12,1,2998.8
CUST-06324,2024-02-21,Pro,79.9,13,5,Cartão de Crédito,22,0,1757.8
CUST-06325,2025-03-03,Pro,79.9,5,10,Pix,13,0,1038.7
CUST-06326,2024-09-17,Basic,29.9,18,0,Cartão de Crédito,13,0,388.7
CUST-06327,2024-12-14,Basic,29.9,7,6,Cartão de Crédito,22,0,657.8
CUST-06328,2024-06-05,Enterprise,249.9,0,10,Pix,10,1,2499.0
CUST-06329,2025-01-12,Enterprise,249.9,26,10,Boleto,23,0,5747.7
CUST-06330,2025-04-26,Pro,79.9,12,6,Cartão de Crédito,21,0,1677.9
CUST-06331,2024-11-30,Basic,29.9,20,6,Cartão de Crédito,20,0,598.0
CUST-06332,2025-11-08,Enterprise,249.9,30,9,Cartão de Crédito,11,1,2748.9
CUST-06333,2024-01-23,Pro,79.9,8,2,Boleto,19,0,1518.1
CUST-06334,2024-01-03,Basic,29.9,9,0,Cartão de Crédito,21,0,627.9
CUST-06335,2025-01-06,Basic,29.9,9,6,Cartão de Crédito,3,1,89.7
CUST-06336,2025-02-25,Enterprise,249.9,29,0,Pix,19,0,4748.1
CUST-06337,2025-03-30,Basic,29.9,26,4,Boleto,14,0,418.6
CUST-06338,2025-06-22,Pro,79.9,28,2,Boleto,17,0,1358.3
CUST-06339,2025-08-25,Basic,29.9,9,3,Cartão de Crédito,13,0,388.7
CUST-06340,2024-06-13,Pro,79.9,23,4,Pix,20,0,1598.0
CUST-06341,2025-12-25,Pro,79.9,2,3,Cartão de Crédito,14,0,1118.6
CUST-06342,2025-08-05,Pro,79.9,8,4,Cartão de Crédito,18,0,1438.2
CUST-06343,2025-07-27,Basic,29.9,15,7,Pix,5,1,149.5
CUST-06344,2025-02-10,Basic,29.9,30,5,Boleto,17,0,508.3
CUST-06345,2025-04-24,Pro,79.9,8,5,Pix,8,1,639.2
CUST-06346,2024-07-30,Enterprise,249.9,12,10,Pix,15,0,3748.5
CUST-06347,2024-08-08,Enterprise,249.9,28,2,Cartão de Crédito,16,0,3998.4
CUST-06348,2025-09-30,Enterprise,249.9,1,6,Boleto,2,1,499.8
CUST-06349,2024-07-04,Enterprise,249.9,16,9,Boleto,3,1,749.7
CUST-06350,2025-10-13,Enterprise,249.9,12,8,Pix,17,0,4248.3
CUST-06351,2025-01-03,Pro,79.9,10,3,Pix,23,0,1837.7
CUST-06352,2025-08-03,Enterprise,249.9,24,8,Pix,20,0,4998.0
CUST-06353,2025-11-10,Enterprise,249.9,6,8,Boleto,13,0,3248.7
CUST-06354,2024-02-13,Enterprise,249.9,25,9,Pix,4,1,999.6
CUST-06355,2025-03-15,Enterprise,249.9,27,2,Boleto,13,0,3248.7
CUST-06356,2024-06-03,Pro,79.9,21,1,Boleto,22,0,1757.8
CUST-06357,2025-06-13,Enterprise,249.9,3,7,Boleto,7,1,1749.3
CUST-06358,2025-04-12,Basic,29.9,26,2,Pix,21,0,627.9
CUST-06359,2024-06-24,Enterprise,249.9,8,6,Boleto,22,0,5497.8
CUST-06360,2024-10-10,Enterprise,249.9,3,7,Cartão de Crédito,13,0,3248.7
CUST-06361,2024-07-02,Pro,79.9,4,8,Cartão de Crédito,2,1,159.8
CUST-06362,2024-11-09,Basic,29.9,16,9,Pix,7,1,209.3
CUST-06363,2025-05-03,Enterprise,249.9,4,9,Pix,18,0,4498.2
CUST-06364,2025-04-15,Enterprise,249.9,19,6,Pix,22,0,5497.8
CUST-06365,2025-07-31,Basic,29.9,22,10,Pix,23,0,687.7
CUST-06366,2025-08-14,Pro,79.9,24,0,Boleto,17,0,1358.3
CUST-06367,2025-09-28,Pro,79.9,18,3,Boleto,9,1,719.1
CUST-06368,2025-03-20,Basic,29.9,12,3,Cartão de Crédito,16,0,478.4
CUST-06369,2024-10-10,Enterprise,249.9,25,10,Cartão de Crédito,21,0,5247.9
CUST-06370,2025-01-10,Pro,79.9,27,1,Boleto,17,0,1358.3
CUST-06371,2025-06-08,Enterprise,249.9,29,10,Cartão de Crédito,1,1,249.9
CUST-06372,2024-06-20,Enterprise,249.9,8,8,Pix,3,1,749.7
CUST-06373,2025-03-01,Basic,29.9,16,7,Cartão de Crédito,21,0,627.9
CUST-06374,2025-09-08,Basic,29.9,17,9,Cartão de Crédito,22,0,657.8
CUST-06375,2025-02-25,Pro,79.9,0,6,Pix,7,1,559.3
CUST-06376,2024-03-10,Enterprise,249.9,17,2,Boleto,14,0,3498.6
CUST-06377,2024-12-05,Basic,29.9,21,7,Pix,19,0,568.1
CUST-06378,2024-02-02,Pro,79.9,24,3,Boleto,20,0,1598.0
CUST-06379,2025-08-01,Basic,29.9,18,10,Pix,18,0,538.2
CUST-06380,2024-05-24,Enterprise,249.9,0,5,Boleto,24,0,5997.6
CUST-06381,2025-06-18,Basic,29.9,9,4,Cartão de Crédito,3,1,89.7
CUST-06382,2024-05-13,Basic,29.9,0,2,Boleto,3,1,89.7
CUST-06383,2025-05-11,Basic,29.9,23,8,Boleto,17,0,508.3
CUST-06384,2024-10-12,Basic,29.9,12,3,Boleto,17,0,508.3
CUST-06385,2025-06-26,Basic,29.9,15,1,Cartão de Crédito,23,0,687.7
CUST-06386,2025-11-19,Pro,79.9,29,9,Cartão de Crédito,15,0,1198.5
CUST-06387,2025-01-14,Basic,29.9,22,0,Boleto,17,0,508.3
CUST-06388,2024-08-22,Basic,29.9,29,0,Pix,16,0,478.4
CUST-06389,2024-04-03,Pro,79.9,27,2,Cartão de Crédito,24,0,1917.6
CUST-06390,2025-05-18,Enterprise,249.9,6,7,Cartão de Crédito,17,0,4248.3
CUST-06391,2025-06-29,Basic,29.9,10,0,Boleto,15,0,448.5
CUST-06392,2025-12-06,Basic,29.9,16,9,Cartão de Crédito,24,0,717.6
CUST-06393,2025-09-06,Enterprise,249.9,23,4,Pix,14,0,3498.6
CUST-06394,2025-11-20,Basic,29.9,21,5,Boleto,22,0,657.8
CUST-06395,2024-07-11,Enterprise,249.9,29,2,Pix,20,0,4998.0
CUST-06396,2025-04-29,Enterprise,249.9,11,7,Boleto,20,0,4998.0
CUST-06397,2025-03-17,Enterprise,249.9,12,9,Pix,17,0,4248.3
CUST-06398,2025-10-26,Pro,79.9,20,3,Cartão de Crédito,20,0,1598.0
CUST-06399,2024-05-18,Pro,79.9,21,1,Cartão de Crédito,22,0,1757.8
CUST-06400,2024-02-11,Pro,79.9,24,2,Cartão de Crédito,16,0,1278.4
CUST-06401,2025-04-28,Pro,79.9,28,0,Cartão de Crédito,14,0,1118.6
CUST-06402,2025-10-25,Pro,79.9,8,4,Cartão de Crédito,11,1,878.9
CUST-06403,2024-06-13,Pro,79.9,3,6,Cartão de Crédito,10,1,799.0
CUST-06404,2025-10-13,Pro,79.9,1,10,Cartão de Crédito,11,1,878.9
CUST-06405,2024-02-24,Basic,29.9,3,3,Pix,18,0,538.2
CUST-06406,2024-05-31,Enterprise,249.9,30,0,Cartão de Crédito,14,0,3498.6
CUST-06407,2025-10-10,Enterprise,249.9,16,1,Cartão de Crédito,19,0,4748.1
CUST-06408,2024-02-29,Basic,29.9,12,5,Pix,20,0,598.0
CUST-06409,2025-07-20,Pro,79.9,15,8,Cartão de Crédito,22,0,1757.8
CUST-06410,2024-05-13,Enterprise,249.9,23,5,Boleto,7,1,1749.3
CUST-06411,2025-02-23,Basic,29.9,12,0,Boleto,22,0,657.8
CUST-06412,2024-04-12,Pro,79.9,0,6,Cartão de Crédito,5,1,399.5
CUST-06413,2025-02-27,Enterprise,249.9,4,1,Pix,8,1,1999.2
CUST-06414,2025-06-05,Basic,29.9,7,1,Boleto,17,0,508.3
CUST-06415,2025-07-18,Basic,29.9,5,1,Boleto,24,0,717.6
CUST-06416,2024-09-27,Enterprise,249.9,9,10,Boleto,2,1,499.8
CUST-06417,2025-03-18,Basic,29.9,12,4,Pix,19,0,568.1
CUST-06418,2024-05-23,Basic,29.9,11,0,Cartão de Crédito,19,0,568.1
CUST-06419,2025-11-30,Pro,79.9,20,1,Cartão de Crédito,13,0,1038.7
CUST-06420,2025-12-09,Basic,29.9,13,1,Boleto,13,0,388.7
CUST-06421,2025-08-14,Basic,29.9,10,9,Pix,13,0,388.7
CUST-06422,2025-07-06,Pro,79.9,5,7,Cartão de Crédito,22,0,1757.8
CUST-06423,2024-04-02,Basic,29.9,11,2,Cartão de Crédito,14,0,418.6
CUST-06424,2025-07-18,Basic,29.9,25,3,Pix,16,0,478.4
CUST-06425,2024-09-21,Enterprise,249.9,29,6,Boleto,2,1,499.8
CUST-06426,2025-12-02,Pro,79.9,1,7,Boleto,12,1,958.8
CUST-06427,2024-02-14,Basic,29.9,3,8,Pix,9,1,269.1
CUST-06428,2024-10-30,Pro,79.9,26,1,Cartão de Crédito,23,0,1837.7
CUST-06429,2024-09-01,Pro,79.9,28,6,Cartão de Crédito,12,1,958.8
CUST-06430,2025-05-04,Pro,79.9,20,9,Boleto,19,0,1518.1
CUST-06431,2024-06-29,Basic,29.9,22,1,Pix,17,0,508.3
CUST-06432,2025-04-08,Pro,79.9,28,9,Pix,22,0,1757.8
CUST-06433,2024-12-27,Pro,79.9,6,8,Cartão de Crédito,22,0,1757.8
CUST-06434,2025-10-29,Pro,79.9,10,2,Pix,14,0,1118.6
CUST-06435,2024-05-21,Enterprise,249.9,12,7,Boleto,6,1,1499.4
CUST-06436,2025-03-17,Basic,29.9,5,8,Cartão de Crédito,5,1,149.5
CUST-06437,2024-04-12,Pro,79.9,19,0,Cartão de Crédito,13,0,1038.7
CUST-06438,2024-08-28,Enterprise,249.9,28,1,Cartão de Crédito,23,0,5747.7
CUST-06439,2025-05-13,Basic,29.9,21,3,Cartão de Crédito,14,0,418.6
CUST-06440,2024-04-18,Enterprise,249.9,19,1,Pix,16,0,3998.4
CUST-06441,2024-03-11,Pro,79.9,10,8,Cartão de Crédito,2,1,159.8
CUST-06442,2024-10-03,Pro,79.9,4,8,Pix,4,1,319.6
CUST-06443,2024-10-09,Basic,29.9,23,4,Pix,18,0,538.2
CUST-06444,2025-01-12,Enterprise,249.9,3,7,Cartão de Crédito,7,1,1749.3
CUST-06445,2025-02-13,Pro,79.9,17,0,Pix,15,0,1198.5
CUST-06446,2025-06-25,Enterprise,249.9,11,6,Boleto,23,0,5747.7
CUST-06447,2024-07-17,Pro,79.9,7,4,Boleto,19,0,1518.1
CUST-06448,2024-02-29,Enterprise,249.9,7,10,Boleto,7,1,1749.3
CUST-06449,2024-07-06,Pro,79.9,10,4,Boleto,2,1,159.8
CUST-06450,2024-07-16,Enterprise,249.9,20,7,Pix,6,1,1499.4
CUST-06451,2024-11-20,Pro,79.9,20,0,Pix,15,0,1198.5
CUST-06452,2025-07-26,Pro,79.9,15,2,Cartão de Crédito,14,0,1118.6
CUST-06453,2024-03-30,Enterprise,249.9,22,5,Cartão de Crédito,22,0,5497.8
CUST-06454,2024-02-14,Pro,79.9,13,8,Cartão de Crédito,8,1,639.2
CUST-06455,2025-08-07,Enterprise,249.9,11,5,Boleto,18,0,4498.2
CUST-06456,2025-10-21,Basic,29.9,7,8,Cartão de Crédito,7,1,209.3
CUST-06457,2025-06-24,Pro,79.9,18,7,Cartão de Crédito,16,0,1278.4
CUST-06458,2024-07-23,Basic,29.9,11,0,Pix,22,0,657.8
CUST-06459,2024-03-17,Basic,29.9,3,1,Cartão de Crédito,5,1,149.5
CUST-06460,2025-08-31,Enterprise,249.9,21,5,Boleto,11,1,2748.9
CUST-06461,2025-01-06,Enterprise,249.9,25,5,Boleto,24,0,5997.6
CUST-06462,2025-08-02,Basic,29.9,12,3,Boleto,17,0,508.3
CUST-06463,2024-07-17,Pro,79.9,19,3,Pix,21,0,1677.9
CUST-06464,2025-06-20,Basic,29.9,7,9,Cartão de Crédito,20,0,598.0
CUST-06465,2025-10-02,Basic,29.9,11,1,Boleto,4,1,119.6
CUST-06466,2024-04-11,Pro,79.9,24,0,Boleto,23,0,1837.7
CUST-06467,2025-03-29,Basic,29.9,3,9,Boleto,4,1,119.6
CUST-06468,2025-11-03,Pro,79.9,1,0,Boleto,9,1,719.1
CUST-06469,2025-07-13,Pro,79.9,5,1,Pix,18,0,1438.2
CUST-06470,2024-12-20,Pro,79.9,24,2,Cartão de Crédito,18,0,1438.2
CUST-06471,2024-08-03,Enterprise,249.9,16,0,Boleto,14,0,3498.6
CUST-06472,2025-08-01,Basic,29.9,13,0,Boleto,17,0,508.3
CUST-06473,2024-04-12,Enterprise,249.9,15,3,Pix,16,0,3998.4
CUST-06474,2025-01-04,Basic,29.9,0,4,Cartão de Crédito,5,1,149.5
CUST-06475,2024-02-25,Pro,79.9,4,3,Pix,7,1,559.3
CUST-06476,2025-07-14,Pro,79.9,17,8,Pix,4,1,319.6
CUST-06477,2024-11-02,Enterprise,249.9,18,9,Pix,17,0,4248.3
CUST-06478,2024-04-05,Enterprise,249.9,24,7,Cartão de Crédito,7,1,1749.3
CUST-06479,2025-03-30,Basic,29.9,14,6,Boleto,11,1,328.9
CUST-06480,2024-02-01,Pro,79.9,18,0,Boleto,20,0,1598.0
CUST-06481,2024-11-19,Enterprise,249.9,0,5,Pix,17,0,4248.3
CUST-06482,2024-08-22,Enterprise,249.9,28,1,Pix,21,0,5247.9
CUST-06483,2025-12-08,Enterprise,249.9,20,4,Cartão de Crédito,3,1,749.7
CUST-06484,2025-11-23,Basic,29.9,24,7,Boleto,21,0,627.9
CUST-06485,2024-05-26,Pro,79.9,29,7,Pix,16,0,1278.4
CUST-06486,2024-06-15,Pro,79.9,24,7,Boleto,4,1,319.6
CUST-06487,2025-02-13,Basic,29.9,10,3,Pix,1,1,29.9
CUST-06488,2025-04-14,Pro,79.9,12,4,Boleto,21,0,1677.9
CUST-06489,2025-03-20,Pro,79.9,25,2,Boleto,17,0,1358.3
CUST-06490,2024-11-19,Pro,79.9,0,5,Pix,14,0,1118.6
CUST-06491,2025-07-15,Pro,79.9,22,8,Boleto,6,1,479.4
CUST-06492,2025-07-20,Pro,79.9,8,6,Boleto,16,0,1278.4
CUST-06493,2025-10-12,Basic,29.9,12,1,Boleto,22,0,657.8
CUST-06494,2025-08-21,Basic,29.9,12,8,Boleto,5,1,149.5
CUST-06495,2024-11-05,Pro,79.9,6,5,Cartão de Crédito,18,0,1438.2
CUST-06496,2025-02-25,Enterprise,249.9,21,1,Pix,14,0,3498.6
CUST-06497,2025-11-24,Pro,79.9,2,5,Cartão de Crédito,15,0,1198.5
CUST-06498,2025-05-18,Pro,79.9,13,9,Pix,24,0,1917.6
CUST-06499,2025-09-27,Enterprise,249.9,19,0,Pix,19,0,4748.1
CUST-06500,2025-04-16,Pro,79.9,11,1,Pix,20,0,1598.0
CUST-06501,2024-08-25,Enterprise,249.9,22,5,Pix,22,0,5497.8
CUST-06502,2025-03-04,Basic,29.9,22,1,Pix,15,0,448.5
CUST-06503,2025-05-24,Pro,79.9,9,2,Pix,12,1,958.8
CUST-06504,2025-06-28,Pro,79.9,14,3,Cartão de Crédito,23,0,1837.7
CUST-06505,2024-02-07,Basic,29.9,1,7,Boleto,1,1,29.9
CUST-06506,2024-06-18,Pro,79.9,10,7,Cartão de Crédito,5,1,399.5
CUST-06507,2025-01-11,Basic,29.9,8,9,Boleto,1,1,29.9
CUST-06508,2025-05-15,Basic,29.9,28,3,Pix,23,0,687.7
CUST-06509,2024-08-18,Basic,29.9,24,3,Pix,14,0,418.6
CUST-06510,2024-11-07,Basic,29.9,22,7,Cartão de Crédito,7,1,209.3
CUST-06511,2024-05-08,Basic,29.9,0,1,Pix,6,1,179.4
CUST-06512,2024-07-05,Enterprise,249.9,25,9,Boleto,16,0,3998.4
CUST-06513,2025-06-12,Pro,79.9,17,10,Boleto,14,0,1118.6
CUST-06514,2025-07-26,Enterprise,249.9,30,7,Boleto,4,1,999.6
CUST-06515,2025-11-02,Enterprise,249.9,2,2,Boleto,22,0,5497.8
CUST-06516,2025-12-21,Basic,29.9,2,5,Cartão de Crédito,7,1,209.3
CUST-06517,2025-03-23,Pro,79.9,5,1,Cartão de Crédito,22,0,1757.8
CUST-06518,2024-11-05,Basic,29.9,1,7,Boleto,1,1,29.9
CUST-06519,2024-01-23,Pro,79.9,26,9,Boleto,21,0,1677.9
CUST-06520,2024-06-30,Basic,29.9,29,6,Cartão de Crédito,19,0,568.1
CUST-06521,2024-06-04,Enterprise,249.9,14,4,Boleto,17,0,4248.3
CUST-06522,2025-09-18,Pro,79.9,17,7,Pix,14,0,1118.6
CUST-06523,2025-09-05,Enterprise,249.9,4,7,Pix,2,1,499.8
CUST-06524,2025-04-01,Enterprise,249.9,10,3,Boleto,16,0,3998.4
CUST-06525,2025-07-31,Pro,79.9,26,1,Cartão de Crédito,24,0,1917.6
CUST-06526,2025-06-16,Basic,29.9,19,0,Boleto,15,0,448.5
CUST-06527,2024-08-06,Enterprise,249.9,30,3,Boleto,20,0,4998.0
CUST-06528,2024-09-22,Basic,29.9,4,6,Cartão de Crédito,19,0,568.1
CUST-06529,2024-01-08,Basic,29.9,27,5,Cartão de Crédito,19,0,568.1
CUST-06530,2024-10-08,Pro,79.9,20,0,Pix,21,0,1677.9
CUST-06531,2025-04-25,Basic,29.9,5,7,Cartão de Crédito,15,0,448.5
CUST-06532,2025-02-06,Basic,29.9,4,2,Boleto,22,0,657.8
CUST-06533,2024-04-10,Pro,79.9,24,2,Pix,16,0,1278.4
CUST-06534,2024-07-13,Enterprise,249.9,19,4,Cartão de Crédito,7,1,1749.3
CUST-06535,2024-05-03,Basic,29.9,14,2,Cartão de Crédito,9,1,269.1
CUST-06536,2024-01-28,Enterprise,249.9,16,1,Cartão de Crédito,21,0,5247.9
CUST-06537,2025-04-23,Enterprise,249.9,20,1,Cartão de Crédito,21,0,5247.9
CUST-06538,2025-07-30,Basic,29.9,8,5,Boleto,17,0,508.3
CUST-06539,2025-02-16,Pro,79.9,10,1,Cartão de Crédito,22,0,1757.8
CUST-06540,2025-11-06,Basic,29.9,30,2,Boleto,21,0,627.9
CUST-06541,2025-09-11,Pro,79.9,9,6,Cartão de Crédito,5,1,399.5
CUST-06542,2025-02-03,Enterprise,249.9,0,9,Pix,9,1,2249.1
CUST-06543,2025-12-21,Pro,79.9,23,4,Cartão de Crédito,10,1,799.0
CUST-06544,2025-01-26,Pro,79.9,20,9,Pix,15,0,1198.5
CUST-06545,2024-04-04,Basic,29.9,7,10,Pix,2,1,59.8
CUST-06546,2024-04-30,Basic,29.9,12,9,Boleto,11,1,328.9
CUST-06547,2025-11-25,Basic,29.9,2,0,Boleto,4,1,119.6
CUST-06548,2025-11-02,Basic,29.9,15,3,Boleto,22,0,657.8
CUST-06549,2024-05-12,Enterprise,249.9,22,4,Boleto,22,0,5497.8
CUST-06550,2025-03-04,Enterprise,249.9,1,0,Cartão de Crédito,4,1,999.6
CUST-06551,2025-05-31,Basic,29.9,11,1,Pix,19,0,568.1
CUST-06552,2025-04-03,Pro,79.9,4,1,Boleto,16,0,1278.4
CUST-06553,2025-01-12,Enterprise,249.9,7,10,Boleto,16,0,3998.4
CUST-06554,2025-04-14,Basic,29.9,16,6,Boleto,7,1,209.3
CUST-06555,2024-07-09,Enterprise,249.9,21,0,Cartão de Crédito,20,0,4998.0
CUST-06556,2024-10-15,Enterprise,249.9,30,1,Boleto,23,0,5747.7
CUST-06557,2024-11-19,Basic,29.9,15,3,Boleto,18,0,538.2
CUST-06558,2024-03-27,Basic,29.9,14,2,Pix,18,0,538.2
CUST-06559,2025-06-17,Basic,29.9,8,5,Cartão de Crédito,17,0,508.3
CUST-06560,2025-06-04,Enterprise,249.9,14,3,Pix,19,0,4748.1
CUST-06561,2025-11-08,Enterprise,249.9,19,2,Cartão de Crédito,20,0,4998.0
CUST-06562,2024-10-27,Pro,79.9,18,9,Cartão de Crédito,18,0,1438.2
CUST-06563,2025-07-28,Pro,79.9,19,7,Boleto,18,0,1438.2
CUST-06564,2025-12-24,Enterprise,249.9,24,3,Boleto,23,0,5747.7
CUST-06565,2024-09-25,Basic,29.9,20,8,Boleto,17,0,508.3
CUST-06566,2024-05-31,Basic,29.9,18,7,Boleto,9,1,269.1
CUST-06567,2024-03-17,Pro,79.9,1,1,Cartão de Crédito,1,1,79.9
CUST-06568,2024-03-28,Pro,79.9,10,3,Boleto,14,0,1118.6
CUST-06569,2024-10-22,Basic,29.9,30,3,Pix,14,0,418.6
CUST-06570,2025-05-07,Enterprise,249.9,18,10,Pix,20,0,4998.0
CUST-06571,2025-12-20,Pro,79.9,7,2,Pix,19,0,1518.1
CUST-06572,2024-08-23,Enterprise,249.9,25,5,Pix,20,0,4998.0
CUST-06573,2024-10-27,Enterprise,249.9,2,1,Cartão de Crédito,6,1,1499.4
CUST-06574,2024-11-19,Pro,79.9,6,4,Boleto,21,0,1677.9
CUST-06575,2025-04-21,Enterprise,249.9,19,2,Boleto,20,0,4998.0
CUST-06576,2024-12-23,Enterprise,249.9,30,10,Pix,8,1,1999.2
CUST-06577,2024-05-31,Basic,29.9,20,10,Pix,14,0,418.6
CUST-06578,2025-05-02,Pro,79.9,17,1,Boleto,22,0,1757.8
CUST-06579,2025-03-27,Pro,79.9,23,2,Cartão de Crédito,23,0,1837.7
CUST-06580,2025-01-19,Basic,29.9,26,2,Cartão de Crédito,6,1,179.4
CUST-06581,2024-02-29,Basic,29.9,29,2,Boleto,18,0,538.2
CUST-06582,2024-04-22,Pro,79.9,4,1,Pix,24,0,1917.6
CUST-06583,2025-06-29,Pro,79.9,0,6,Cartão de Crédito,11,1,878.9
CUST-06584,2025-11-02,Basic,29.9,21,4,Pix,21,0,627.9
CUST-06585,2024-01-04,Basic,29.9,17,3,Cartão de Crédito,23,0,687.7
CUST-06586,2025-12-08,Basic,29.9,11,1,Pix,22,0,657.8
CUST-06587,2025-09-02,Pro,79.9,22,7,Boleto,21,0,1677.9
CUST-06588,2024-06-10,Enterprise,249.9,2,0,Pix,8,1,1999.2
CUST-06589,2025-07-03,Enterprise,249.9,28,7,Boleto,10,1,2499.0
CUST-06590,2025-05-04,Enterprise,249.9,14,9,Boleto,3,1,749.7
CUST-06591,2024-07-10,Enterprise,249.9,0,0,Cartão de Crédito,2,1,499.8
CUST-06592,2024-01-04,Enterprise,249.9,9,8,Pix,22,0,5497.8
CUST-06593,2024-09-06,Enterprise,249.9,28,7,Pix,21,0,5247.9
CUST-06594,2025-08-26,Enterprise,249.9,11,2,Cartão de Crédito,23,0,5747.7
CUST-06595,2025-05-20,Pro,79.9,26,1,Boleto,17,0,1358.3
CUST-06596,2025-03-01,Pro,79.9,13,8,Pix,12,1,958.8
CUST-06597,2024-01-01,Pro,79.9,20,6,Boleto,4,1,319.6
CUST-06598,2025-03-20,Basic,29.9,26,4,Boleto,24,0,717.6
CUST-06599,2025-10-16,Basic,29.9,7,1,Boleto,19,0,568.1
CUST-06600,2025-01-07,Basic,29.9,18,3,Cartão de Crédito,18,0,538.2
CUST-06601,2025-02-22,Basic,29.9,27,5,Pix,4,1,119.6
CUST-06602,2025-12-14,Basic,29.9,13,0,Pix,19,0,568.1
CUST-06603,2024-07-19,Pro,79.9,17,8,Pix,11,1,878.9
CUST-06604,2025-07-23,Enterprise,249.9,13,4,Boleto,22,0,5497.8
CUST-06605,2025-04-15,Pro,79.9,19,7,Boleto,11,1,878.9
CUST-06606,2024-07-25,Enterprise,249.9,9,4,Boleto,19,0,4748.1
CUST-06607,2025-12-28,Enterprise,249.9,28,3,Cartão de Crédito,18,0,4498.2
CUST-06608,2024-05-21,Basic,29.9,25,3,Cartão de Crédito,14,0,418.6
CUST-06609,2025-10-03,Enterprise,249.9,18,0,Cartão de Crédito,18,0,4498.2
CUST-06610,2024-12-17,Pro,79.9,12,1,Boleto,16,0,1278.4
CUST-06611,2025-10-13,Enterprise,249.9,5,7,Cartão de Crédito,14,0,3498.6
CUST-06612,2025-11-05,Pro,79.9,27,10,Boleto,4,1,319.6
CUST-06613,2025-03-16,Enterprise,249.9,8,7,Boleto,21,0,5247.9
CUST-06614,2025-08-21,Enterprise,249.9,6,1,Pix,20,0,4998.0
CUST-06615,2024-11-04,Pro,79.9,15,5,Cartão de Crédito,24,0,1917.6
CUST-06616,2024-08-03,Pro,79.9,3,9,Cartão de Crédito,19,0,1518.1
CUST-06617,2025-05-03,Basic,29.9,24,2,Boleto,20,0,598.0
CUST-06618,2024-11-01,Basic,29.9,11,10,Pix,5,1,149.5
CUST-06619,2025-03-18,Basic,29.9,14,4,Pix,14,0,418.6
CUST-06620,2025-03-10,Basic,29.9,8,5,Boleto,22,0,657.8
CUST-06621,2024-02-27,Enterprise,249.9,7,5,Cartão de Crédito,21,0,5247.9
CUST-06622,2025-02-02,Pro,79.9,0,4,Cartão de Crédito,7,1,559.3
CUST-06623,2024-12-07,Enterprise,249.9,6,10,Pix,22,0,5497.8
CUST-06624,2024-11-05,Pro,79.9,28,4,Pix,15,0,1198.5
CUST-06625,2024-04-01,Enterprise,249.9,12,6,Cartão de Crédito,21,0,5247.9
CUST-06626,2024-04-01,Enterprise,249.9,6,10,Cartão de Crédito,20,0,4998.0
CUST-06627,2025-02-12,Enterprise,249.9,8,1,Pix,23,0,5747.7
CUST-06628,2024-07-20,Pro,79.9,14,4,Cartão de Crédito,16,0,1278.4
CUST-06629,2024-10-10,Basic,29.9,26,5,Boleto,15,0,448.5
CUST-06630,2024-08-17,Pro,79.9,2,9,Boleto,3,1,239.7
CUST-06631,2024-03-17,Basic,29.9,7,6,Pix,22,0,657.8
CUST-06632,2025-05-07,Enterprise,249.9,25,9,Boleto,17,0,4248.3
CUST-06633,2025-01-22,Basic,29.9,18,1,Cartão de Crédito,17,0,508.3
CUST-06634,2025-12-20,Enterprise,249.9,20,6,Pix,9,1,2249.1
CUST-06635,2024-05-20,Enterprise,249.9,13,3,Cartão de Crédito,21,0,5247.9
CUST-06636,2024-01-26,Enterprise,249.9,19,0,Cartão de Crédito,21,0,5247.9
CUST-06637,2024-02-02,Pro,79.9,26,4,Pix,15,0,1198.5
CUST-06638,2025-09-28,Enterprise,249.9,11,2,Boleto,22,0,5497.8
CUST-06639,2025-01-09,Pro,79.9,8,7,Cartão de Crédito,24,0,1917.6
CUST-06640,2024-02-06,Pro,79.9,17,2,Pix,14,0,1118.6
CUST-06641,2025-01-29,Basic,29.9,29,5,Pix,17,0,508.3
CUST-06642,2025-08-24,Basic,29.9,13,6,Pix,21,0,627.9
CUST-06643,2024-11-29,Basic,29.9,30,4,Cartão de Crédito,20,0,598.0
CUST-06644,2024-05-29,Enterprise,249.9,28,4,Cartão de Crédito,17,0,4248.3
CUST-06645,2025-07-05,Basic,29.9,5,3,Boleto,20,0,598.0
CUST-06646,2024-02-10,Enterprise,249.9,29,0,Cartão de Crédito,23,0,5747.7
CUST-06647,2025-04-25,Basic,29.9,13,3,Pix,14,0,418.6
CUST-06648,2024-06-24,Basic,29.9,8,10,Cartão de Crédito,22,0,657.8
CUST-06649,2024-09-15,Pro,79.9,4,5,Pix,16,0,1278.4
CUST-06650,2024-03-30,Basic,29.9,24,4,Cartão de Crédito,18,0,538.2
CUST-06651,2025-12-13,Enterprise,249.9,20,7,Boleto,6,1,1499.4
CUST-06652,2024-08-22,Pro,79.9,23,4,Boleto,21,0,1677.9
CUST-06653,2024-04-01,Basic,29.9,21,5,Cartão de Crédito,20,0,598.0
CUST-06654,2024-06-29,Basic,29.9,13,5,Pix,17,0,508.3
CUST-06655,2024-03-11,Pro,79.9,23,7,Cartão de Crédito,23,0,1837.7
CUST-06656,2025-01-25,Pro,79.9,2,9,Cartão de Crédito,1,1,79.9
CUST-06657,2024-01-05,Pro,79.9,6,0,Cartão de Crédito,15,0,1198.5
CUST-06658,2024-01-13,Pro,79.9,18,10,Pix,19,0,1518.1
CUST-06659,2024-10-20,Enterprise,249.9,19,0,Cartão de Crédito,24,0,5997.6
CUST-06660,2025-03-19,Enterprise,249.9,18,2,Boleto,10,1,2499.0
CUST-06661,2024-09-18,Basic,29.9,3,9,Boleto,3,1,89.7
CUST-06662,2025-07-07,Enterprise,249.9,13,2,Boleto,24,0,5997.6
CUST-06663,2025-08-06,Basic,29.9,22,4,Boleto,13,0,388.7
CUST-06664,2025-09-27,Enterprise,249.9,20,9,Pix,21,0,5247.9
CUST-06665,2025-08-14,Basic,29.9,11,6,Pix,17,0,508.3
CUST-06666,2025-08-03,Enterprise,249.9,22,3,Boleto,18,0,4498.2
CUST-06667,2025-06-04,Enterprise,249.9,13,2,Boleto,13,0,3248.7
CUST-06668,2024-02-29,Enterprise,249.9,25,9,Boleto,9,1,2249.1
CUST-06669,2025-10-06,Basic,29.9,16,10,Pix,12,1,358.8
CUST-06670,2025-10-12,Basic,29.9,16,7,Boleto,18,0,538.2
CUST-06671,2024-05-30,Basic,29.9,24,0,Boleto,21,0,627.9
CUST-06672,2025-05-13,Enterprise,249.9,28,3,Cartão de Crédito,21,0,5247.9
CUST-06673,2025-05-07,Pro,79.9,4,7,Pix,1,1,79.9
CUST-06674,2025-09-16,Pro,79.9,19,8,Boleto,6,1,479.4
CUST-06675,2025-08-26,Pro,79.9,12,3,Pix,20,0,1598.0
CUST-06676,2024-06-07,Basic,29.9,16,0,Pix,23,0,687.7
CUST-06677,2025-12-18,Enterprise,249.9,29,4,Pix,1,1,249.9
CUST-06678,2025-09-10,Basic,29.9,10,2,Pix,14,0,418.6
CUST-06679,2024-03-26,Enterprise,249.9,6,3,Boleto,21,0,5247.9
CUST-06680,2025-12-20,Basic,29.9,24,5,Cartão de Crédito,20,0,598.0
CUST-06681,2024-02-29,Basic,29.9,14,3,Cartão de Crédito,24,0,717.6
CUST-06682,2024-12-22,Basic,29.9,5,1,Pix,18,0,538.2
CUST-06683,2025-05-01,Basic,29.9,1,2,Boleto,2,1,59.8
CUST-06684,2024-01-27,Basic,29.9,21,3,Cartão de Crédito,24,0,717.6
CUST-06685,2024-11-14,Basic,29.9,25,0,Boleto,14,0,418.6
CUST-06686,2024-06-29,Enterprise,249.9,9,10,Cartão de Crédito,4,1,999.6
CUST-06687,2024-04-30,Basic,29.9,5,10,Pix,20,0,598.0
CUST-06688,2025-05-04,Enterprise,249.9,7,1,Cartão de Crédito,18,0,4498.2
CUST-06689,2024-07-30,Pro,79.9,1,2,Cartão de Crédito,14,0,1118.6
CUST-06690,2025-09-18,Pro,79.9,24,2,Boleto,16,0,1278.4
CUST-06691,2025-05-04,Pro,79.9,2,5,Boleto,3,1,239.7
CUST-06692,2025-05-14,Enterprise,249.9,27,9,Cartão de Crédito,24,0,5997.6
CUST-06693,2024-03-19,Enterprise,249.9,21,10,Pix,18,0,4498.2
CUST-06694,2025-07-07,Basic,29.9,21,7,Cartão de Crédito,20,0,598.0
CUST-06695,2024-11-20,Pro,79.9,19,9,Boleto,23,0,1837.7
CUST-06696,2025-07-08,Pro,79.9,25,2,Pix,21,0,1677.9
CUST-06697,2025-01-13,Pro,79.9,9,2,Cartão de Crédito,21,0,1677.9
CUST-06698,2025-12-06,Pro,79.9,9,2,Boleto,18,0,1438.2
CUST-06699,2024-07-09,Pro,79.9,9,9,Pix,3,1,239.7
CUST-06700,2024-07-24,Basic,29.9,10,9,Boleto,14,0,418.6
CUST-06701,2025-10-22,Basic,29.9,23,8,Boleto,23,0,687.7
CUST-06702,2024-10-21,Basic,29.9,26,9,Boleto,8,1,239.2
CUST-06703,2024-01-21,Basic,29.9,4,9,Boleto,10,1,299.0
CUST-06704,2024-02-26,Basic,29.9,18,5,Cartão de Crédito,19,0,568.1
CUST-06705,2024-10-17,Pro,79.9,23,9,Cartão de Crédito,24,0,1917.6
CUST-06706,2024-03-17,Basic,29.9,29,7,Cartão de Crédito,24,0,717.6
CUST-06707,2025-03-23,Pro,79.9,27,10,Cartão de Crédito,19,0,1518.1
CUST-06708,2025-07-03,Basic,29.9,27,1,Pix,14,0,418.6
CUST-06709,2025-07-11,Pro,79.9,5,8,Boleto,14,0,1118.6
CUST-06710,2024-05-09,Basic,29.9,25,8,Boleto,18,0,538.2
CUST-06711,2025-11-30,Enterprise,249.9,0,1,Cartão de Crédito,11,1,2748.9
CUST-06712,2025-05-10,Basic,29.9,12,9,Cartão de Crédito,1,1,29.9
CUST-06713,2025-02-21,Pro,79.9,3,0,Pix,20,0,1598.0
CUST-06714,2025-10-26,Pro,79.9,15,7,Cartão de Crédito,5,1,399.5
CUST-06715,2024-10-22,Pro,79.9,14,2,Pix,16,0,1278.4
CUST-06716,2025-04-26,Enterprise,249.9,0,3,Cartão de Crédito,3,1,749.7
CUST-06717,2024-07-07,Enterprise,249.9,18,6,Boleto,17,0,4248.3
CUST-06718,2024-07-14,Enterprise,249.9,10,10,Cartão de Crédito,16,0,3998.4
CUST-06719,2024-02-25,Basic,29.9,18,6,Pix,16,0,478.4
CUST-06720,2024-09-28,Enterprise,249.9,16,6,Pix,2,1,499.8
CUST-06721,2025-06-15,Pro,79.9,21,9,Boleto,21,0,1677.9
CUST-06722,2024-05-17,Enterprise,249.9,12,5,Pix,24,0,5997.6
CUST-06723,2024-03-22,Basic,29.9,20,2,Pix,13,0,388.7
CUST-06724,2025-09-26,Basic,29.9,21,2,Pix,11,1,328.9
CUST-06725,2025-06-27,Enterprise,249.9,16,10,Cartão de Crédito,12,1,2998.8
CUST-06726,2024-03-24,Enterprise,249.9,2,10,Pix,1,1,249.9
CUST-06727,2024-01-07,Enterprise,249.9,16,4,Cartão de Crédito,21,0,5247.9
CUST-06728,2024-08-05,Basic,29.9,28,7,Cartão de Crédito,16,0,478.4
CUST-06729,2025-07-30,Basic,29.9,5,9,Cartão de Crédito,5,1,149.5
CUST-06730,2024-02-07,Enterprise,249.9,27,9,Boleto,17,0,4248.3
CUST-06731,2025-12-11,Basic,29.9,6,2,Cartão de Crédito,19,0,568.1
CUST-06732,2025-08-03,Basic,29.9,25,8,Cartão de Crédito,16,0,478.4
CUST-06733,2024-12-31,Enterprise,249.9,17,0,Pix,18,0,4498.2
CUST-06734,2025-04-26,Enterprise,249.9,21,4,Cartão de Crédito,18,0,4498.2
CUST-06735,2024-08-14,Pro,79.9,8,7,Boleto,2,1,159.8
CUST-06736,2025-09-24,Pro,79.9,0,9,Cartão de Crédito,8,1,639.2
CUST-06737,2025-05-23,Basic,29.9,7,6,Boleto,5,1,149.5
CUST-06738,2025-05-18,Enterprise,249.9,8,7,Cartão de Crédito,16,0,3998.4
CUST-06739,2024-12-10,Enterprise,249.9,1,10,Cartão de Crédito,8,1,1999.2
CUST-06740,2024-03-01,Enterprise,249.9,29,7,Pix,3,1,749.7
CUST-06741,2024-12-30,Enterprise,249.9,21,3,Pix,24,0,5997.6
CUST-06742,2024-10-06,Basic,29.9,27,8,Boleto,15,0,448.5
CUST-06743,2024-04-11,Enterprise,249.9,14,2,Boleto,20,0,4998.0
CUST-06744,2024-03-22,Enterprise,249.9,16,7,Boleto,20,0,4998.0
CUST-06745,2024-12-23,Enterprise,249.9,7,2,Pix,23,0,5747.7
CUST-06746,2025-08-15,Enterprise,249.9,24,2,Boleto,24,0,5997.6
CUST-06747,2024-06-11,Basic,29.9,18,9,Boleto,7,1,209.3
CUST-06748,2024-11-09,Basic,29.9,28,2,Boleto,20,0,598.0
CUST-06749,2024-08-23,Pro,79.9,2,6,Boleto,19,0,1518.1
CUST-06750,2025-12-26,Enterprise,249.9,15,3,Pix,21,0,5247.9
CUST-06751,2024-01-29,Basic,29.9,10,9,Boleto,15,0,448.5
CUST-06752,2024-02-28,Basic,29.9,9,10,Cartão de Crédito,20,0,598.0
CUST-06753,2024-06-22,Enterprise,249.9,22,2,Boleto,17,0,4248.3
CUST-06754,2024-10-12,Pro,79.9,27,9,Boleto,14,0,1118.6
CUST-06755,2025-08-01,Pro,79.9,25,0,Cartão de Crédito,20,0,1598.0
CUST-06756,2025-09-01,Pro,79.9,3,1,Cartão de Crédito,18,0,1438.2
CUST-06757,2025-05-28,Pro,79.9,9,3,Pix,20,0,1598.0
CUST-06758,2025-11-16,Enterprise,249.9,25,7,Boleto,23,0,5747.7
CUST-06759,2025-05-05,Pro,79.9,0,5,Pix,20,0,1598.0
CUST-06760,2025-07-20,Pro,79.9,19,5,Boleto,24,0,1917.6
CUST-06761,2024-08-18,Pro,79.9,8,5,Pix,17,0,1358.3
CUST-06762,2024-03-18,Enterprise,249.9,30,2,Boleto,13,0,3248.7
CUST-06763,2025-12-06,Enterprise,249.9,16,5,Boleto,13,0,3248.7
CUST-06764,2024-05-19,Pro,79.9,16,4,Cartão de Crédito,16,0,1278.4
CUST-06765,2025-02-21,Basic,29.9,20,7,Boleto,22,0,657.8
CUST-06766,2024-06-24,Basic,29.9,0,4,Boleto,8,1,239.2
CUST-06767,2024-08-01,Basic,29.9,19,5,Boleto,17,0,508.3
CUST-06768,2025-11-06,Pro,79.9,13,3,Pix,15,0,1198.5
CUST-06769,2024-01-04,Enterprise,249.9,25,7,Pix,9,1,2249.1
CUST-06770,2024-10-27,Pro,79.9,20,0,Boleto,22,0,1757.8
CUST-06771,2024-03-15,Enterprise,249.9,2,4,Boleto,20,0,4998.0
CUST-06772,2024-06-04,Enterprise,249.9,9,4,Cartão de Crédito,22,0,5497.8
CUST-06773,2025-03-13,Enterprise,249.9,7,0,Cartão de Crédito,3,1,749.7
CUST-06774,2024-10-31,Basic,29.9,19,1,Boleto,19,0,568.1
CUST-06775,2025-03-29,Pro,79.9,24,6,Boleto,9,1,719.1
CUST-06776,2024-09-18,Enterprise,249.9,23,6,Boleto,22,0,5497.8
CUST-06777,2024-04-03,Enterprise,249.9,12,0,Pix,13,0,3248.7
CUST-06778,2025-07-24,Pro,79.9,30,1,Pix,17,0,1358.3
CUST-06779,2024-08-21,Enterprise,249.9,21,6,Cartão de Crédito,15,0,3748.5
CUST-06780,2024-03-23,Enterprise,249.9,7,3,Boleto,2,1,499.8
CUST-06781,2025-08-22,Pro,79.9,17,5,Cartão de Crédito,14,0,1118.6
CUST-06782,2025-02-17,Pro,79.9,26,5,Boleto,22,0,1757.8
CUST-06783,2025-02-22,Enterprise,249.9,12,10,Cartão de Crédito,9,1,2249.1
CUST-06784,2025-11-24,Pro,79.9,30,7,Cartão de Crédito,4,1,319.6
CUST-06785,2025-06-23,Enterprise,249.9,16,0,Pix,18,0,4498.2
CUST-06786,2024-09-30,Enterprise,249.9,26,8,Pix,1,1,249.9
CUST-06787,2025-10-03,Enterprise,249.9,4,9,Pix,9,1,2249.1
CUST-06788,2025-01-28,Basic,29.9,7,8,Pix,16,0,478.4
CUST-06789,2025-12-01,Basic,29.9,27,0,Cartão de Crédito,20,0,598.0
CUST-06790,2025-07-15,Pro,79.9,2,5,Cartão de Crédito,12,1,958.8
CUST-06791,2024-10-26,Enterprise,249.9,12,5,Cartão de Crédito,20,0,4998.0
CUST-06792,2024-05-16,Enterprise,249.9,2,8,Cartão de Crédito,8,1,1999.2
CUST-06793,2025-09-26,Enterprise,249.9,5,2,Boleto,23,0,5747.7
CUST-06794,2024-03-25,Basic,29.9,30,10,Cartão de Crédito,2,1,59.8
CUST-06795,2024-10-30,Pro,79.9,29,1,Pix,19,0,1518.1
CUST-06796,2024-11-16,Enterprise,249.9,5,5,Cartão de Crédito,20,0,4998.0
CUST-06797,2025-04-15,Basic,29.9,22,2,Pix,16,0,478.4
CUST-06798,2024-02-15,Pro,79.9,28,10,Cartão de Crédito,23,0,1837.7
CUST-06799,2024-11-03,Basic,29.9,29,9,Cartão de Crédito,2,1,59.8
CUST-06800,2025-10-22,Enterprise,249.9,14,8,Boleto,21,0,5247.9
CUST-06801,2024-04-28,Enterprise,249.9,11,9,Boleto,18,0,4498.2
CUST-06802,2024-02-08,Pro,79.9,25,4,Cartão de Crédito,19,0,1518.1
CUST-06803,2025-03-12,Basic,29.9,4,9,Boleto,9,1,269.1
CUST-06804,2025-04-23,Basic,29.9,10,10,Pix,5,1,149.5
CUST-06805,2025-05-10,Enterprise,249.9,1,6,Cartão de Crédito,16,0,3998.4
CUST-06806,2025-02-14,Enterprise,249.9,20,9,Boleto,21,0,5247.9
CUST-06807,2025-04-21,Basic,29.9,27,1,Pix,15,0,448.5
CUST-06808,2024-08-13,Enterprise,249.9,10,6,Boleto,8,1,1999.2
CUST-06809,2024-11-23,Enterprise,249.9,22,1,Cartão de Crédito,16,0,3998.4
CUST-06810,2024-05-03,Pro,79.9,25,4,Boleto,17,0,1358.3
CUST-06811,2024-01-23,Pro,79.9,19,7,Boleto,13,0,1038.7
CUST-06812,2024-07-12,Pro,79.9,0,5,Pix,22,0,1757.8
CUST-06813,2025-10-10,Enterprise,249.9,25,3,Pix,4,1,999.6
CUST-06814,2025-02-22,Pro,79.9,5,10,Boleto,10,1,799.0
CUST-06815,2025-05-27,Pro,79.9,5,2,Boleto,20,0,1598.0
CUST-06816,2024-01-27,Enterprise,249.9,23,7,Cartão de Crédito,16,0,3998.4
CUST-06817,2025-03-14,Enterprise,249.9,1,4,Pix,9,1,2249.1
CUST-06818,2025-06-15,Enterprise,249.9,16,7,Boleto,18,0,4498.2
CUST-06819,2024-09-06,Enterprise,249.9,18,1,Pix,19,0,4748.1
CUST-06820,2025-11-02,Pro,79.9,7,0,Pix,24,0,1917.6
CUST-06821,2024-07-30,Basic,29.9,17,1,Cartão de Crédito,18,0,538.2
CUST-06822,2024-04-15,Enterprise,249.9,4,4,Cartão de Crédito,17,0,4248.3
CUST-06823,2025-07-13,Pro,79.9,4,4,Cartão de Crédito,19,0,1518.1
CUST-06824,2025-02-15,Pro,79.9,1,7,Pix,7,1,559.3
CUST-06825,2025-09-20,Basic,29.9,4,2,Pix,14,0,418.6
CUST-06826,2025-04-04,Pro,79.9,1,6,Pix,6,1,479.4
CUST-06827,2024-11-02,Basic,29.9,8,7,Boleto,18,0,538.2
CUST-06828,2024-10-05,Enterprise,249.9,20,5,Cartão de Crédito,24,0,5997.6
CUST-06829,2025-04-10,Enterprise,249.9,22,10,Boleto,14,0,3498.6
CUST-06830,2025-01-29,Basic,29.9,10,10,Pix,19,0,568.1
CUST-06831,2025-01-15,Pro,79.9,11,5,Pix,19,0,1518.1
CUST-06832,2025-02-21,Pro,79.9,25,7,Boleto,6,1,479.4
CUST-06833,2024-08-15,Enterprise,249.9,11,4,Boleto,4,1,999.6
CUST-06834,2024-06-08,Basic,29.9,14,0,Pix,24,0,717.6
CUST-06835,2025-05-26,Pro,79.9,16,2,Pix,22,0,1757.8
CUST-06836,2025-09-17,Enterprise,249.9,22,1,Boleto,21,0,5247.9
CUST-06837,2024-09-07,Pro,79.9,3,2,Cartão de Crédito,18,0,1438.2
CUST-06838,2024-12-24,Enterprise,249.9,6,2,Pix,13,0,3248.7
CUST-06839,2025-08-06,Pro,79.9,25,10,Cartão de Crédito,21,0,1677.9
CUST-06840,2025-12-04,Pro,79.9,21,2,Pix,7,1,559.3
CUST-06841,2025-11-21,Basic,29.9,12,3,Pix,17,0,508.3
CUST-06842,2024-12-18,Basic,29.9,3,1,Boleto,24,0,717.6
CUST-06843,2024-01-26,Enterprise,249.9,2,9,Cartão de Crédito,13,0,3248.7
CUST-06844,2024-07-07,Basic,29.9,13,9,Pix,19,0,568.1
CUST-06845,2025-10-06,Pro,79.9,13,5,Boleto,14,0,1118.6
CUST-06846,2024-04-02,Pro,79.9,17,4,Cartão de Crédito,6,1,479.4
CUST-06847,2024-05-23,Enterprise,249.9,19,2,Boleto,24,0,5997.6
CUST-06848,2024-12-13,Enterprise,249.9,26,3,Pix,18,0,4498.2
CUST-06849,2025-06-28,Enterprise,249.9,26,8,Cartão de Crédito,23,0,5747.7
CUST-06850,2024-07-24,Pro,79.9,12,6,Pix,19,0,1518.1
CUST-06851,2025-08-15,Enterprise,249.9,26,7,Boleto,15,0,3748.5
CUST-06852,2024-09-12,Basic,29.9,1,10,Boleto,5,1,149.5
CUST-06853,2024-06-02,Basic,29.9,0,10,Pix,13,0,388.7
CUST-06854,2025-03-02,Enterprise,249.9,21,8,Cartão de Crédito,17,0,4248.3
CUST-06855,2024-09-04,Enterprise,249.9,15,10,Pix,14,0,3498.6
CUST-06856,2024-01-17,Basic,29.9,24,1,Boleto,21,0,627.9
CUST-06857,2024-03-06,Pro,79.9,12,3,Pix,22,0,1757.8
CUST-06858,2025-10-13,Pro,79.9,25,5,Pix,21,0,1677.9
CUST-06859,2024-12-08,Basic,29.9,14,8,Cartão de Crédito,4,1,119.6
CUST-06860,2025-12-11,Basic,29.9,0,10,Pix,2,1,59.8
CUST-06861,2025-02-11,Pro,79.9,27,5,Cartão de Crédito,23,0,1837.7
CUST-06862,2024-09-27,Basic,29.9,26,5,Boleto,14,0,418.6
CUST-06863,2024-01-02,Pro,79.9,13,6,Boleto,7,1,559.3
CUST-06864,2024-01-06,Enterprise,249.9,14,2,Pix,21,0,5247.9
CUST-06865,2025-04-20,Basic,29.9,3,10,Pix,8,1,239.2
CUST-06866,2024-09-25,Pro,79.9,13,5,Pix,14,0,1118.6
CUST-06867,2024-06-06,Pro,79.9,17,1,Cartão de Crédito,20,0,1598.0
CUST-06868,2024-08-19,Basic,29.9,0,4,Pix,18,0,538.2
CUST-06869,2025-03-29,Pro,79.9,15,3,Cartão de Crédito,13,0,1038.7
CUST-06870,2025-10-23,Pro,79.9,13,5,Cartão de Crédito,24,0,1917.6
CUST-06871,2024-09-14,Basic,29.9,5,7,Cartão de Crédito,22,0,657.8
CUST-06872,2025-12-31,Pro,79.9,21,3,Cartão de Crédito,19,0,1518.1
CUST-06873,2025-08-14,Pro,79.9,24,7,Boleto,16,0,1278.4
CUST-06874,2024-03-07,Pro,79.9,20,3,Boleto,19,0,1518.1
CUST-06875,2025-06-29,Enterprise,249.9,8,9,Boleto,4,1,999.6
CUST-06876,2025-09-28,Pro,79.9,5,4,Cartão de Crédito,18,0,1438.2
CUST-06877,2024-12-04,Pro,79.9,11,7,Pix,3,1,239.7
CUST-06878,2024-09-03,Enterprise,249.9,2,0,Cartão de Crédito,3,1,749.7
CUST-06879,2025-02-01,Pro,79.9,28,5,Boleto,3,1,239.7
CUST-06880,2025-10-11,Enterprise,249.9,6,1,Boleto,13,0,3248.7
CUST-06881,2025-10-01,Enterprise,249.9,0,0,Boleto,4,1,999.6
CUST-06882,2024-03-21,Basic,29.9,25,7,Boleto,16,0,478.4
CUST-06883,2024-05-13,Enterprise,249.9,30,2,Cartão de Crédito,11,1,2748.9
CUST-06884,2024-07-29,Pro,79.9,1,2,Boleto,7,1,559.3
CUST-06885,2024-12-03,Pro,79.9,19,7,Cartão de Crédito,17,0,1358.3
CUST-06886,2025-07-07,Enterprise,249.9,25,3,Pix,20,0,4998.0
CUST-06887,2025-04-17,Enterprise,249.9,7,7,Boleto,22,0,5497.8
CUST-06888,2024-07-12,Enterprise,249.9,25,4,Pix,16,0,3998.4
CUST-06889,2024-03-05,Enterprise,249.9,22,5,Boleto,15,0,3748.5
CUST-06890,2024-12-12,Basic,29.9,11,7,Boleto,16,0,478.4
CUST-06891,2024-07-17,Enterprise,249.9,3,7,Cartão de Crédito,10,1,2499.0
CUST-06892,2024-09-18,Pro,79.9,19,0,Boleto,19,0,1518.1
CUST-06893,2025-01-14,Basic,29.9,26,1,Cartão de Crédito,20,0,598.0
CUST-06894,2025-01-18,Basic,29.9,14,1,Pix,17,0,508.3
CUST-06895,2025-08-15,Enterprise,249.9,11,3,Boleto,20,0,4998.0
CUST-06896,2024-11-25,Pro,79.9,4,8,Pix,7,1,559.3
CUST-06897,2024-09-22,Basic,29.9,20,7,Boleto,13,0,388.7
CUST-06898,2024-06-04,Enterprise,249.9,6,6,Pix,21,0,5247.9
CUST-06899,2024-01-30,Enterprise,249.9,22,3,Pix,18,0,4498.2
CUST-06900,2024-04-03,Pro,79.9,4,5,Boleto,23,0,1837.7
CUST-06901,2025-08-07,Basic,29.9,28,8,Pix,15,0,448.5
CUST-06902,2025-05-07,Enterprise,249.9,9,0,Cartão de Crédito,20,0,4998.0
CUST-06903,2024-12-29,Pro,79.9,5,9,Boleto,20,0,1598.0
CUST-06904,2024-08-18,Basic,29.9,3,4,Cartão de Crédito,2,1,59.8
CUST-06905,2025-07-16,Basic,29.9,27,5,Cartão de Crédito,17,0,508.3
CUST-06906,2025-09-20,Enterprise,249.9,26,1,Pix,24,0,5997.6
CUST-06907,2024-07-31,Pro,79.9,23,0,Boleto,24,0,1917.6
CUST-06908,2025-02-27,Pro,79.9,21,5,Pix,22,0,1757.8
CUST-06909,2025-09-16,Pro,79.9,18,1,Boleto,16,0,1278.4
CUST-06910,2024-02-10,Basic,29.9,1,0,Boleto,9,1,269.1
CUST-06911,2024-10-14,Enterprise,249.9,20,7,Cartão de Crédito,13,0,3248.7
CUST-06912,2024-10-06,Pro,79.9,5,4,Pix,23,0,1837.7
CUST-06913,2025-05-29,Basic,29.9,26,8,Pix,4,1,119.6
CUST-06914,2024-09-17,Pro,79.9,3,7,Cartão de Crédito,15,0,1198.5
CUST-06915,2025-06-28,Enterprise,249.9,30,2,Cartão de Crédito,20,0,4998.0
CUST-06916,2024-08-26,Basic,29.9,11,6,Pix,24,0,717.6
CUST-06917,2025-01-07,Basic,29.9,5,10,Pix,15,0,448.5
CUST-06918,2025-02-01,Basic,29.9,19,2,Cartão de Crédito,20,0,598.0
CUST-06919,2024-07-19,Pro,79.9,27,7,Pix,8,1,639.2
CUST-06920,2024-03-11,Pro,79.9,16,3,Boleto,15,0,1198.5
CUST-06921,2025-08-27,Basic,29.9,14,2,Boleto,24,0,717.6
CUST-06922,2024-06-06,Basic,29.9,20,7,Pix,12,1,358.8
CUST-06923,2025-08-21,Basic,29.9,1,5,Pix,19,0,568.1
CUST-06924,2025-11-20,Pro,79.9,25,5,Pix,15,0,1198.5
CUST-06925,2024-12-20,Basic,29.9,6,6,Cartão de Crédito,21,0,627.9
CUST-06926,2025-12-04,Basic,29.9,29,9,Cartão de Crédito,17,0,508.3
CUST-06927,2025-11-10,Pro,79.9,5,9,Cartão de Crédito,3,1,239.7
CUST-06928,2024-03-14,Enterprise,249.9,15,9,Cartão de Crédito,3,1,749.7
CUST-06929,2025-09-06,Pro,79.9,17,4,Boleto,20,0,1598.0
CUST-06930,2024-12-16,Basic,29.9,26,6,Boleto,22,0,657.8
CUST-06931,2025-04-02,Basic,29.9,6,3,Pix,23,0,687.7
CUST-06932,2025-10-01,Pro,79.9,1,4,Boleto,22,0,1757.8
CUST-06933,2024-05-12,Basic,29.9,25,5,Boleto,15,0,448.5
CUST-06934,2024-01-10,Basic,29.9,26,8,Cartão de Crédito,14,0,418.6
CUST-06935,2025-03-23,Basic,29.9,20,5,Pix,19,0,568.1
CUST-06936,2025-08-06,Enterprise,249.9,11,5,Pix,18,0,4498.2
CUST-06937,2025-10-24,Basic,29.9,7,8,Cartão de Crédito,1,1,29.9
CUST-06938,2025-10-25,Pro,79.9,13,4,Cartão de Crédito,18,0,1438.2
CUST-06939,2024-12-15,Enterprise,249.9,2,8,Cartão de Crédito,3,1,749.7
CUST-06940,2024-08-16,Pro,79.9,18,3,Pix,15,0,1198.5
CUST-06941,2024-01-16,Pro,79.9,17,6,Pix,22,0,1757.8
CUST-06942,2024-11-14,Pro,79.9,5,9,Boleto,10,1,799.0
CUST-06943,2025-02-02,Basic,29.9,27,8,Cartão de Crédito,20,0,598.0
CUST-06944,2024-10-17,Basic,29.9,12,10,Pix,22,0,657.8
CUST-06945,2024-02-01,Basic,29.9,5,10,Pix,22,0,657.8
CUST-06946,2024-12-16,Enterprise,249.9,3,5,Cartão de Crédito,19,0,4748.1
CUST-06947,2024-07-11,Enterprise,249.9,30,6,Cartão de Crédito,15,0,3748.5
CUST-06948,2024-05-24,Pro,79.9,7,1,Pix,20,0,1598.0
CUST-06949,2024-08-12,Pro,79.9,14,0,Boleto,24,0,1917.6
CUST-06950,2025-02-17,Pro,79.9,9,5,Pix,22,0,1757.8
CUST-06951,2024-04-30,Basic,29.9,3,5,Pix,12,1,358.8
CUST-06952,2024-09-06,Enterprise,249.9,6,5,Boleto,24,0,5997.6
CUST-06953,2024-04-26,Pro,79.9,18,2,Boleto,23,0,1837.7
CUST-06954,2024-04-10,Basic,29.9,28,10,Cartão de Crédito,5,1,149.5
CUST-06955,2025-01-11,Enterprise,249.9,7,6,Cartão de Crédito,17,0,4248.3
CUST-06956,2025-05-16,Pro,79.9,27,2,Cartão de Crédito,12,1,958.8
CUST-06957,2025-07-17,Basic,29.9,5,9,Pix,18,0,538.2
CUST-06958,2025-12-04,Basic,29.9,20,10,Boleto,15,0,448.5
CUST-06959,2024-11-07,Basic,29.9,22,4,Pix,18,0,538.2
CUST-06960,2025-09-04,Basic,29.9,18,2,Boleto,14,0,418.6
CUST-06961,2024-08-02,Enterprise,249.9,22,4,Pix,14,0,3498.6
CUST-06962,2025-05-11,Basic,29.9,27,8,Boleto,24,0,717.6
CUST-06963,2025-01-26,Enterprise,249.9,14,0,Cartão de Crédito,15,0,3748.5
CUST-06964,2024-10-29,Enterprise,249.9,14,10,Boleto,3,1,749.7
CUST-06965,2025-10-25,Basic,29.9,16,7,Cartão de Crédito,4,1,119.6
CUST-06966,2025-09-26,Basic,29.9,8,4,Boleto,21,0,627.9
CUST-06967,2025-03-24,Enterprise,249.9,14,1,Boleto,20,0,4998.0
CUST-06968,2025-01-18,Enterprise,249.9,21,4,Pix,16,0,3998.4
CUST-06969,2024-07-11,Enterprise,249.9,13,1,Pix,23,0,5747.7
CUST-06970,2025-03-02,Basic,29.9,5,2,Cartão de Crédito,17,0,508.3
CUST-06971,2024-10-15,Enterprise,249.9,13,5,Cartão de Crédito,13,0,3248.7
CUST-06972,2024-08-15,Basic,29.9,11,8,Boleto,7,1,209.3
CUST-06973,2024-12-05,Pro,79.9,28,5,Pix,18,0,1438.2
CUST-06974,2024-08-25,Enterprise,249.9,23,0,Cartão de Crédito,18,0,4498.2
CUST-06975,2025-08-03,Pro,79.9,23,7,Boleto,16,0,1278.4
CUST-06976,2024-06-29,Enterprise,249.9,3,0,Boleto,14,0,3498.6
CUST-06977,2025-10-05,Basic,29.9,14,9,Boleto,13,0,388.7
CUST-06978,2025-12-27,Pro,79.9,25,7,Cartão de Crédito,22,0,1757.8
CUST-06979,2025-04-10,Pro,79.9,8,3,Pix,18,0,1438.2
CUST-06980,2025-05-09,Basic,29.9,7,7,Cartão de Crédito,4,1,119.6
CUST-06981,2024-07-26,Basic,29.9,9,7,Boleto,16,0,478.4
CUST-06982,2024-05-27,Basic,29.9,15,8,Cartão de Crédito,9,1,269.1
CUST-06983,2025-11-04,Enterprise,249.9,0,8,Pix,23,0,5747.7
CUST-06984,2025-09-14,Pro,79.9,28,4,Cartão de Crédito,24,0,1917.6
CUST-06985,2024-02-06,Basic,29.9,13,3,Boleto,1,1,29.9
CUST-06986,2024-10-23,Enterprise,249.9,30,8,Pix,12,1,2998.8
CUST-06987,2024-07-27,Basic,29.9,15,8,Pix,13,0,388.7
CUST-06988,2024-08-05,Basic,29.9,17,0,Boleto,16,0,478.4
CUST-06989,2025-07-12,Pro,79.9,26,10,Cartão de Crédito,7,1,559.3
CUST-06990,2024-01-19,Enterprise,249.9,16,5,Boleto,18,0,4498.2
CUST-06991,2024-01-11,Enterprise,249.9,4,9,Boleto,3,1,749.7
CUST-06992,2025-07-08,Enterprise,249.9,13,5,Pix,14,0,3498.6
CUST-06993,2025-10-04,Basic,29.9,3,10,Pix,12,1,358.8
CUST-06994,2025-07-31,Basic,29.9,8,2,Cartão de Crédito,16,0,478.4
CUST-06995,2024-03-21,Pro,79.9,22,2,Pix,13,0,1038.7
CUST-06996,2025-01-21,Basic,29.9,20,8,Pix,2,1,59.8
CUST-06997,2025-08-18,Basic,29.9,14,8,Pix,18,0,538.2
CUST-06998,2024-06-01,Basic,29.9,15,5,Pix,4,1,119.6
CUST-06999,2024-02-06,Pro,79.9,14,4,Cartão de Crédito,20,0,1598.0
CUST-07000,2024-08-08,Pro,79.9,1,2,Cartão de Crédito,24,0,1917.6
CUST-07001,2025-07-13,Basic,29.9,2,8,Boleto,7,1,209.3
CUST-07002,2025-06-04,Pro,79.9,8,8,Pix,12,1,958.8
CUST-07003,2025-08-13,Pro,79.9,7,9,Boleto,16,0,1278.4
CUST-07004,2024-11-12,Pro,79.9,24,3,Boleto,18,0,1438.2
CUST-07005,2025-07-14,Pro,79.9,5,3,Cartão de Crédito,20,0,1598.0
CUST-07006,2024-08-22,Basic,29.9,11,4,Boleto,14,0,418.6
CUST-07007,2024-05-08,Enterprise,249.9,3,0,Pix,3,1,749.7
CUST-07008,2025-05-12,Enterprise,249.9,17,7,Cartão de Crédito,14,0,3498.6
CUST-07009,2024-06-08,Pro,79.9,11,9,Boleto,13,0,1038.7
CUST-07010,2024-08-15,Basic,29.9,9,0,Pix,22,0,657.8
CUST-07011,2025-09-26,Basic,29.9,22,6,Pix,17,0,508.3
CUST-07012,2024-12-08,Basic,29.9,22,10,Pix,22,0,657.8
CUST-07013,2025-09-18,Pro,79.9,26,10,Pix,15,0,1198.5
CUST-07014,2024-07-01,Enterprise,249.9,8,2,Boleto,24,0,5997.6
CUST-07015,2025-09-06,Pro,79.9,4,3,Pix,13,0,1038.7
CUST-07016,2025-02-06,Pro,79.9,8,10,Pix,21,0,1677.9
CUST-07017,2025-06-12,Pro,79.9,6,5,Boleto,23,0,1837.7
CUST-07018,2025-10-27,Pro,79.9,8,3,Cartão de Crédito,19,0,1518.1
CUST-07019,2025-08-26,Pro,79.9,10,4,Pix,24,0,1917.6
CUST-07020,2025-11-09,Enterprise,249.9,2,1,Pix,9,1,2249.1
CUST-07021,2025-07-09,Basic,29.9,20,1,Cartão de Crédito,1,1,29.9
CUST-07022,2025-11-28,Pro,79.9,1,1,Cartão de Crédito,8,1,639.2
CUST-07023,2024-03-17,Basic,29.9,23,0,Pix,1,1,29.9
CUST-07024,2025-03-20,Basic,29.9,27,1,Pix,17,0,508.3
CUST-07025,2024-11-01,Basic,29.9,29,1,Boleto,15,0,448.5
CUST-07026,2025-11-28,Pro,79.9,20,0,Boleto,15,0,1198.5
CUST-07027,2025-05-05,Pro,79.9,1,10,Cartão de Crédito,23,0,1837.7
CUST-07028,2024-06-04,Pro,79.9,30,3,Pix,19,0,1518.1
CUST-07029,2024-07-21,Enterprise,249.9,26,1,Cartão de Crédito,20,0,4998.0
CUST-07030,2025-03-11,Enterprise,249.9,4,6,Boleto,14,0,3498.6
CUST-07031,2024-09-25,Basic,29.9,30,5,Cartão de Crédito,17,0,508.3
CUST-07032,2025-08-09,Enterprise,249.9,29,5,Pix,19,0,4748.1
CUST-07033,2024-10-16,Pro,79.9,14,2,Boleto,13,0,1038.7
CUST-07034,2025-12-28,Basic,29.9,29,6,Cartão de Crédito,17,0,508.3
CUST-07035,2024-08-14,Basic,29.9,13,1,Pix,21,0,627.9
CUST-07036,2025-07-17,Basic,29.9,30,6,Pix,13,0,388.7
CUST-07037,2025-11-25,Enterprise,249.9,27,8,Cartão de Crédito,5,1,1249.5
CUST-07038,2025-07-28,Pro,79.9,5,1,Cartão de Crédito,21,0,1677.9
CUST-07039,2024-02-14,Enterprise,249.9,10,8,Boleto,21,0,5247.9
CUST-07040,2024-09-28,Enterprise,249.9,6,9,Pix,23,0,5747.7
CUST-07041,2025-02-19,Pro,79.9,8,8,Cartão de Crédito,16,0,1278.4
CUST-07042,2024-11-27,Enterprise,249.9,6,4,Pix,14,0,3498.6
CUST-07043,2025-03-14,Pro,79.9,18,3,Boleto,21,0,1677.9
CUST-07044,2025-01-14,Pro,79.9,19,10,Cartão de Crédito,5,1,399.5
CUST-07045,2025-03-07,Enterprise,249.9,30,7,Boleto,2,1,499.8
CUST-07046,2024-04-29,Pro,79.9,18,8,Pix,21,0,1677.9
CUST-07047,2025-07-23,Basic,29.9,12,6,Cartão de Crédito,21,0,627.9
CUST-07048,2025-05-17,Pro,79.9,0,6,Cartão de Crédito,16,0,1278.4
CUST-07049,2024-07-29,Pro,79.9,1,0,Cartão de Crédito,23,0,1837.7
CUST-07050,2025-03-10,Basic,29.9,28,9,Boleto,7,1,209.3
CUST-07051,2025-06-29,Enterprise,249.9,3,3,Boleto,10,1,2499.0
CUST-07052,2024-09-03,Basic,29.9,18,2,Pix,23,0,687.7
CUST-07053,2025-08-21,Pro,79.9,6,5,Cartão de Crédito,24,0,1917.6
CUST-07054,2024-03-31,Enterprise,249.9,13,5,Boleto,23,0,5747.7
CUST-07055,2025-06-05,Enterprise,249.9,20,3,Cartão de Crédito,18,0,4498.2
CUST-07056,2024-12-21,Enterprise,249.9,17,6,Boleto,22,0,5497.8
CUST-07057,2025-09-26,Pro,79.9,15,7,Pix,2,1,159.8
CUST-07058,2025-04-22,Basic,29.9,21,10,Cartão de Crédito,19,0,568.1
CUST-07059,2025-07-21,Basic,29.9,2,9,Pix,4,1,119.6
CUST-07060,2025-05-20,Enterprise,249.9,5,6,Boleto,15,0,3748.5
CUST-07061,2025-08-30,Basic,29.9,28,4,Boleto,24,0,717.6
CUST-07062,2025-03-24,Basic,29.9,25,7,Boleto,8,1,239.2
CUST-07063,2025-07-15,Enterprise,249.9,3,8,Boleto,3,1,749.7
CUST-07064,2025-03-22,Enterprise,249.9,1,2,Boleto,14,0,3498.6
CUST-07065,2024-08-24,Basic,29.9,27,0,Boleto,21,0,627.9
CUST-07066,2025-02-26,Enterprise,249.9,26,1,Boleto,1,1,249.9
CUST-07067,2024-01-15,Enterprise,249.9,2,8,Boleto,7,1,1749.3
CUST-07068,2024-01-03,Pro,79.9,14,7,Pix,4,1,319.6
CUST-07069,2025-08-21,Basic,29.9,26,8,Pix,24,0,717.6
CUST-07070,2024-02-28,Basic,29.9,10,0,Boleto,11,1,328.9
CUST-07071,2024-09-29,Basic,29.9,19,8,Boleto,19,0,568.1
CUST-07072,2024-01-21,Pro,79.9,8,0,Cartão de Crédito,7,1,559.3
CUST-07073,2025-08-01,Enterprise,249.9,18,3,Cartão de Crédito,22,0,5497.8
CUST-07074,2025-06-08,Pro,79.9,25,7,Pix,9,1,719.1
CUST-07075,2024-01-11,Basic,29.9,9,4,Cartão de Crédito,19,0,568.1
CUST-07076,2024-03-13,Pro,79.9,1,8,Pix,19,0,1518.1
CUST-07077,2025-07-19,Basic,29.9,28,7,Boleto,6,1,179.4
CUST-07078,2024-01-24,Enterprise,249.9,26,6,Pix,21,0,5247.9
CUST-07079,2024-05-28,Basic,29.9,16,9,Pix,7,1,209.3
CUST-07080,2025-03-25,Pro,79.9,9,2,Pix,23,0,1837.7
CUST-07081,2024-10-09,Pro,79.9,7,6,Boleto,11,1,878.9
CUST-07082,2024-03-02,Pro,79.9,16,2,Cartão de Crédito,13,0,1038.7
CUST-07083,2025-01-14,Pro,79.9,24,6,Boleto,20,0,1598.0
CUST-07084,2024-09-07,Enterprise,249.9,17,10,Boleto,24,0,5997.6
CUST-07085,2024-02-14,Basic,29.9,12,3,Cartão de Crédito,21,0,627.9
CUST-07086,2025-11-24,Enterprise,249.9,0,10,Pix,3,1,749.7
CUST-07087,2024-08-13,Enterprise,249.9,24,2,Cartão de Crédito,24,0,5997.6
CUST-07088,2024-06-30,Enterprise,249.9,23,1,Pix,16,0,3998.4
CUST-07089,2025-01-28,Pro,79.9,23,7,Boleto,5,1,399.5
CUST-07090,2024-01-02,Pro,79.9,16,6,Boleto,9,1,719.1
CUST-07091,2024-05-01,Basic,29.9,2,10,Pix,12,1,358.8
CUST-07092,2024-05-13,Pro,79.9,13,3,Pix,9,1,719.1
CUST-07093,2025-08-20,Basic,29.9,6,10,Boleto,15,0,448.5
CUST-07094,2024-06-15,Enterprise,249.9,0,6,Cartão de Crédito,7,1,1749.3
CUST-07095,2025-03-25,Basic,29.9,10,1,Pix,13,0,388.7
CUST-07096,2024-07-07,Basic,29.9,15,5,Pix,22,0,657.8
CUST-07097,2024-11-19,Pro,79.9,8,6,Pix,1,1,79.9
CUST-07098,2024-01-25,Enterprise,249.9,28,0,Pix,15,0,3748.5
CUST-07099,2024-01-04,Basic,29.9,29,7,Cartão de Crédito,19,0,568.1
CUST-07100,2024-03-05,Enterprise,249.9,27,3,Pix,22,0,5497.8
CUST-07101,2025-10-15,Basic,29.9,26,6,Pix,19,0,568.1
CUST-07102,2024-11-05,Basic,29.9,28,6,Boleto,20,0,598.0
CUST-07103,2025-08-19,Pro,79.9,2,10,Cartão de Crédito,2,1,159.8
CUST-07104,2025-01-06,Pro,79.9,18,6,Cartão de Crédito,24,0,1917.6
CUST-07105,2025-11-26,Enterprise,249.9,0,10,Pix,12,1,2998.8
CUST-07106,2024-03-25,Pro,79.9,21,10,Boleto,18,0,1438.2
CUST-07107,2024-08-30,Pro,79.9,8,5,Cartão de Crédito,14,0,1118.6
CUST-07108,2024-07-13,Basic,29.9,28,7,Cartão de Crédito,3,1,89.7
CUST-07109,2024-05-01,Basic,29.9,15,2,Boleto,14,0,418.6
CUST-07110,2025-10-14,Enterprise,249.9,16,10,Cartão de Crédito,6,1,1499.4
CUST-07111,2025-08-02,Pro,79.9,11,2,Cartão de Crédito,21,0,1677.9
CUST-07112,2025-07-22,Enterprise,249.9,20,2,Cartão de Crédito,14,0,3498.6
CUST-07113,2024-04-26,Pro,79.9,18,2,Boleto,24,0,1917.6
CUST-07114,2025-10-30,Basic,29.9,23,5,Cartão de Crédito,20,0,598.0
CUST-07115,2024-11-23,Pro,79.9,27,3,Boleto,14,0,1118.6
CUST-07116,2025-06-18,Enterprise,249.9,17,8,Cartão de Crédito,13,0,3248.7
CUST-07117,2024-03-23,Enterprise,249.9,5,9,Pix,7,1,1749.3
CUST-07118,2024-11-21,Enterprise,249.9,2,10,Cartão de Crédito,4,1,999.6
CUST-07119,2025-10-27,Basic,29.9,19,7,Pix,8,1,239.2
CUST-07120,2025-01-04,Enterprise,249.9,12,0,Boleto,11,1,2748.9
CUST-07121,2025-02-22,Pro,79.9,3,4,Boleto,16,0,1278.4
CUST-07122,2024-05-22,Pro,79.9,1,8,Boleto,4,1,319.6
CUST-07123,2025-03-17,Basic,29.9,12,8,Pix,20,0,598.0
CUST-07124,2025-04-22,Basic,29.9,29,5,Pix,13,0,388.7
CUST-07125,2024-09-21,Pro,79.9,0,6,Cartão de Crédito,19,0,1518.1
CUST-07126,2025-02-11,Enterprise,249.9,12,7,Cartão de Crédito,8,1,1999.2
CUST-07127,2025-04-15,Enterprise,249.9,10,6,Pix,24,0,5997.6
CUST-07128,2025-11-02,Enterprise,249.9,2,9,Cartão de Crédito,6,1,1499.4
CUST-07129,2024-07-21,Enterprise,249.9,14,7,Cartão de Crédito,4,1,999.6
CUST-07130,2025-08-06,Enterprise,249.9,5,8,Boleto,22,0,5497.8
CUST-07131,2024-02-22,Pro,79.9,20,2,Cartão de Crédito,13,0,1038.7
CUST-07132,2025-05-19,Pro,79.9,17,10,Boleto,4,1,319.6
CUST-07133,2024-10-30,Basic,29.9,11,5,Pix,5,1,149.5
CUST-07134,2025-01-13,Enterprise,249.9,11,7,Boleto,24,0,5997.6
CUST-07135,2025-04-19,Enterprise,249.9,4,1,Pix,24,0,5997.6
CUST-07136,2025-08-11,Basic,29.9,6,9,Cartão de Crédito,20,0,598.0
CUST-07137,2025-06-05,Enterprise,249.9,9,6,Cartão de Crédito,12,1,2998.8
CUST-07138,2024-03-31,Basic,29.9,28,0,Cartão de Crédito,18,0,538.2
CUST-07139,2024-10-19,Enterprise,249.9,26,4,Pix,15,0,3748.5
CUST-07140,2025-01-25,Pro,79.9,13,2,Pix,13,0,1038.7
CUST-07141,2024-05-29,Enterprise,249.9,0,3,Boleto,3,1,749.7
CUST-07142,2024-12-14,Enterprise,249.9,4,9,Cartão de Crédito,1,1,249.9
CUST-07143,2024-01-10,Basic,29.9,6,6,Boleto,14,0,418.6
CUST-07144,2025-05-27,Enterprise,249.9,16,0,Cartão de Crédito,21,0,5247.9
CUST-07145,2025-12-02,Basic,29.9,22,1,Cartão de Crédito,7,1,209.3
CUST-07146,2025-10-22,Enterprise,249.9,6,6,Cartão de Crédito,24,0,5997.6
CUST-07147,2024-12-30,Pro,79.9,26,2,Boleto,15,0,1198.5
CUST-07148,2025-03-22,Basic,29.9,14,0,Boleto,3,1,89.7
CUST-07149,2025-10-19,Basic,29.9,12,7,Boleto,10,1,299.0
CUST-07150,2025-10-11,Basic,29.9,18,1,Pix,13,0,388.7
CUST-07151,2024-05-25,Basic,29.9,6,9,Cartão de Crédito,4,1,119.6
CUST-07152,2024-01-22,Pro,79.9,24,6,Pix,17,0,1358.3
CUST-07153,2025-03-14,Basic,29.9,17,5,Cartão de Crédito,5,1,149.5
CUST-07154,2024-06-19,Enterprise,249.9,0,10,Cartão de Crédito,5,1,1249.5
CUST-07155,2025-05-23,Basic,29.9,22,9,Boleto,11,1,328.9
CUST-07156,2024-01-01,Enterprise,249.9,4,1,Boleto,8,1,1999.2
CUST-07157,2025-12-10,Pro,79.9,0,10,Cartão de Crédito,2,1,159.8
CUST-07158,2024-11-09,Basic,29.9,8,4,Pix,20,0,598.0
CUST-07159,2025-02-06,Pro,79.9,2,10,Pix,7,1,559.3
CUST-07160,2024-06-10,Pro,79.9,24,3,Pix,14,0,1118.6
CUST-07161,2024-10-15,Basic,29.9,15,8,Pix,12,1,358.8
CUST-07162,2024-03-31,Basic,29.9,16,5,Boleto,24,0,717.6
CUST-07163,2025-06-21,Basic,29.9,20,5,Boleto,13,0,388.7
CUST-07164,2024-11-28,Pro,79.9,30,2,Boleto,17,0,1358.3
CUST-07165,2025-10-30,Basic,29.9,24,5,Pix,17,0,508.3
CUST-07166,2025-04-04,Enterprise,249.9,20,8,Boleto,6,1,1499.4
CUST-07167,2024-10-13,Pro,79.9,9,9,Cartão de Crédito,20,0,1598.0
CUST-07168,2025-02-19,Pro,79.9,25,4,Boleto,18,0,1438.2
CUST-07169,2024-07-30,Enterprise,249.9,6,2,Pix,24,0,5997.6
CUST-07170,2025-02-10,Pro,79.9,23,4,Cartão de Crédito,13,0,1038.7
CUST-07171,2024-12-11,Basic,29.9,11,7,Pix,19,0,568.1
CUST-07172,2024-11-30,Basic,29.9,29,3,Pix,18,0,538.2
CUST-07173,2025-05-15,Basic,29.9,16,3,Cartão de Crédito,14,0,418.6
CUST-07174,2024-08-20,Enterprise,249.9,23,6,Boleto,3,1,749.7
CUST-07175,2025-04-27,Enterprise,249.9,13,2,Boleto,18,0,4498.2
CUST-07176,2025-04-03,Enterprise,249.9,29,9,Cartão de Crédito,20,0,4998.0
CUST-07177,2025-07-14,Pro,79.9,4,4,Pix,17,0,1358.3
CUST-07178,2024-08-04,Pro,79.9,20,9,Cartão de Crédito,10,1,799.0
CUST-07179,2024-02-05,Basic,29.9,27,10,Pix,17,0,508.3
CUST-07180,2024-01-06,Enterprise,249.9,21,7,Cartão de Crédito,22,0,5497.8
CUST-07181,2025-04-10,Pro,79.9,29,10,Boleto,15,0,1198.5
CUST-07182,2025-12-28,Enterprise,249.9,28,9,Cartão de Crédito,5,1,1249.5
CUST-07183,2024-11-19,Basic,29.9,30,7,Cartão de Crédito,14,0,418.6
CUST-07184,2024-04-08,Pro,79.9,15,2,Boleto,8,1,639.2
CUST-07185,2025-12-19,Basic,29.9,16,10,Pix,22,0,657.8
CUST-07186,2025-05-09,Basic,29.9,22,5,Pix,23,0,687.7
CUST-07187,2024-08-18,Enterprise,249.9,30,6,Boleto,15,0,3748.5
CUST-07188,2024-10-12,Pro,79.9,20,2,Pix,14,0,1118.6
CUST-07189,2024-08-13,Basic,29.9,20,7,Cartão de Crédito,10,1,299.0
CUST-07190,2025-12-11,Enterprise,249.9,20,10,Cartão de Crédito,18,0,4498.2
CUST-07191,2024-05-07,Enterprise,249.9,3,10,Pix,6,1,1499.4
CUST-07192,2025-11-20,Basic,29.9,3,6,Cartão de Crédito,9,1,269.1
CUST-07193,2025-07-04,Basic,29.9,16,2,Pix,8,1,239.2
CUST-07194,2024-08-10,Enterprise,249.9,20,0,Pix,20,0,4998.0
CUST-07195,2024-08-20,Enterprise,249.9,27,8,Cartão de Crédito,15,0,3748.5
CUST-07196,2024-04-01,Pro,79.9,4,2,Pix,10,1,799.0
CUST-07197,2025-08-13,Enterprise,249.9,24,2,Cartão de Crédito,23,0,5747.7
CUST-07198,2024-10-10,Enterprise,249.9,3,3,Boleto,19,0,4748.1
CUST-07199,2024-06-13,Pro,79.9,25,3,Boleto,21,0,1677.9
CUST-07200,2024-08-12,Enterprise,249.9,15,9,Boleto,10,1,2499.0
CUST-07201,2024-03-14,Enterprise,249.9,23,1,Cartão de Crédito,17,0,4248.3
CUST-07202,2025-07-09,Pro,79.9,9,5,Boleto,17,0,1358.3
CUST-07203,2025-02-21,Enterprise,249.9,28,2,Pix,14,0,3498.6
CUST-07204,2024-12-29,Pro,79.9,13,1,Cartão de Crédito,10,1,799.0
CUST-07205,2024-04-03,Enterprise,249.9,16,6,Cartão de Crédito,2,1,499.8
CUST-07206,2024-11-01,Enterprise,249.9,5,10,Boleto,4,1,999.6
CUST-07207,2025-09-06,Pro,79.9,19,2,Cartão de Crédito,24,0,1917.6
CUST-07208,2024-05-24,Pro,79.9,2,0,Cartão de Crédito,4,1,319.6
CUST-07209,2024-11-12,Enterprise,249.9,9,8,Boleto,14,0,3498.6
CUST-07210,2024-03-05,Basic,29.9,18,9,Pix,22,0,657.8
CUST-07211,2024-05-11,Enterprise,249.9,17,3,Boleto,13,0,3248.7
CUST-07212,2024-03-15,Enterprise,249.9,7,7,Pix,24,0,5997.6
CUST-07213,2025-07-01,Pro,79.9,19,4,Pix,14,0,1118.6
CUST-07214,2025-03-25,Pro,79.9,10,2,Pix,22,0,1757.8
CUST-07215,2025-08-18,Pro,79.9,24,2,Pix,23,0,1837.7
CUST-07216,2025-10-20,Basic,29.9,11,3,Pix,15,0,448.5
CUST-07217,2025-10-03,Basic,29.9,28,2,Cartão de Crédito,24,0,717.6
CUST-07218,2024-08-03,Basic,29.9,16,3,Cartão de Crédito,23,0,687.7
CUST-07219,2024-02-24,Pro,79.9,22,1,Cartão de Crédito,22,0,1757.8
CUST-07220,2025-05-14,Pro,79.9,10,0,Pix,21,0,1677.9
CUST-07221,2025-11-17,Basic,29.9,2,9,Cartão de Crédito,18,0,538.2
CUST-07222,2025-07-27,Pro,79.9,12,0,Cartão de Crédito,19,0,1518.1
CUST-07223,2025-07-04,Pro,79.9,19,10,Boleto,19,0,1518.1
CUST-07224,2025-03-12,Pro,79.9,9,6,Pix,14,0,1118.6
CUST-07225,2025-05-16,Enterprise,249.9,19,4,Pix,10,1,2499.0
CUST-07226,2024-02-16,Pro,79.9,5,1,Boleto,21,0,1677.9
CUST-07227,2024-02-08,Pro,79.9,3,7,Pix,21,0,1677.9
CUST-07228,2025-10-04,Basic,29.9,18,2,Boleto,13,0,388.7
CUST-07229,2025-01-27,Enterprise,249.9,10,10,Boleto,9,1,2249.1
CUST-07230,2024-07-11,Basic,29.9,7,5,Cartão de Crédito,19,0,568.1
CUST-07231,2024-11-25,Basic,29.9,14,2,Boleto,21,0,627.9
CUST-07232,2024-11-06,Pro,79.9,24,5,Pix,24,0,1917.6
CUST-07233,2024-10-14,Pro,79.9,23,6,Cartão de Crédito,11,1,878.9
CUST-07234,2025-01-10,Enterprise,249.9,15,10,Cartão de Crédito,1,1,249.9
CUST-07235,2024-06-17,Basic,29.9,27,10,Cartão de Crédito,9,1,269.1
CUST-07236,2024-07-16,Pro,79.9,9,10,Cartão de Crédito,16,0,1278.4
CUST-07237,2025-04-15,Basic,29.9,11,2,Pix,19,0,568.1
CUST-07238,2024-06-20,Pro,79.9,28,2,Cartão de Crédito,19,0,1518.1
CUST-07239,2025-04-04,Basic,29.9,2,5,Boleto,11,1,328.9
CUST-07240,2025-03-08,Basic,29.9,17,6,Pix,24,0,717.6
CUST-07241,2024-08-29,Pro,79.9,25,10,Pix,24,0,1917.6
CUST-07242,2024-12-18,Pro,79.9,18,7,Boleto,24,0,1917.6
CUST-07243,2024-06-03,Basic,29.9,4,0,Pix,20,0,598.0
CUST-07244,2025-10-28,Pro,79.9,1,10,Cartão de Crédito,12,1,958.8
CUST-07245,2024-09-11,Basic,29.9,18,8,Cartão de Crédito,18,0,538.2
CUST-07246,2024-10-25,Enterprise,249.9,28,10,Pix,23,0,5747.7
CUST-07247,2024-05-29,Pro,79.9,2,10,Pix,10,1,799.0
CUST-07248,2024-05-07,Pro,79.9,9,2,Boleto,16,0,1278.4
CUST-07249,2025-06-09,Basic,29.9,29,0,Pix,18,0,538.2
CUST-07250,2024-01-31,Basic,29.9,9,3,Boleto,17,0,508.3
CUST-07251,2025-02-16,Pro,79.9,4,1,Boleto,4,1,319.6
CUST-07252,2025-02-20,Enterprise,249.9,23,1,Cartão de Crédito,19,0,4748.1
CUST-07253,2024-08-12,Pro,79.9,4,5,Cartão de Crédito,19,0,1518.1
CUST-07254,2024-06-10,Enterprise,249.9,21,3,Boleto,22,0,5497.8
CUST-07255,2024-01-05,Basic,29.9,5,5,Cartão de Crédito,21,0,627.9
CUST-07256,2024-01-08,Pro,79.9,17,5,Pix,23,0,1837.7
CUST-07257,2024-08-31,Enterprise,249.9,3,3,Boleto,7,1,1749.3
CUST-07258,2024-12-13,Basic,29.9,7,6,Boleto,21,0,627.9
CUST-07259,2024-11-29,Basic,29.9,8,0,Pix,7,1,209.3
CUST-07260,2025-09-11,Basic,29.9,4,6,Boleto,6,1,179.4
CUST-07261,2025-04-22,Pro,79.9,11,9,Cartão de Crédito,17,0,1358.3
CUST-07262,2024-06-06,Pro,79.9,24,9,Pix,13,0,1038.7
CUST-07263,2024-04-03,Enterprise,249.9,24,4,Pix,24,0,5997.6
CUST-07264,2025-12-26,Enterprise,249.9,6,4,Cartão de Crédito,14,0,3498.6
CUST-07265,2024-01-12,Pro,79.9,26,4,Cartão de Crédito,16,0,1278.4
CUST-07266,2024-02-13,Basic,29.9,18,6,Boleto,13,0,388.7
CUST-07267,2025-06-16,Enterprise,249.9,27,9,Boleto,24,0,5997.6
CUST-07268,2025-08-14,Basic,29.9,18,1,Pix,13,0,388.7
CUST-07269,2025-11-15,Enterprise,249.9,23,1,Cartão de Crédito,16,0,3998.4
CUST-07270,2024-11-25,Basic,29.9,17,8,Pix,20,0,598.0
CUST-07271,2024-06-22,Pro,79.9,22,2,Cartão de Crédito,23,0,1837.7
CUST-07272,2024-04-18,Pro,79.9,27,7,Boleto,22,0,1757.8
CUST-07273,2024-07-17,Pro,79.9,4,10,Cartão de Crédito,7,1,559.3
CUST-07274,2025-10-18,Basic,29.9,13,4,Cartão de Crédito,19,0,568.1
CUST-07275,2025-02-26,Basic,29.9,25,1,Boleto,16,0,478.4
CUST-07276,2025-09-09,Enterprise,249.9,2,9,Cartão de Crédito,11,1,2748.9
CUST-07277,2024-04-11,Pro,79.9,10,5,Boleto,17,0,1358.3
CUST-07278,2025-01-30,Enterprise,249.9,23,1,Cartão de Crédito,16,0,3998.4
CUST-07279,2025-12-02,Enterprise,249.9,18,6,Cartão de Crédito,13,0,3248.7
CUST-07280,2025-07-22,Basic,29.9,17,2,Boleto,13,0,388.7
CUST-07281,2024-04-06,Enterprise,249.9,1,1,Boleto,15,0,3748.5
CUST-07282,2025-02-21,Pro,79.9,26,7,Cartão de Crédito,22,0,1757.8
CUST-07283,2025-11-04,Pro,79.9,28,3,Pix,4,1,319.6
CUST-07284,2025-07-10,Basic,29.9,4,6,Boleto,1,1,29.9
CUST-07285,2025-11-16,Basic,29.9,9,5,Boleto,22,0,657.8
CUST-07286,2025-08-24,Pro,79.9,2,10,Cartão de Crédito,16,0,1278.4
CUST-07287,2025-09-24,Enterprise,249.9,4,4,Boleto,14,0,3498.6
CUST-07288,2025-06-18,Enterprise,249.9,19,8,Cartão de Crédito,22,0,5497.8
CUST-07289,2025-11-23,Pro,79.9,24,9,Boleto,19,0,1518.1
CUST-07290,2024-10-13,Enterprise,249.9,28,8,Cartão de Crédito,19,0,4748.1
CUST-07291,2025-09-24,Basic,29.9,8,6,Boleto,22,0,657.8
CUST-07292,2025-11-22,Enterprise,249.9,4,6,Boleto,6,1,1499.4
CUST-07293,2025-05-04,Enterprise,249.9,18,8,Pix,22,0,5497.8
CUST-07294,2025-06-16,Pro,79.9,15,9,Cartão de Crédito,17,0,1358.3
CUST-07295,2025-01-16,Basic,29.9,1,9,Boleto,23,0,687.7
CUST-07296,2024-07-22,Pro,79.9,16,4,Pix,21,0,1677.9
CUST-07297,2024-09-27,Enterprise,249.9,3,9,Pix,11,1,2748.9
CUST-07298,2024-05-31,Pro,79.9,17,6,Cartão de Crédito,4,1,319.6
CUST-07299,2025-12-03,Pro,79.9,5,5,Cartão de Crédito,17,0,1358.3
CUST-07300,2025-08-25,Pro,79.9,1,8,Boleto,5,1,399.5
CUST-07301,2025-12-05,Pro,79.9,16,5,Pix,23,0,1837.7
CUST-07302,2024-12-05,Pro,79.9,6,7,Cartão de Crédito,22,0,1757.8
CUST-07303,2025-10-28,Pro,79.9,14,10,Boleto,11,1,878.9
CUST-07304,2024-01-10,Enterprise,249.9,23,7,Cartão de Crédito,8,1,1999.2
CUST-07305,2024-08-02,Enterprise,249.9,13,7,Boleto,2,1,499.8
CUST-07306,2024-05-22,Enterprise,249.9,0,0,Boleto,3,1,749.7
CUST-07307,2024-01-07,Basic,29.9,11,4,Boleto,15,0,448.5
CUST-07308,2024-03-30,Pro,79.9,27,1,Pix,18,0,1438.2
CUST-07309,2025-07-06,Basic,29.9,16,0,Pix,13,0,388.7
CUST-07310,2025-04-18,Pro,79.9,24,5,Pix,4,1,319.6
CUST-07311,2025-09-18,Pro,79.9,16,6,Cartão de Crédito,6,1,479.4
CUST-07312,2024-08-11,Pro,79.9,29,0,Boleto,15,0,1198.5
CUST-07313,2025-03-23,Enterprise,249.9,21,10,Cartão de Crédito,18,0,4498.2
CUST-07314,2024-01-07,Pro,79.9,18,2,Pix,14,0,1118.6
CUST-07315,2025-01-23,Enterprise,249.9,0,7,Boleto,8,1,1999.2
CUST-07316,2025-02-14,Enterprise,249.9,14,2,Cartão de Crédito,8,1,1999.2
CUST-07317,2024-03-16,Basic,29.9,1,2,Cartão de Crédito,21,0,627.9
CUST-07318,2025-05-02,Enterprise,249.9,20,4,Pix,23,0,5747.7
CUST-07319,2025-06-07,Basic,29.9,6,9,Boleto,15,0,448.5
CUST-07320,2025-04-14,Enterprise,249.9,23,10,Pix,12,1,2998.8
CUST-07321,2024-04-09,Basic,29.9,1,7,Pix,3,1,89.7
CUST-07322,2024-02-05,Enterprise,249.9,19,6,Cartão de Crédito,7,1,1749.3
CUST-07323,2024-02-21,Basic,29.9,24,2,Pix,22,0,657.8
CUST-07324,2024-01-23,Enterprise,249.9,17,0,Boleto,13,0,3248.7
CUST-07325,2025-11-11,Pro,79.9,26,6,Boleto,2,1,159.8
CUST-07326,2024-10-18,Basic,29.9,26,7,Boleto,6,1,179.4
CUST-07327,2024-09-28,Enterprise,249.9,9,6,Boleto,1,1,249.9
CUST-07328,2024-11-29,Enterprise,249.9,22,6,Cartão de Crédito,16,0,3998.4
CUST-07329,2025-01-03,Basic,29.9,24,4,Boleto,15,0,448.5
CUST-07330,2024-03-22,Basic,29.9,19,2,Cartão de Crédito,19,0,568.1
CUST-07331,2024-11-20,Pro,79.9,30,3,Cartão de Crédito,24,0,1917.6
CUST-07332,2024-03-31,Basic,29.9,29,2,Boleto,23,0,687.7
CUST-07333,2024-07-08,Basic,29.9,9,6,Cartão de Crédito,16,0,478.4
CUST-07334,2024-11-13,Pro,79.9,24,7,Cartão de Crédito,24,0,1917.6
CUST-07335,2025-12-30,Pro,79.9,11,1,Boleto,22,0,1757.8
CUST-07336,2024-09-17,Basic,29.9,11,0,Pix,15,0,448.5
CUST-07337,2024-12-10,Enterprise,249.9,11,1,Cartão de Crédito,8,1,1999.2
CUST-07338,2025-05-10,Enterprise,249.9,28,2,Pix,17,0,4248.3
CUST-07339,2025-08-14,Pro,79.9,20,10,Pix,17,0,1358.3
CUST-07340,2024-09-17,Basic,29.9,16,10,Cartão de Crédito,17,0,508.3
CUST-07341,2025-04-07,Enterprise,249.9,9,9,Pix,6,1,1499.4
CUST-07342,2024-10-10,Enterprise,249.9,24,1,Cartão de Crédito,19,0,4748.1
CUST-07343,2025-06-15,Pro,79.9,11,4,Cartão de Crédito,13,0,1038.7
CUST-07344,2024-08-29,Basic,29.9,20,6,Boleto,16,0,478.4
CUST-07345,2025-03-14,Enterprise,249.9,13,3,Boleto,24,0,5997.6
CUST-07346,2024-05-24,Basic,29.9,20,5,Cartão de Crédito,16,0,478.4
CUST-07347,2025-12-31,Pro,79.9,11,0,Boleto,16,0,1278.4
CUST-07348,2025-08-21,Enterprise,249.9,0,4,Cartão de Crédito,17,0,4248.3
CUST-07349,2024-10-09,Basic,29.9,2,3,Cartão de Crédito,11,1,328.9
CUST-07350,2025-07-16,Pro,79.9,8,10,Pix,24,0,1917.6
CUST-07351,2024-06-11,Enterprise,249.9,29,5,Boleto,22,0,5497.8
CUST-07352,2025-12-21,Enterprise,249.9,13,5,Boleto,22,0,5497.8
CUST-07353,2024-10-14,Enterprise,249.9,3,0,Pix,8,1,1999.2
CUST-07354,2025-04-15,Enterprise,249.9,30,9,Boleto,14,0,3498.6
CUST-07355,2025-03-29,Pro,79.9,17,2,Boleto,22,0,1757.8
CUST-07356,2024-09-20,Pro,79.9,0,4,Boleto,10,1,799.0
CUST-07357,2024-06-27,Pro,79.9,6,7,Boleto,16,0,1278.4
CUST-07358,2025-08-23,Basic,29.9,21,3,Cartão de Crédito,17,0,508.3
CUST-07359,2025-10-06,Enterprise,249.9,27,2,Cartão de Crédito,6,1,1499.4
CUST-07360,2024-06-07,Pro,79.9,5,2,Cartão de Crédito,20,0,1598.0
CUST-07361,2025-08-16,Basic,29.9,2,1,Cartão de Crédito,24,0,717.6
CUST-07362,2025-02-04,Pro,79.9,1,10,Cartão de Crédito,12,1,958.8
CUST-07363,2024-06-08,Basic,29.9,20,10,Boleto,11,1,328.9
CUST-07364,2024-08-14,Pro,79.9,22,10,Cartão de Crédito,23,0,1837.7
CUST-07365,2025-11-22,Basic,29.9,25,8,Boleto,20,0,598.0
CUST-07366,2024-01-14,Basic,29.9,2,6,Pix,21,0,627.9
CUST-07367,2024-10-30,Basic,29.9,23,6,Pix,22,0,657.8
CUST-07368,2025-07-26,Basic,29.9,21,0,Pix,24,0,717.6
CUST-07369,2024-09-01,Basic,29.9,1,3,Boleto,20,0,598.0
CUST-07370,2024-02-18,Enterprise,249.9,11,1,Boleto,21,0,5247.9
CUST-07371,2024-01-09,Enterprise,249.9,20,10,Cartão de Crédito,13,0,3248.7
CUST-07372,2025-10-26,Enterprise,249.9,29,6,Cartão de Crédito,13,0,3248.7
CUST-07373,2024-06-22,Enterprise,249.9,12,1,Cartão de Crédito,16,0,3998.4
CUST-07374,2024-01-02,Enterprise,249.9,1,6,Cartão de Crédito,19,0,4748.1
CUST-07375,2024-10-28,Pro,79.9,22,1,Pix,22,0,1757.8
CUST-07376,2025-12-11,Pro,79.9,22,6,Cartão de Crédito,3,1,239.7
CUST-07377,2024-07-06,Pro,79.9,17,7,Pix,23,0,1837.7
CUST-07378,2024-04-11,Pro,79.9,20,1,Boleto,15,0,1198.5
CUST-07379,2024-05-26,Enterprise,249.9,25,8,Cartão de Crédito,15,0,3748.5
CUST-07380,2025-06-24,Basic,29.9,0,1,Cartão de Crédito,20,0,598.0
CUST-07381,2024-01-26,Enterprise,249.9,6,2,Boleto,17,0,4248.3
CUST-07382,2024-10-19,Pro,79.9,29,10,Boleto,9,1,719.1
CUST-07383,2025-02-10,Enterprise,249.9,3,9,Boleto,6,1,1499.4
CUST-07384,2024-06-25,Enterprise,249.9,15,5,Cartão de Crédito,13,0,3248.7
CUST-07385,2024-02-28,Basic,29.9,13,5,Pix,17,0,508.3
CUST-07386,2025-10-25,Enterprise,249.9,22,0,Cartão de Crédito,17,0,4248.3
CUST-07387,2025-04-22,Pro,79.9,28,1,Pix,14,0,1118.6
CUST-07388,2025-08-30,Basic,29.9,0,7,Cartão de Crédito,9,1,269.1
CUST-07389,2024-10-31,Basic,29.9,5,2,Boleto,15,0,448.5
CUST-07390,2024-02-03,Basic,29.9,4,1,Cartão de Crédito,23,0,687.7
CUST-07391,2024-02-14,Pro,79.9,2,3,Pix,18,0,1438.2
CUST-07392,2024-09-30,Enterprise,249.9,9,4,Pix,18,0,4498.2
CUST-07393,2025-11-01,Enterprise,249.9,8,0,Boleto,23,0,5747.7
CUST-07394,2025-08-27,Enterprise,249.9,27,10,Pix,21,0,5247.9
CUST-07395,2025-09-07,Basic,29.9,5,10,Boleto,24,0,717.6
CUST-07396,2025-05-08,Pro,79.9,18,8,Pix,16,0,1278.4
CUST-07397,2025-01-10,Pro,79.9,24,7,Cartão de Crédito,16,0,1278.4
CUST-07398,2025-01-24,Basic,29.9,19,5,Pix,16,0,478.4
CUST-07399,2024-05-03,Pro,79.9,24,1,Boleto,17,0,1358.3
CUST-07400,2024-11-14,Basic,29.9,23,1,Cartão de Crédito,14,0,418.6
CUST-07401,2025-07-07,Basic,29.9,20,1,Cartão de Crédito,21,0,627.9
CUST-07402,2024-04-25,Basic,29.9,10,0,Pix,21,0,627.9
CUST-07403,2024-01-18,Basic,29.9,11,6,Pix,15,0,448.5
CUST-07404,2025-02-06,Enterprise,249.9,30,9,Boleto,17,0,4248.3
CUST-07405,2025-01-28,Pro,79.9,26,8,Boleto,23,0,1837.7
CUST-07406,2025-08-05,Pro,79.9,5,9,Boleto,13,0,1038.7
CUST-07407,2025-06-19,Basic,29.9,30,1,Boleto,19,0,568.1
CUST-07408,2025-10-02,Pro,79.9,4,3,Pix,5,1,399.5
CUST-07409,2025-10-09,Basic,29.9,2,7,Boleto,4,1,119.6
CUST-07410,2025-08-06,Pro,79.9,28,4,Boleto,20,0,1598.0
CUST-07411,2024-09-12,Basic,29.9,12,4,Cartão de Crédito,15,0,448.5
CUST-07412,2025-08-27,Enterprise,249.9,27,1,Pix,20,0,4998.0
CUST-07413,2025-10-10,Basic,29.9,13,1,Pix,18,0,538.2
CUST-07414,2025-01-23,Basic,29.9,25,7,Pix,1,1,29.9
CUST-07415,2025-06-18,Pro,79.9,22,5,Boleto,17,0,1358.3
CUST-07416,2024-01-22,Basic,29.9,18,1,Cartão de Crédito,11,1,328.9
CUST-07417,2025-01-24,Pro,79.9,24,4,Pix,18,0,1438.2
CUST-07418,2025-08-19,Enterprise,249.9,2,5,Cartão de Crédito,16,0,3998.4
CUST-07419,2024-05-12,Basic,29.9,16,0,Boleto,7,1,209.3
CUST-07420,2024-03-20,Basic,29.9,30,5,Boleto,21,0,627.9
CUST-07421,2024-02-15,Basic,29.9,11,10,Cartão de Crédito,24,0,717.6
CUST-07422,2025-09-29,Basic,29.9,5,5,Pix,22,0,657.8
CUST-07423,2025-06-14,Basic,29.9,11,5,Boleto,16,0,478.4
CUST-07424,2024-08-19,Basic,29.9,29,5,Pix,21,0,627.9
CUST-07425,2024-04-11,Basic,29.9,19,7,Pix,15,0,448.5
CUST-07426,2025-08-01,Enterprise,249.9,8,8,Boleto,19,0,4748.1
CUST-07427,2024-01-28,Enterprise,249.9,3,4,Pix,17,0,4248.3
CUST-07428,2025-06-24,Basic,29.9,12,2,Pix,7,1,209.3
CUST-07429,2025-01-26,Basic,29.9,23,8,Cartão de Crédito,20,0,598.0
CUST-07430,2024-07-29,Pro,79.9,11,5,Boleto,20,0,1598.0
CUST-07431,2024-09-11,Basic,29.9,10,2,Cartão de Crédito,24,0,717.6
CUST-07432,2024-03-12,Pro,79.9,21,2,Pix,15,0,1198.5
CUST-07433,2025-01-27,Pro,79.9,7,7,Boleto,1,1,79.9
CUST-07434,2024-10-13,Enterprise,249.9,9,4,Cartão de Crédito,19,0,4748.1
CUST-07435,2024-03-31,Pro,79.9,4,6,Boleto,7,1,559.3
CUST-07436,2025-09-17,Pro,79.9,21,10,Boleto,6,1,479.4
CUST-07437,2025-05-25,Enterprise,249.9,24,6,Boleto,6,1,1499.4
CUST-07438,2025-11-11,Enterprise,249.9,0,9,Boleto,9,1,2249.1
CUST-07439,2024-11-09,Basic,29.9,19,2,Cartão de Crédito,21,0,627.9
CUST-07440,2025-07-19,Basic,29.9,16,2,Pix,22,0,657.8
CUST-07441,2024-10-18,Basic,29.9,3,10,Cartão de Crédito,6,1,179.4
CUST-07442,2024-08-23,Basic,29.9,1,2,Boleto,10,1,299.0
CUST-07443,2025-01-07,Pro,79.9,4,5,Pix,5,1,399.5
CUST-07444,2025-08-19,Pro,79.9,25,6,Cartão de Crédito,12,1,958.8
CUST-07445,2024-11-08,Enterprise,249.9,7,3,Boleto,9,1,2249.1
CUST-07446,2024-08-19,Pro,79.9,30,8,Boleto,3,1,239.7
CUST-07447,2025-02-19,Basic,29.9,24,9,Boleto,5,1,149.5
CUST-07448,2024-03-09,Pro,79.9,21,8,Boleto,19,0,1518.1
CUST-07449,2025-05-28,Enterprise,249.9,21,6,Cartão de Crédito,22,0,5497.8
CUST-07450,2025-01-15,Basic,29.9,27,3,Cartão de Crédito,17,0,508.3
CUST-07451,2024-02-16,Enterprise,249.9,26,5,Pix,14,0,3498.6
CUST-07452,2024-10-30,Pro,79.9,26,10,Pix,1,1,79.9
CUST-07453,2024-09-14,Pro,79.9,21,1,Boleto,14,0,1118.6
CUST-07454,2024-05-18,Basic,29.9,14,6,Cartão de Crédito,1,1,29.9
CUST-07455,2024-07-29,Pro,79.9,14,8,Pix,20,0,1598.0
CUST-07456,2025-05-23,Pro,79.9,8,2,Pix,14,0,1118.6
CUST-07457,2025-09-04,Enterprise,249.9,18,6,Boleto,2,1,499.8
CUST-07458,2024-07-01,Basic,29.9,6,9,Pix,22,0,657.8
CUST-07459,2025-04-18,Enterprise,249.9,13,0,Boleto,16,0,3998.4
CUST-07460,2025-10-30,Pro,79.9,4,6,Boleto,2,1,159.8
CUST-07461,2025-12-23,Pro,79.9,11,7,Boleto,24,0,1917.6
CUST-07462,2025-01-29,Basic,29.9,21,1,Boleto,22,0,657.8
CUST-07463,2025-05-11,Pro,79.9,23,10,Cartão de Crédito,14,0,1118.6
CUST-07464,2025-07-29,Enterprise,249.9,10,4,Cartão de Crédito,20,0,4998.0
CUST-07465,2024-03-20,Pro,79.9,20,3,Cartão de Crédito,24,0,1917.6
CUST-07466,2024-05-06,Basic,29.9,19,6,Pix,4,1,119.6
CUST-07467,2025-09-18,Basic,29.9,29,2,Pix,18,0,538.2
CUST-07468,2024-08-15,Basic,29.9,15,3,Cartão de Crédito,13,0,388.7
CUST-07469,2024-05-09,Basic,29.9,3,7,Cartão de Crédito,15,0,448.5
CUST-07470,2024-03-06,Pro,79.9,13,8,Pix,6,1,479.4
CUST-07471,2025-11-05,Enterprise,249.9,17,4,Pix,16,0,3998.4
CUST-07472,2025-09-05,Basic,29.9,18,5,Pix,20,0,598.0
CUST-07473,2025-05-14,Enterprise,249.9,1,7,Pix,6,1,1499.4
CUST-07474,2024-01-12,Pro,79.9,22,10,Pix,20,0,1598.0
CUST-07475,2025-06-07,Pro,79.9,0,5,Pix,8,1,639.2
CUST-07476,2025-04-13,Basic,29.9,13,2,Boleto,18,0,538.2
CUST-07477,2025-08-24,Pro,79.9,24,1,Boleto,13,0,1038.7
CUST-07478,2024-04-23,Basic,29.9,0,1,Pix,7,1,209.3
CUST-07479,2025-03-30,Enterprise,249.9,9,1,Cartão de Crédito,17,0,4248.3
CUST-07480,2025-10-12,Enterprise,249.9,13,8,Pix,20,0,4998.0
CUST-07481,2024-05-02,Basic,29.9,25,2,Pix,23,0,687.7
CUST-07482,2024-05-31,Pro,79.9,28,4,Boleto,19,0,1518.1
CUST-07483,2024-12-19,Basic,29.9,27,6,Pix,13,0,388.7
CUST-07484,2024-07-06,Basic,29.9,1,1,Cartão de Crédito,15,0,448.5
CUST-07485,2025-09-04,Pro,79.9,4,4,Cartão de Crédito,20,0,1598.0
CUST-07486,2025-12-02,Pro,79.9,17,8,Boleto,1,1,79.9
CUST-07487,2025-07-16,Basic,29.9,29,2,Pix,20,0,598.0
CUST-07488,2025-05-28,Basic,29.9,4,0,Cartão de Crédito,22,0,657.8
CUST-07489,2025-03-06,Basic,29.9,14,2,Pix,20,0,598.0
CUST-07490,2025-01-27,Enterprise,249.9,3,2,Pix,24,0,5997.6
CUST-07491,2024-06-14,Basic,29.9,30,10,Cartão de Crédito,18,0,538.2
CUST-07492,2025-01-21,Enterprise,249.9,1,9,Boleto,6,1,1499.4
CUST-07493,2024-02-29,Basic,29.9,1,8,Cartão de Crédito,19,0,568.1
CUST-07494,2025-01-01,Enterprise,249.9,9,1,Cartão de Crédito,23,0,5747.7
CUST-07495,2024-06-09,Basic,29.9,16,10,Pix,24,0,717.6
CUST-07496,2025-09-13,Pro,79.9,10,2,Boleto,23,0,1837.7
CUST-07497,2024-12-08,Basic,29.9,22,1,Cartão de Crédito,18,0,538.2
CUST-07498,2024-11-15,Pro,79.9,20,2,Pix,14,0,1118.6
CUST-07499,2025-05-21,Pro,79.9,16,9,Pix,4,1,319.6
CUST-07500,2025-10-18,Basic,29.9,2,9,Cartão de Crédito,7,1,209.3
CUST-07501,2024-11-29,Basic,29.9,9,10,Pix,13,0,388.7
CUST-07502,2025-05-26,Enterprise,249.9,1,6,Cartão de Crédito,4,1,999.6
CUST-07503,2024-08-20,Basic,29.9,28,0,Boleto,2,1,59.8
CUST-07504,2024-03-29,Basic,29.9,15,3,Boleto,19,0,568.1
CUST-07505,2025-08-10,Basic,29.9,14,1,Boleto,24,0,717.6
CUST-07506,2025-08-26,Pro,79.9,21,3,Pix,17,0,1358.3
CUST-07507,2025-01-24,Enterprise,249.9,4,5,Cartão de Crédito,2,1,499.8
CUST-07508,2024-01-25,Enterprise,249.9,23,2,Pix,16,0,3998.4
CUST-07509,2024-08-17,Basic,29.9,28,4,Boleto,16,0,478.4
CUST-07510,2024-03-15,Basic,29.9,25,3,Pix,3,1,89.7
CUST-07511,2024-06-30,Enterprise,249.9,24,8,Pix,24,0,5997.6
CUST-07512,2024-04-29,Enterprise,249.9,18,10,Pix,1,1,249.9
CUST-07513,2024-01-14,Basic,29.9,22,5,Boleto,19,0,568.1
CUST-07514,2025-10-10,Basic,29.9,23,2,Boleto,18,0,538.2
CUST-07515,2024-07-27,Pro,79.9,29,3,Boleto,17,0,1358.3
CUST-07516,2025-10-10,Basic,29.9,28,7,Boleto,11,1,328.9
CUST-07517,2024-10-30,Basic,29.9,12,3,Boleto,15,0,448.5
CUST-07518,2024-12-21,Pro,79.9,6,6,Boleto,4,1,319.6
CUST-07519,2025-03-15,Basic,29.9,9,9,Boleto,9,1,269.1
CUST-07520,2024-06-27,Pro,79.9,3,8,Cartão de Crédito,6,1,479.4
CUST-07521,2024-05-08,Basic,29.9,19,10,Boleto,10,1,299.0
CUST-07522,2024-09-02,Basic,29.9,11,10,Pix,23,0,687.7
CUST-07523,2024-06-16,Pro,79.9,0,6,Boleto,11,1,878.9
CUST-07524,2024-06-06,Basic,29.9,8,2,Cartão de Crédito,23,0,687.7
CUST-07525,2024-07-29,Pro,79.9,16,2,Boleto,13,0,1038.7
CUST-07526,2024-05-25,Pro,79.9,11,5,Boleto,21,0,1677.9
CUST-07527,2025-07-15,Pro,79.9,4,8,Boleto,7,1,559.3
CUST-07528,2024-03-19,Pro,79.9,20,4,Cartão de Crédito,22,0,1757.8
CUST-07529,2024-12-08,Enterprise,249.9,2,2,Pix,14,0,3498.6
CUST-07530,2025-10-07,Basic,29.9,9,8,Boleto,24,0,717.6
CUST-07531,2024-06-02,Pro,79.9,18,9,Cartão de Crédito,14,0,1118.6
CUST-07532,2024-11-26,Enterprise,249.9,13,6,Cartão de Crédito,15,0,3748.5
CUST-07533,2024-02-24,Enterprise,249.9,6,1,Cartão de Crédito,17,0,4248.3
CUST-07534,2025-10-25,Enterprise,249.9,23,4,Boleto,15,0,3748.5
CUST-07535,2024-07-27,Enterprise,249.9,23,5,Pix,13,0,3248.7
CUST-07536,2025-03-24,Enterprise,249.9,6,7,Boleto,11,1,2748.9
CUST-07537,2024-10-31,Pro,79.9,30,9,Cartão de Crédito,7,1,559.3
CUST-07538,2024-12-15,Pro,79.9,26,3,Boleto,15,0,1198.5
CUST-07539,2025-04-29,Enterprise,249.9,30,0,Cartão de Crédito,21,0,5247.9
CUST-07540,2024-12-22,Basic,29.9,1,5,Pix,4,1,119.6
CUST-07541,2024-05-06,Enterprise,249.9,4,3,Pix,1,1,249.9
CUST-07542,2025-09-05,Basic,29.9,8,9,Pix,4,1,119.6
CUST-07543,2025-01-11,Enterprise,249.9,26,10,Cartão de Crédito,18,0,4498.2
CUST-07544,2024-01-20,Basic,29.9,24,10,Pix,12,1,358.8
CUST-07545,2025-06-10,Enterprise,249.9,22,7,Cartão de Crédito,7,1,1749.3
CUST-07546,2024-10-17,Enterprise,249.9,21,3,Pix,14,0,3498.6
CUST-07547,2024-04-16,Pro,79.9,27,2,Cartão de Crédito,18,0,1438.2
CUST-07548,2024-12-16,Enterprise,249.9,10,6,Cartão de Crédito,12,1,2998.8
CUST-07549,2024-02-29,Enterprise,249.9,19,6,Boleto,24,0,5997.6
CUST-07550,2024-01-15,Basic,29.9,7,1,Boleto,23,0,687.7
CUST-07551,2025-09-17,Pro,79.9,16,3,Boleto,14,0,1118.6
CUST-07552,2024-06-11,Pro,79.9,9,3,Boleto,24,0,1917.6
CUST-07553,2025-01-01,Enterprise,249.9,22,3,Cartão de Crédito,23,0,5747.7
CUST-07554,2024-06-26,Pro,79.9,21,2,Pix,19,0,1518.1
CUST-07555,2025-09-10,Pro,79.9,30,10,Pix,23,0,1837.7
CUST-07556,2025-06-18,Pro,79.9,26,6,Cartão de Crédito,20,0,1598.0
CUST-07557,2025-10-12,Pro,79.9,0,9,Boleto,1,1,79.9
CUST-07558,2024-09-10,Basic,29.9,17,1,Pix,16,0,478.4
CUST-07559,2024-06-10,Pro,79.9,11,10,Cartão de Crédito,9,1,719.1
CUST-07560,2024-09-24,Pro,79.9,15,7,Cartão de Crédito,22,0,1757.8
CUST-07561,2024-05-18,Enterprise,249.9,7,4,Cartão de Crédito,14,0,3498.6
CUST-07562,2024-04-08,Basic,29.9,14,5,Pix,1,1,29.9
CUST-07563,2024-03-07,Basic,29.9,23,3,Pix,18,0,538.2
CUST-07564,2024-06-03,Pro,79.9,3,2,Boleto,20,0,1598.0
CUST-07565,2024-02-05,Basic,29.9,8,3,Cartão de Crédito,23,0,687.7
CUST-07566,2024-10-04,Enterprise,249.9,15,8,Boleto,4,1,999.6
CUST-07567,2024-01-20,Basic,29.9,11,8,Pix,14,0,418.6
CUST-07568,2024-01-02,Basic,29.9,13,2,Pix,23,0,687.7
CUST-07569,2025-06-27,Pro,79.9,2,3,Pix,16,0,1278.4
CUST-07570,2024-05-03,Basic,29.9,11,2,Pix,23,0,687.7
CUST-07571,2025-02-22,Pro,79.9,30,9,Boleto,20,0,1598.0
CUST-07572,2025-08-09,Pro,79.9,27,4,Pix,20,0,1598.0
CUST-07573,2025-12-05,Pro,79.9,30,8,Pix,18,0,1438.2
CUST-07574,2025-06-04,Pro,79.9,27,4,Boleto,13,0,1038.7
CUST-07575,2025-05-04,Basic,29.9,12,9,Pix,8,1,239.2
CUST-07576,2025-02-05,Basic,29.9,3,9,Boleto,3,1,89.7
CUST-07577,2025-07-17,Pro,79.9,10,5,Cartão de Crédito,19,0,1518.1
CUST-07578,2025-02-07,Basic,29.9,14,9,Boleto,6,1,179.4
CUST-07579,2024-07-15,Enterprise,249.9,1,5,Boleto,21,0,5247.9
CUST-07580,2024-10-02,Enterprise,249.9,16,0,Pix,24,0,5997.6
CUST-07581,2024-10-06,Enterprise,249.9,21,7,Cartão de Crédito,18,0,4498.2
CUST-07582,2025-03-04,Enterprise,249.9,24,1,Cartão de Crédito,23,0,5747.7
CUST-07583,2025-03-12,Pro,79.9,24,6,Boleto,15,0,1198.5
CUST-07584,2024-10-25,Pro,79.9,18,8,Boleto,3,1,239.7
CUST-07585,2024-11-16,Enterprise,249.9,15,4,Boleto,18,0,4498.2
CUST-07586,2025-01-05,Basic,29.9,27,10,Cartão de Crédito,21,0,627.9
CUST-07587,2024-09-09,Enterprise,249.9,13,0,Cartão de Crédito,21,0,5247.9
CUST-07588,2025-12-08,Basic,29.9,4,7,Cartão de Crédito,12,1,358.8
CUST-07589,2025-03-30,Pro,79.9,19,5,Cartão de Crédito,18,0,1438.2
CUST-07590,2024-06-06,Enterprise,249.9,14,0,Boleto,19,0,4748.1
CUST-07591,2024-01-19,Enterprise,249.9,5,6,Cartão de Crédito,17,0,4248.3
CUST-07592,2025-08-26,Pro,79.9,13,4,Cartão de Crédito,14,0,1118.6
CUST-07593,2024-06-02,Pro,79.9,28,0,Boleto,14,0,1118.6
CUST-07594,2024-07-28,Pro,79.9,8,6,Boleto,15,0,1198.5
CUST-07595,2025-07-19,Enterprise,249.9,7,3,Pix,16,0,3998.4
CUST-07596,2025-11-16,Basic,29.9,24,5,Pix,6,1,179.4
CUST-07597,2025-05-12,Enterprise,249.9,28,8,Boleto,24,0,5997.6
CUST-07598,2024-09-17,Enterprise,249.9,1,3,Pix,5,1,1249.5
CUST-07599,2025-12-15,Enterprise,249.9,28,7,Cartão de Crédito,20,0,4998.0
CUST-07600,2024-04-06,Basic,29.9,22,6,Pix,20,0,598.0
CUST-07601,2024-05-25,Basic,29.9,6,9,Cartão de Crédito,16,0,478.4
CUST-07602,2024-10-21,Basic,29.9,19,6,Pix,22,0,657.8
CUST-07603,2024-06-13,Basic,29.9,8,2,Pix,14,0,418.6
CUST-07604,2025-11-09,Pro,79.9,18,2,Cartão de Crédito,21,0,1677.9
CUST-07605,2025-06-25,Pro,79.9,30,6,Boleto,17,0,1358.3
CUST-07606,2025-10-24,Enterprise,249.9,21,1,Boleto,19,0,4748.1
CUST-07607,2025-06-28,Basic,29.9,23,6,Cartão de Crédito,22,0,657.8
CUST-07608,2025-09-21,Enterprise,249.9,30,0,Pix,14,0,3498.6
CUST-07609,2025-05-22,Enterprise,249.9,24,7,Boleto,16,0,3998.4
CUST-07610,2025-11-04,Enterprise,249.9,19,9,Cartão de Crédito,20,0,4998.0
CUST-07611,2024-12-02,Enterprise,249.9,4,8,Cartão de Crédito,11,1,2748.9
CUST-07612,2025-01-22,Basic,29.9,11,0,Cartão de Crédito,14,0,418.6
CUST-07613,2025-10-02,Basic,29.9,20,8,Boleto,14,0,418.6
CUST-07614,2025-11-06,Basic,29.9,24,6,Cartão de Crédito,24,0,717.6
CUST-07615,2025-11-22,Enterprise,249.9,25,1,Pix,24,0,5997.6
CUST-07616,2024-12-13,Pro,79.9,15,10,Boleto,17,0,1358.3
CUST-07617,2025-07-28,Basic,29.9,11,10,Boleto,12,1,358.8
CUST-07618,2024-06-11,Enterprise,249.9,15,1,Cartão de Crédito,15,0,3748.5
CUST-07619,2024-07-02,Enterprise,249.9,23,5,Boleto,18,0,4498.2
CUST-07620,2024-03-23,Enterprise,249.9,24,0,Cartão de Crédito,20,0,4998.0
CUST-07621,2025-06-18,Pro,79.9,5,0,Pix,14,0,1118.6
CUST-07622,2025-06-02,Basic,29.9,3,6,Cartão de Crédito,12,1,358.8
CUST-07623,2024-04-30,Basic,29.9,21,2,Boleto,24,0,717.6
CUST-07624,2025-04-17,Pro,79.9,12,0,Pix,23,0,1837.7
CUST-07625,2025-07-03,Enterprise,249.9,26,0,Cartão de Crédito,19,0,4748.1
CUST-07626,2024-08-20,Pro,79.9,10,8,Pix,22,0,1757.8
CUST-07627,2024-04-08,Enterprise,249.9,29,6,Pix,3,1,749.7
CUST-07628,2024-06-09,Pro,79.9,15,9,Cartão de Crédito,16,0,1278.4
CUST-07629,2024-05-02,Enterprise,249.9,5,1,Boleto,16,0,3998.4
CUST-07630,2024-10-05,Pro,79.9,14,1,Cartão de Crédito,14,0,1118.6
CUST-07631,2024-06-24,Pro,79.9,17,0,Boleto,21,0,1677.9
CUST-07632,2025-10-14,Enterprise,249.9,4,9,Boleto,12,1,2998.8
CUST-07633,2024-02-12,Pro,79.9,18,8,Pix,23,0,1837.7
CUST-07634,2025-03-21,Pro,79.9,18,6,Pix,4,1,319.6
CUST-07635,2025-04-03,Pro,79.9,25,6,Cartão de Crédito,14,0,1118.6
CUST-07636,2025-01-02,Basic,29.9,16,5,Boleto,21,0,627.9
CUST-07637,2025-09-18,Basic,29.9,17,2,Cartão de Crédito,13,0,388.7
CUST-07638,2025-08-12,Enterprise,249.9,24,0,Boleto,18,0,4498.2
CUST-07639,2024-11-07,Pro,79.9,8,2,Pix,23,0,1837.7
CUST-07640,2024-04-14,Enterprise,249.9,14,9,Pix,18,0,4498.2
CUST-07641,2025-11-09,Enterprise,249.9,12,4,Boleto,17,0,4248.3
CUST-07642,2025-12-31,Basic,29.9,24,5,Pix,13,0,388.7
CUST-07643,2024-07-20,Basic,29.9,18,9,Pix,18,0,538.2
CUST-07644,2025-08-27,Enterprise,249.9,4,10,Cartão de Crédito,5,1,1249.5
CUST-07645,2024-07-22,Enterprise,249.9,2,8,Boleto,3,1,749.7
CUST-07646,2024-10-25,Basic,29.9,16,8,Cartão de Crédito,15,0,448.5
CUST-07647,2025-05-22,Pro,79.9,11,2,Boleto,14,0,1118.6
CUST-07648,2024-04-20,Pro,79.9,18,2,Pix,18,0,1438.2
CUST-07649,2024-04-28,Pro,79.9,27,7,Pix,18,0,1438.2
CUST-07650,2025-06-30,Basic,29.9,5,2,Boleto,19,0,568.1
CUST-07651,2025-12-21,Enterprise,249.9,16,8,Pix,16,0,3998.4
CUST-07652,2024-02-09,Pro,79.9,7,8,Boleto,11,1,878.9
CUST-07653,2024-11-30,Basic,29.9,12,4,Cartão de Crédito,21,0,627.9
CUST-07654,2025-02-05,Basic,29.9,25,6,Boleto,14,0,418.6
CUST-07655,2024-09-25,Enterprise,249.9,18,3,Pix,13,0,3248.7
CUST-07656,2025-08-03,Enterprise,249.9,7,8,Boleto,21,0,5247.9
CUST-07657,2024-02-09,Pro,79.9,6,4,Boleto,23,0,1837.7
CUST-07658,2025-01-28,Enterprise,249.9,20,7,Boleto,16,0,3998.4
CUST-07659,2024-01-13,Pro,79.9,26,7,Pix,18,0,1438.2
CUST-07660,2025-02-01,Pro,79.9,1,10,Cartão de Crédito,10,1,799.0
CUST-07661,2025-10-02,Pro,79.9,12,6,Pix,19,0,1518.1
CUST-07662,2024-11-04,Enterprise,249.9,28,4,Cartão de Crédito,15,0,3748.5
CUST-07663,2025-10-13,Enterprise,249.9,22,2,Pix,24,0,5997.6
CUST-07664,2024-03-26,Basic,29.9,25,4,Cartão de Crédito,19,0,568.1
CUST-07665,2024-08-12,Pro,79.9,30,6,Pix,14,0,1118.6
CUST-07666,2025-07-04,Pro,79.9,21,0,Boleto,21,0,1677.9
CUST-07667,2025-02-05,Pro,79.9,16,0,Pix,23,0,1837.7
CUST-07668,2025-07-05,Pro,79.9,2,10,Boleto,2,1,159.8
CUST-07669,2025-06-25,Basic,29.9,0,10,Pix,8,1,239.2
CUST-07670,2024-07-12,Enterprise,249.9,13,3,Cartão de Crédito,8,1,1999.2
CUST-07671,2024-07-24,Basic,29.9,14,4,Pix,17,0,508.3
CUST-07672,2025-08-29,Enterprise,249.9,4,6,Pix,22,0,5497.8
CUST-07673,2024-06-18,Pro,79.9,20,0,Boleto,14,0,1118.6
CUST-07674,2025-09-24,Basic,29.9,6,3,Boleto,24,0,717.6
CUST-07675,2024-08-03,Enterprise,249.9,1,8,Pix,4,1,999.6
CUST-07676,2024-04-14,Pro,79.9,17,6,Boleto,21,0,1677.9
CUST-07677,2025-10-14,Basic,29.9,15,6,Cartão de Crédito,2,1,59.8
CUST-07678,2025-11-09,Basic,29.9,4,4,Cartão de Crédito,22,0,657.8
CUST-07679,2025-06-19,Enterprise,249.9,18,5,Boleto,22,0,5497.8
CUST-07680,2024-03-15,Basic,29.9,29,4,Cartão de Crédito,19,0,568.1
CUST-07681,2024-04-20,Enterprise,249.9,2,4,Cartão de Crédito,23,0,5747.7
CUST-07682,2025-09-28,Basic,29.9,5,0,Boleto,20,0,598.0
CUST-07683,2025-06-04,Enterprise,249.9,26,0,Pix,16,0,3998.4
CUST-07684,2025-02-02,Basic,29.9,3,2,Boleto,16,0,478.4
CUST-07685,2024-10-21,Pro,79.9,6,8,Pix,11,1,878.9
CUST-07686,2025-02-24,Pro,79.9,10,7,Pix,1,1,79.9
CUST-07687,2024-12-20,Basic,29.9,11,5,Cartão de Crédito,22,0,657.8
CUST-07688,2024-12-02,Basic,29.9,29,2,Boleto,17,0,508.3
CUST-07689,2025-09-29,Enterprise,249.9,7,1,Pix,13,0,3248.7
CUST-07690,2025-11-04,Pro,79.9,30,3,Cartão de Crédito,22,0,1757.8
CUST-07691,2024-09-30,Pro,79.9,26,4,Boleto,13,0,1038.7
CUST-07692,2025-01-07,Pro,79.9,6,0,Cartão de Crédito,22,0,1757.8
CUST-07693,2024-02-07,Enterprise,249.9,5,10,Pix,12,1,2998.8
CUST-07694,2024-01-01,Basic,29.9,16,10,Pix,12,1,358.8
CUST-07695,2025-08-20,Enterprise,249.9,7,4,Boleto,18,0,4498.2
CUST-07696,2024-07-29,Pro,79.9,19,9,Boleto,17,0,1358.3
CUST-07697,2024-12-31,Pro,79.9,6,4,Boleto,22,0,1757.8
CUST-07698,2024-01-06,Enterprise,249.9,18,6,Boleto,6,1,1499.4
CUST-07699,2025-10-18,Pro,79.9,6,7,Pix,18,0,1438.2
CUST-07700,2024-05-18,Enterprise,249.9,26,3,Boleto,23,0,5747.7
CUST-07701,2024-01-21,Enterprise,249.9,16,3,Pix,20,0,4998.0
CUST-07702,2025-09-18,Pro,79.9,19,5,Cartão de Crédito,11,1,878.9
CUST-07703,2024-04-03,Pro,79.9,25,2,Pix,14,0,1118.6
CUST-07704,2024-04-09,Basic,29.9,17,2,Pix,13,0,388.7
CUST-07705,2024-09-21,Enterprise,249.9,11,9,Boleto,21,0,5247.9
CUST-07706,2024-05-25,Pro,79.9,11,0,Cartão de Crédito,23,0,1837.7
CUST-07707,2025-12-18,Enterprise,249.9,2,10,Cartão de Crédito,9,1,2249.1
CUST-07708,2024-05-28,Enterprise,249.9,19,8,Boleto,1,1,249.9
CUST-07709,2024-11-23,Enterprise,249.9,20,3,Boleto,17,0,4248.3
CUST-07710,2024-07-18,Enterprise,249.9,8,2,Cartão de Crédito,11,1,2748.9
CUST-07711,2025-02-06,Basic,29.9,7,8,Cartão de Crédito,19,0,568.1
CUST-07712,2025-12-12,Pro,79.9,13,7,Cartão de Crédito,15,0,1198.5
CUST-07713,2024-05-30,Basic,29.9,14,0,Cartão de Crédito,23,0,687.7
CUST-07714,2025-01-31,Enterprise,249.9,4,2,Cartão de Crédito,13,0,3248.7
CUST-07715,2025-08-25,Basic,29.9,29,0,Boleto,15,0,448.5
CUST-07716,2024-12-09,Basic,29.9,12,3,Cartão de Crédito,16,0,478.4
CUST-07717,2024-05-28,Pro,79.9,17,3,Boleto,14,0,1118.6
CUST-07718,2025-11-03,Enterprise,249.9,2,10,Cartão de Crédito,22,0,5497.8
CUST-07719,2025-01-14,Enterprise,249.9,4,10,Cartão de Crédito,11,1,2748.9
CUST-07720,2025-01-23,Basic,29.9,1,9,Pix,2,1,59.8
CUST-07721,2025-04-06,Enterprise,249.9,2,1,Pix,10,1,2499.0
CUST-07722,2024-04-23,Pro,79.9,10,6,Pix,22,0,1757.8
CUST-07723,2024-06-05,Pro,79.9,15,0,Boleto,20,0,1598.0
CUST-07724,2024-10-31,Basic,29.9,21,3,Cartão de Crédito,13,0,388.7
CUST-07725,2024-08-10,Pro,79.9,8,5,Pix,15,0,1198.5
CUST-07726,2025-01-18,Enterprise,249.9,12,6,Pix,11,1,2748.9
CUST-07727,2025-08-05,Enterprise,249.9,2,3,Cartão de Crédito,13,0,3248.7
CUST-07728,2024-02-12,Enterprise,249.9,10,0,Boleto,20,0,4998.0
CUST-07729,2024-02-14,Enterprise,249.9,12,4,Boleto,21,0,5247.9
CUST-07730,2024-01-30,Enterprise,249.9,13,4,Boleto,19,0,4748.1
CUST-07731,2024-02-12,Pro,79.9,5,3,Cartão de Crédito,13,0,1038.7
CUST-07732,2025-02-02,Basic,29.9,15,6,Cartão de Crédito,16,0,478.4
CUST-07733,2025-03-11,Enterprise,249.9,14,6,Pix,14,0,3498.6
CUST-07734,2024-04-14,Pro,79.9,19,6,Pix,23,0,1837.7
CUST-07735,2025-12-01,Enterprise,249.9,19,3,Cartão de Crédito,20,0,4998.0
CUST-07736,2025-10-25,Enterprise,249.9,28,0,Pix,19,0,4748.1
CUST-07737,2024-09-22,Basic,29.9,0,4,Pix,8,1,239.2
CUST-07738,2024-12-27,Enterprise,249.9,22,6,Cartão de Crédito,16,0,3998.4
CUST-07739,2024-03-17,Basic,29.9,24,6,Cartão de Crédito,18,0,538.2
CUST-07740,2024-11-24,Pro,79.9,7,3,Cartão de Crédito,15,0,1198.5
CUST-07741,2024-07-17,Enterprise,249.9,16,5,Cartão de Crédito,18,0,4498.2
CUST-07742,2024-03-14,Basic,29.9,24,4,Pix,20,0,598.0
CUST-07743,2025-09-27,Pro,79.9,0,10,Boleto,7,1,559.3
CUST-07744,2024-03-23,Basic,29.9,13,5,Boleto,23,0,687.7
CUST-07745,2025-01-20,Pro,79.9,6,7,Cartão de Crédito,8,1,639.2
CUST-07746,2024-03-21,Pro,79.9,25,7,Pix,15,0,1198.5
CUST-07747,2025-09-07,Pro,79.9,4,3,Boleto,5,1,399.5
CUST-07748,2024-09-20,Pro,79.9,16,2,Cartão de Crédito,13,0,1038.7
CUST-07749,2025-02-28,Enterprise,249.9,21,2,Pix,23,0,5747.7
CUST-07750,2025-11-24,Basic,29.9,16,6,Boleto,19,0,568.1
CUST-07751,2024-11-01,Pro,79.9,30,8,Boleto,20,0,1598.0
CUST-07752,2025-10-20,Basic,29.9,1,9,Pix,6,1,179.4
CUST-07753,2024-07-19,Basic,29.9,6,10,Pix,5,1,149.5
CUST-07754,2025-09-29,Enterprise,249.9,15,6,Pix,24,0,5997.6
CUST-07755,2025-07-24,Enterprise,249.9,10,5,Pix,23,0,5747.7
CUST-07756,2025-06-23,Enterprise,249.9,8,6,Pix,2,1,499.8
CUST-07757,2025-12-12,Pro,79.9,5,0,Cartão de Crédito,18,0,1438.2
CUST-07758,2025-12-05,Enterprise,249.9,20,7,Boleto,23,0,5747.7
CUST-07759,2025-10-31,Basic,29.9,28,5,Cartão de Crédito,6,1,179.4
CUST-07760,2025-12-02,Basic,29.9,27,7,Pix,18,0,538.2
CUST-07761,2025-06-29,Basic,29.9,15,2,Pix,15,0,448.5
CUST-07762,2025-10-27,Enterprise,249.9,12,1,Boleto,21,0,5247.9
CUST-07763,2024-08-31,Enterprise,249.9,17,8,Pix,21,0,5247.9
CUST-07764,2024-12-10,Pro,79.9,2,0,Boleto,13,0,1038.7
CUST-07765,2024-09-25,Pro,79.9,2,7,Cartão de Crédito,11,1,878.9
CUST-07766,2024-09-24,Basic,29.9,2,2,Boleto,7,1,209.3
CUST-07767,2025-05-21,Basic,29.9,9,2,Boleto,21,0,627.9
CUST-07768,2024-10-30,Pro,79.9,26,7,Cartão de Crédito,10,1,799.0
CUST-07769,2024-05-06,Enterprise,249.9,20,4,Cartão de Crédito,21,0,5247.9
CUST-07770,2025-08-02,Pro,79.9,19,3,Boleto,16,0,1278.4
CUST-07771,2024-07-20,Basic,29.9,12,5,Pix,24,0,717.6
CUST-07772,2025-12-29,Basic,29.9,27,1,Cartão de Crédito,20,0,598.0
CUST-07773,2025-02-17,Enterprise,249.9,18,8,Pix,22,0,5497.8
CUST-07774,2025-11-11,Enterprise,249.9,11,5,Boleto,22,0,5497.8
CUST-07775,2024-03-31,Pro,79.9,30,9,Pix,20,0,1598.0
CUST-07776,2025-06-10,Enterprise,249.9,25,0,Boleto,23,0,5747.7
CUST-07777,2025-09-23,Enterprise,249.9,19,0,Pix,16,0,3998.4
CUST-07778,2024-05-30,Pro,79.9,1,8,Pix,18,0,1438.2
CUST-07779,2025-05-23,Enterprise,249.9,14,4,Boleto,21,0,5247.9
CUST-07780,2025-02-23,Basic,29.9,18,10,Cartão de Crédito,14,0,418.6
CUST-07781,2025-05-26,Basic,29.9,13,9,Cartão de Crédito,17,0,508.3
CUST-07782,2025-12-22,Basic,29.9,13,3,Cartão de Crédito,17,0,508.3
CUST-07783,2024-09-15,Enterprise,249.9,9,9,Pix,15,0,3748.5
CUST-07784,2025-05-07,Basic,29.9,6,3,Pix,15,0,448.5
CUST-07785,2025-03-29,Enterprise,249.9,18,4,Boleto,21,0,5247.9
CUST-07786,2024-11-04,Enterprise,249.9,21,0,Pix,21,0,5247.9
CUST-07787,2024-11-08,Pro,79.9,26,4,Boleto,17,0,1358.3
CUST-07788,2025-10-11,Enterprise,249.9,14,3,Pix,22,0,5497.8
CUST-07789,2024-09-15,Basic,29.9,18,5,Cartão de Crédito,19,0,568.1
CUST-07790,2024-08-09,Pro,79.9,23,1,Boleto,10,1,799.0
CUST-07791,2024-01-16,Pro,79.9,14,7,Boleto,10,1,799.0
CUST-07792,2024-08-24,Pro,79.9,4,3,Cartão de Crédito,24,0,1917.6
CUST-07793,2024-02-06,Basic,29.9,9,9,Cartão de Crédito,8,1,239.2
CUST-07794,2025-10-31,Basic,29.9,28,4,Boleto,13,0,388.7
CUST-07795,2024-06-12,Basic,29.9,21,9,Cartão de Crédito,23,0,687.7
CUST-07796,2025-08-05,Enterprise,249.9,13,2,Pix,22,0,5497.8
CUST-07797,2024-10-12,Pro,79.9,12,2,Cartão de Crédito,11,1,878.9
CUST-07798,2024-10-06,Basic,29.9,11,1,Pix,22,0,657.8
CUST-07799,2024-06-02,Basic,29.9,8,9,Boleto,13,0,388.7
CUST-07800,2025-10-19,Enterprise,249.9,23,2,Cartão de Crédito,20,0,4998.0
CUST-07801,2024-04-12,Enterprise,249.9,3,7,Pix,10,1,2499.0
CUST-07802,2025-06-27,Basic,29.9,0,1,Cartão de Crédito,8,1,239.2
CUST-07803,2024-10-27,Basic,29.9,13,6,Cartão de Crédito,18,0,538.2
CUST-07804,2024-08-16,Enterprise,249.9,30,4,Boleto,23,0,5747.7
CUST-07805,2025-04-09,Pro,79.9,14,0,Cartão de Crédito,21,0,1677.9
CUST-07806,2025-07-15,Basic,29.9,4,10,Pix,5,1,149.5
CUST-07807,2025-09-04,Pro,79.9,3,9,Boleto,11,1,878.9
CUST-07808,2025-04-30,Enterprise,249.9,0,7,Boleto,15,0,3748.5
CUST-07809,2024-10-30,Basic,29.9,9,5,Pix,23,0,687.7
CUST-07810,2025-03-15,Enterprise,249.9,14,1,Boleto,10,1,2499.0
CUST-07811,2024-10-08,Pro,79.9,9,0,Cartão de Crédito,24,0,1917.6
CUST-07812,2025-05-21,Basic,29.9,13,9,Cartão de Crédito,9,1,269.1
CUST-07813,2024-08-11,Pro,79.9,18,6,Boleto,4,1,319.6
CUST-07814,2024-04-22,Basic,29.9,7,3,Pix,23,0,687.7
CUST-07815,2024-04-14,Pro,79.9,9,8,Cartão de Crédito,21,0,1677.9
CUST-07816,2025-01-19,Basic,29.9,17,10,Boleto,7,1,209.3
CUST-07817,2025-06-10,Enterprise,249.9,0,5,Pix,9,1,2249.1
CUST-07818,2025-09-16,Basic,29.9,9,9,Cartão de Crédito,24,0,717.6
CUST-07819,2025-09-28,Pro,79.9,8,8,Pix,15,0,1198.5
CUST-07820,2025-07-29,Basic,29.9,15,4,Pix,18,0,538.2
CUST-07821,2025-06-13,Basic,29.9,13,10,Cartão de Crédito,17,0,508.3
CUST-07822,2025-03-28,Basic,29.9,21,5,Pix,23,0,687.7
CUST-07823,2024-08-10,Pro,79.9,22,3,Pix,21,0,1677.9
CUST-07824,2024-02-14,Pro,79.9,20,8,Cartão de Crédito,15,0,1198.5
CUST-07825,2024-07-22,Enterprise,249.9,11,6,Pix,23,0,5747.7
CUST-07826,2024-08-23,Basic,29.9,7,5,Boleto,24,0,717.6
CUST-07827,2025-04-23,Basic,29.9,17,8,Pix,11,1,328.9
CUST-07828,2024-05-19,Pro,79.9,4,3,Boleto,14,0,1118.6
CUST-07829,2025-10-15,Enterprise,249.9,12,0,Pix,24,0,5997.6
CUST-07830,2025-12-04,Enterprise,249.9,11,7,Cartão de Crédito,21,0,5247.9
CUST-07831,2025-03-08,Pro,79.9,25,8,Cartão de Crédito,3,1,239.7
CUST-07832,2024-07-26,Pro,79.9,19,2,Boleto,14,0,1118.6
CUST-07833,2024-09-03,Pro,79.9,10,4,Cartão de Crédito,23,0,1837.7
CUST-07834,2025-10-04,Basic,29.9,22,4,Boleto,13,0,388.7
CUST-07835,2024-03-13,Enterprise,249.9,2,4,Boleto,9,1,2249.1
CUST-07836,2025-05-31,Enterprise,249.9,23,2,Cartão de Crédito,22,0,5497.8
CUST-07837,2024-03-05,Pro,79.9,24,6,Boleto,1,1,79.9
CUST-07838,2024-03-20,Pro,79.9,6,1,Boleto,21,0,1677.9
CUST-07839,2025-08-31,Pro,79.9,5,10,Boleto,23,0,1837.7
CUST-07840,2025-01-17,Pro,79.9,5,6,Cartão de Crédito,11,1,878.9
CUST-07841,2024-01-31,Enterprise,249.9,2,10,Cartão de Crédito,23,0,5747.7
CUST-07842,2025-05-05,Basic,29.9,23,10,Pix,14,0,418.6
CUST-07843,2024-08-25,Pro,79.9,18,10,Boleto,10,1,799.0
CUST-07844,2025-04-22,Pro,79.9,21,3,Boleto,16,0,1278.4
CUST-07845,2025-07-09,Enterprise,249.9,24,1,Cartão de Crédito,19,0,4748.1
CUST-07846,2024-07-01,Basic,29.9,12,8,Boleto,16,0,478.4
CUST-07847,2024-09-27,Enterprise,249.9,29,7,Cartão de Crédito,7,1,1749.3
CUST-07848,2025-03-19,Enterprise,249.9,28,3,Pix,14,0,3498.6
CUST-07849,2025-06-09,Pro,79.9,5,0,Boleto,22,0,1757.8
CUST-07850,2024-04-08,Basic,29.9,11,7,Pix,13,0,388.7
CUST-07851,2025-08-01,Enterprise,249.9,16,6,Boleto,5,1,1249.5
CUST-07852,2025-03-04,Basic,29.9,15,10,Boleto,11,1,328.9
CUST-07853,2025-07-05,Pro,79.9,3,8,Boleto,21,0,1677.9
CUST-07854,2025-01-15,Enterprise,249.9,8,3,Boleto,21,0,5247.9
CUST-07855,2025-01-28,Basic,29.9,1,2,Pix,6,1,179.4
CUST-07856,2025-11-22,Pro,79.9,17,0,Pix,19,0,1518.1
CUST-07857,2025-10-25,Enterprise,249.9,16,7,Pix,14,0,3498.6
CUST-07858,2024-12-07,Enterprise,249.9,19,5,Pix,21,0,5247.9
CUST-07859,2024-07-15,Enterprise,249.9,1,8,Cartão de Crédito,11,1,2748.9
CUST-07860,2024-03-04,Enterprise,249.9,7,7,Boleto,20,0,4998.0
CUST-07861,2024-07-02,Pro,79.9,13,4,Pix,3,1,239.7
CUST-07862,2024-11-09,Pro,79.9,19,0,Boleto,24,0,1917.6
CUST-07863,2025-02-15,Basic,29.9,8,1,Boleto,14,0,418.6
CUST-07864,2025-04-16,Basic,29.9,25,5,Pix,21,0,627.9
CUST-07865,2025-03-20,Enterprise,249.9,20,1,Cartão de Crédito,19,0,4748.1
CUST-07866,2024-01-09,Pro,79.9,28,0,Cartão de Crédito,24,0,1917.6
CUST-07867,2025-12-18,Enterprise,249.9,26,1,Pix,22,0,5497.8
CUST-07868,2025-04-18,Enterprise,249.9,21,6,Cartão de Crédito,12,1,2998.8
CUST-07869,2024-11-26,Enterprise,249.9,25,0,Boleto,15,0,3748.5
CUST-07870,2024-02-03,Pro,79.9,24,6,Pix,13,0,1038.7
CUST-07871,2025-02-11,Pro,79.9,28,6,Cartão de Crédito,16,0,1278.4
CUST-07872,2024-11-04,Pro,79.9,5,1,Cartão de Crédito,19,0,1518.1
CUST-07873,2024-12-20,Enterprise,249.9,27,3,Cartão de Crédito,15,0,3748.5
CUST-07874,2025-05-12,Basic,29.9,27,2,Pix,21,0,627.9
CUST-07875,2025-05-08,Basic,29.9,6,4,Cartão de Crédito,22,0,657.8
CUST-07876,2025-10-18,Basic,29.9,11,4,Pix,17,0,508.3
CUST-07877,2025-08-10,Pro,79.9,11,2,Pix,7,1,559.3
CUST-07878,2025-08-05,Pro,79.9,7,5,Boleto,20,0,1598.0
CUST-07879,2025-04-14,Basic,29.9,10,4,Pix,17,0,508.3
CUST-07880,2024-06-16,Basic,29.9,30,4,Cartão de Crédito,2,1,59.8
CUST-07881,2024-05-03,Basic,29.9,0,0,Boleto,22,0,657.8
CUST-07882,2025-08-17,Pro,79.9,10,10,Boleto,8,1,639.2
CUST-07883,2025-10-15,Pro,79.9,18,8,Pix,11,1,878.9
CUST-07884,2025-02-13,Pro,79.9,5,1,Cartão de Crédito,20,0,1598.0
CUST-07885,2024-12-02,Enterprise,249.9,6,1,Pix,18,0,4498.2
CUST-07886,2025-12-24,Basic,29.9,3,4,Cartão de Crédito,23,0,687.7
CUST-07887,2024-11-23,Enterprise,249.9,11,6,Pix,6,1,1499.4
CUST-07888,2024-07-20,Enterprise,249.9,20,2,Boleto,15,0,3748.5
CUST-07889,2025-05-19,Basic,29.9,15,1,Cartão de Crédito,15,0,448.5
CUST-07890,2024-10-31,Basic,29.9,26,9,Pix,21,0,627.9
CUST-07891,2025-09-01,Basic,29.9,11,3,Pix,15,0,448.5
CUST-07892,2024-03-31,Pro,79.9,12,1,Cartão de Crédito,18,0,1438.2
CUST-07893,2024-02-12,Enterprise,249.9,4,4,Boleto,24,0,5997.6
CUST-07894,2025-08-17,Enterprise,249.9,28,9,Cartão de Crédito,19,0,4748.1
CUST-07895,2024-03-23,Pro,79.9,15,8,Boleto,23,0,1837.7
CUST-07896,2024-03-27,Enterprise,249.9,13,10,Cartão de Crédito,6,1,1499.4
CUST-07897,2024-12-24,Enterprise,249.9,20,2,Boleto,14,0,3498.6
CUST-07898,2025-04-26,Enterprise,249.9,13,10,Pix,18,0,4498.2
CUST-07899,2024-10-03,Basic,29.9,2,0,Cartão de Crédito,9,1,269.1
CUST-07900,2024-09-06,Basic,29.9,3,5,Boleto,6,1,179.4
CUST-07901,2024-03-07,Enterprise,249.9,28,7,Pix,2,1,499.8
CUST-07902,2024-08-16,Pro,79.9,17,4,Cartão de Crédito,15,0,1198.5
CUST-07903,2025-09-28,Enterprise,249.9,4,10,Cartão de Crédito,14,0,3498.6
CUST-07904,2025-01-01,Pro,79.9,27,8,Pix,2,1,159.8
CUST-07905,2024-03-05,Pro,79.9,28,4,Cartão de Crédito,17,0,1358.3
CUST-07906,2025-04-21,Enterprise,249.9,22,3,Pix,18,0,4498.2
CUST-07907,2025-10-05,Enterprise,249.9,8,7,Boleto,7,1,1749.3
CUST-07908,2025-08-28,Pro,79.9,15,1,Boleto,8,1,639.2
CUST-07909,2025-05-17,Pro,79.9,29,9,Boleto,21,0,1677.9
CUST-07910,2025-06-11,Enterprise,249.9,28,7,Pix,23,0,5747.7
CUST-07911,2024-11-15,Basic,29.9,5,4,Pix,5,1,149.5
CUST-07912,2024-01-03,Pro,79.9,28,3,Pix,19,0,1518.1
CUST-07913,2024-02-02,Enterprise,249.9,5,9,Boleto,8,1,1999.2
CUST-07914,2024-04-08,Enterprise,249.9,5,7,Pix,3,1,749.7
CUST-07915,2025-12-17,Pro,79.9,4,1,Cartão de Crédito,22,0,1757.8
CUST-07916,2024-06-03,Basic,29.9,19,2,Cartão de Crédito,20,0,598.0
CUST-07917,2024-11-03,Enterprise,249.9,4,9,Pix,12,1,2998.8
CUST-07918,2025-07-05,Pro,79.9,5,6,Cartão de Crédito,11,1,878.9
CUST-07919,2024-06-27,Basic,29.9,26,5,Cartão de Crédito,15,0,448.5
CUST-07920,2025-04-19,Basic,29.9,16,7,Pix,24,0,717.6
CUST-07921,2025-07-26,Pro,79.9,10,10,Cartão de Crédito,24,0,1917.6
CUST-07922,2024-09-07,Enterprise,249.9,27,5,Cartão de Crédito,18,0,4498.2
CUST-07923,2025-04-13,Basic,29.9,4,6,Boleto,7,1,209.3
CUST-07924,2025-12-21,Pro,79.9,30,7,Boleto,18,0,1438.2
CUST-07925,2024-10-31,Enterprise,249.9,14,8,Cartão de Crédito,18,0,4498.2
CUST-07926,2024-05-11,Pro,79.9,16,5,Boleto,16,0,1278.4
CUST-07927,2024-01-11,Basic,29.9,7,3,Cartão de Crédito,14,0,418.6
CUST-07928,2025-10-15,Basic,29.9,23,6,Cartão de Crédito,21,0,627.9
CUST-07929,2025-07-20,Basic,29.9,26,10,Boleto,19,0,568.1
CUST-07930,2024-11-01,Basic,29.9,13,2,Pix,20,0,598.0
CUST-07931,2025-06-08,Pro,79.9,4,1,Boleto,8,1,639.2
CUST-07932,2024-11-22,Enterprise,249.9,3,0,Cartão de Crédito,23,0,5747.7
CUST-07933,2024-03-06,Basic,29.9,15,8,Boleto,3,1,89.7
CUST-07934,2025-09-16,Pro,79.9,26,7,Boleto,11,1,878.9
CUST-07935,2024-01-01,Enterprise,249.9,24,1,Cartão de Crédito,18,0,4498.2
CUST-07936,2024-07-09,Basic,29.9,23,4,Cartão de Crédito,14,0,418.6
CUST-07937,2024-07-05,Basic,29.9,30,1,Pix,17,0,508.3
CUST-07938,2024-09-14,Pro,79.9,26,6,Pix,22,0,1757.8
CUST-07939,2024-05-01,Basic,29.9,6,2,Pix,7,1,209.3
CUST-07940,2024-07-02,Pro,79.9,29,5,Boleto,18,0,1438.2
CUST-07941,2025-10-14,Pro,79.9,8,4,Boleto,22,0,1757.8
CUST-07942,2025-08-19,Basic,29.9,18,8,Cartão de Crédito,6,1,179.4
CUST-07943,2024-03-15,Enterprise,249.9,19,8,Boleto,14,0,3498.6
CUST-07944,2025-07-13,Pro,79.9,0,10,Boleto,9,1,719.1
CUST-07945,2024-05-20,Enterprise,249.9,10,10,Cartão de Crédito,10,1,2499.0
CUST-07946,2025-01-29,Enterprise,249.9,17,10,Boleto,16,0,3998.4
CUST-07947,2025-03-05,Enterprise,249.9,11,6,Boleto,2,1,499.8
CUST-07948,2025-05-17,Enterprise,249.9,0,5,Boleto,2,1,499.8
CUST-07949,2025-01-21,Pro,79.9,24,7,Cartão de Crédito,21,0,1677.9
CUST-07950,2024-06-15,Enterprise,249.9,19,9,Pix,22,0,5497.8
CUST-07951,2024-05-27,Enterprise,249.9,18,5,Cartão de Crédito,14,0,3498.6
CUST-07952,2024-03-19,Basic,29.9,14,10,Cartão de Crédito,24,0,717.6
CUST-07953,2024-07-04,Basic,29.9,6,4,Cartão de Crédito,22,0,657.8
CUST-07954,2024-09-17,Enterprise,249.9,11,3,Pix,23,0,5747.7
CUST-07955,2024-03-03,Pro,79.9,27,4,Boleto,18,0,1438.2
CUST-07956,2024-12-25,Pro,79.9,17,7,Pix,21,0,1677.9
CUST-07957,2025-11-23,Basic,29.9,22,2,Boleto,17,0,508.3
CUST-07958,2024-07-24,Enterprise,249.9,16,8,Cartão de Crédito,12,1,2998.8
CUST-07959,2025-05-04,Enterprise,249.9,17,3,Cartão de Crédito,2,1,499.8
CUST-07960,2024-06-05,Enterprise,249.9,29,3,Cartão de Crédito,16,0,3998.4
CUST-07961,2025-09-01,Enterprise,249.9,2,1,Pix,2,1,499.8
CUST-07962,2024-03-27,Basic,29.9,24,10,Cartão de Crédito,9,1,269.1
CUST-07963,2025-12-07,Basic,29.9,18,0,Cartão de Crédito,19,0,568.1
CUST-07964,2025-01-24,Basic,29.9,6,1,Cartão de Crédito,2,1,59.8
CUST-07965,2024-10-09,Pro,79.9,27,0,Cartão de Crédito,17,0,1358.3
CUST-07966,2024-06-13,Basic,29.9,1,10,Cartão de Crédito,10,1,299.0
CUST-07967,2025-03-13,Pro,79.9,27,7,Pix,14,0,1118.6
CUST-07968,2025-08-08,Enterprise,249.9,4,6,Cartão de Crédito,20,0,4998.0
CUST-07969,2024-11-20,Basic,29.9,28,9,Pix,11,1,328.9
CUST-07970,2025-03-31,Pro,79.9,7,8,Pix,20,0,1598.0
CUST-07971,2025-06-10,Pro,79.9,2,6,Pix,12,1,958.8
CUST-07972,2024-10-08,Enterprise,249.9,23,10,Pix,4,1,999.6
CUST-07973,2025-02-17,Pro,79.9,12,5,Pix,23,0,1837.7
CUST-07974,2025-02-14,Basic,29.9,20,1,Boleto,16,0,478.4
CUST-07975,2024-11-20,Basic,29.9,11,6,Pix,14,0,418.6
CUST-07976,2025-07-04,Enterprise,249.9,21,2,Cartão de Crédito,22,0,5497.8
CUST-07977,2025-06-11,Pro,79.9,0,2,Cartão de Crédito,11,1,878.9
CUST-07978,2024-05-11,Enterprise,249.9,26,0,Cartão de Crédito,17,0,4248.3
CUST-07979,2024-01-01,Basic,29.9,7,3,Cartão de Crédito,17,0,508.3
CUST-07980,2024-01-21,Pro,79.9,10,4,Boleto,15,0,1198.5
CUST-07981,2025-03-10,Basic,29.9,25,10,Boleto,20,0,598.0
CUST-07982,2024-07-11,Basic,29.9,10,0,Boleto,24,0,717.6
CUST-07983,2025-12-15,Basic,29.9,7,5,Cartão de Crédito,14,0,418.6
CUST-07984,2025-11-29,Pro,79.9,24,6,Boleto,17,0,1358.3
CUST-07985,2025-07-20,Basic,29.9,23,9,Boleto,17,0,508.3
CUST-07986,2024-10-08,Basic,29.9,18,8,Pix,14,0,418.6
CUST-07987,2025-11-20,Pro,79.9,28,5,Pix,14,0,1118.6
CUST-07988,2025-12-27,Basic,29.9,0,3,Pix,24,0,717.6
CUST-07989,2025-09-25,Basic,29.9,8,5,Pix,7,1,209.3
CUST-07990,2025-11-16,Pro,79.9,27,9,Cartão de Crédito,24,0,1917.6
CUST-07991,2024-01-27,Enterprise,249.9,9,5,Pix,7,1,1749.3
CUST-07992,2024-11-05,Pro,79.9,2,9,Pix,22,0,1757.8
CUST-07993,2024-12-18,Basic,29.9,6,3,Pix,18,0,538.2
CUST-07994,2024-04-07,Enterprise,249.9,14,7,Boleto,1,1,249.9
CUST-07995,2025-02-15,Basic,29.9,25,2,Cartão de Crédito,24,0,717.6
CUST-07996,2025-01-11,Pro,79.9,21,5,Cartão de Crédito,21,0,1677.9
CUST-07997,2025-06-14,Basic,29.9,11,2,Cartão de Crédito,13,0,388.7
CUST-07998,2025-08-18,Pro,79.9,7,4,Cartão de Crédito,22,0,1757.8
CUST-07999,2025-05-02,Pro,79.9,20,5,Pix,2,1,159.8
CUST-08000,2025-09-30,Enterprise,249.9,15,0,Pix,23,0,5747.7
CUST-08001,2024-10-11,Basic,29.9,0,0,Cartão de Crédito,21,0,627.9
CUST-08002,2025-04-05,Basic,29.9,24,6,Boleto,23,0,687.7
CUST-08003,2024-01-23,Enterprise,249.9,6,7,Pix,19,0,4748.1
CUST-08004,2024-07-22,Basic,29.9,26,0,Boleto,18,0,538.2
CUST-08005,2025-11-30,Enterprise,249.9,28,2,Boleto,17,0,4248.3
CUST-08006,2024-11-04,Enterprise,249.9,28,6,Cartão de Crédito,1,1,249.9
CUST-08007,2024-09-13,Enterprise,249.9,25,4,Pix,21,0,5247.9
CUST-08008,2025-08-27,Enterprise,249.9,23,4,Boleto,16,0,3998.4
CUST-08009,2024-11-28,Basic,29.9,24,2,Boleto,16,0,478.4
CUST-08010,2025-11-05,Basic,29.9,16,9,Pix,20,0,598.0
CUST-08011,2024-01-20,Basic,29.9,13,1,Boleto,13,0,388.7
CUST-08012,2024-12-20,Basic,29.9,21,9,Pix,17,0,508.3
CUST-08013,2025-03-30,Pro,79.9,16,8,Boleto,10,1,799.0
CUST-08014,2024-08-18,Enterprise,249.9,9,3,Boleto,21,0,5247.9
CUST-08015,2025-12-06,Basic,29.9,21,2,Pix,19,0,568.1
CUST-08016,2025-10-23,Enterprise,249.9,27,3,Pix,23,0,5747.7
CUST-08017,2025-06-20,Basic,29.9,0,6,Cartão de Crédito,24,0,717.6
CUST-08018,2024-10-03,Enterprise,249.9,18,4,Cartão de Crédito,22,0,5497.8
CUST-08019,2025-11-09,Basic,29.9,12,7,Cartão de Crédito,21,0,627.9
CUST-08020,2024-04-26,Pro,79.9,25,4,Boleto,20,0,1598.0
CUST-08021,2024-09-17,Pro,79.9,12,9,Cartão de Crédito,1,1,79.9
CUST-08022,2025-11-12,Pro,79.9,8,2,Cartão de Crédito,18,0,1438.2
CUST-08023,2025-09-04,Basic,29.9,6,3,Cartão de Crédito,17,0,508.3
CUST-08024,2025-10-19,Basic,29.9,16,10,Boleto,24,0,717.6
CUST-08025,2024-03-12,Enterprise,249.9,11,1,Pix,21,0,5247.9
CUST-08026,2024-12-25,Basic,29.9,3,3,Cartão de Crédito,16,0,478.4
CUST-08027,2025-02-26,Pro,79.9,0,10,Cartão de Crédito,10,1,799.0
CUST-08028,2025-05-12,Pro,79.9,27,0,Cartão de Crédito,16,0,1278.4
CUST-08029,2025-05-05,Basic,29.9,0,3,Boleto,8,1,239.2
CUST-08030,2024-03-23,Enterprise,249.9,17,3,Pix,21,0,5247.9
CUST-08031,2024-04-15,Basic,29.9,2,3,Cartão de Crédito,3,1,89.7
CUST-08032,2025-06-28,Pro,79.9,0,0,Boleto,2,1,159.8
CUST-08033,2025-12-11,Pro,79.9,13,3,Boleto,14,0,1118.6
CUST-08034,2025-07-26,Basic,29.9,15,8,Cartão de Crédito,9,1,269.1
CUST-08035,2025-10-26,Pro,79.9,11,4,Cartão de Crédito,21,0,1677.9
CUST-08036,2025-11-20,Pro,79.9,25,6,Pix,17,0,1358.3
CUST-08037,2025-12-01,Enterprise,249.9,6,5,Pix,22,0,5497.8
CUST-08038,2025-07-21,Pro,79.9,15,8,Pix,14,0,1118.6
CUST-08039,2024-07-29,Enterprise,249.9,1,7,Cartão de Crédito,5,1,1249.5
CUST-08040,2024-11-11,Pro,79.9,0,1,Cartão de Crédito,16,0,1278.4
CUST-08041,2024-05-01,Basic,29.9,29,8,Pix,14,0,418.6
CUST-08042,2024-11-04,Pro,79.9,17,4,Cartão de Crédito,24,0,1917.6
CUST-08043,2024-04-04,Enterprise,249.9,6,10,Boleto,16,0,3998.4
CUST-08044,2025-06-06,Basic,29.9,27,8,Pix,16,0,478.4
CUST-08045,2025-09-16,Enterprise,249.9,29,9,Cartão de Crédito,2,1,499.8
CUST-08046,2025-11-21,Pro,79.9,8,3,Pix,22,0,1757.8
CUST-08047,2025-09-18,Pro,79.9,5,5,Boleto,7,1,559.3
CUST-08048,2025-04-27,Pro,79.9,27,3,Pix,20,0,1598.0
CUST-08049,2024-08-26,Enterprise,249.9,26,7,Boleto,10,1,2499.0
CUST-08050,2025-11-23,Enterprise,249.9,29,8,Cartão de Crédito,20,0,4998.0
CUST-08051,2024-07-02,Basic,29.9,15,7,Pix,5,1,149.5
CUST-08052,2024-05-11,Enterprise,249.9,5,5,Boleto,15,0,3748.5
CUST-08053,2025-09-04,Pro,79.9,25,5,Boleto,21,0,1677.9
CUST-08054,2024-12-22,Pro,79.9,20,9,Pix,1,1,79.9
CUST-08055,2025-06-12,Pro,79.9,9,9,Boleto,15,0,1198.5
CUST-08056,2025-10-03,Basic,29.9,26,5,Cartão de Crédito,2,1,59.8
CUST-08057,2025-06-27,Pro,79.9,6,5,Boleto,19,0,1518.1
CUST-08058,2025-03-30,Pro,79.9,28,0,Boleto,16,0,1278.4
CUST-08059,2024-07-18,Enterprise,249.9,8,3,Cartão de Crédito,8,1,1999.2
CUST-08060,2024-01-20,Enterprise,249.9,6,9,Boleto,7,1,1749.3
CUST-08061,2024-09-25,Enterprise,249.9,17,7,Boleto,4,1,999.6
CUST-08062,2024-05-14,Pro,79.9,5,2,Cartão de Crédito,20,0,1598.0
CUST-08063,2025-04-12,Enterprise,249.9,20,6,Boleto,13,0,3248.7
CUST-08064,2025-04-21,Enterprise,249.9,15,0,Cartão de Crédito,13,0,3248.7
CUST-08065,2025-07-22,Basic,29.9,15,7,Pix,9,1,269.1
CUST-08066,2024-08-09,Enterprise,249.9,8,0,Pix,19,0,4748.1
CUST-08067,2024-03-13,Basic,29.9,28,5,Pix,16,0,478.4
CUST-08068,2025-06-19,Basic,29.9,3,2,Cartão de Crédito,4,1,119.6
CUST-08069,2024-11-04,Enterprise,249.9,16,3,Pix,21,0,5247.9
CUST-08070,2024-07-19,Pro,79.9,0,0,Cartão de Crédito,15,0,1198.5
CUST-08071,2024-08-27,Enterprise,249.9,21,8,Pix,6,1,1499.4
CUST-08072,2025-06-18,Enterprise,249.9,26,4,Boleto,19,0,4748.1
CUST-08073,2025-06-22,Enterprise,249.9,1,4,Boleto,24,0,5997.6
CUST-08074,2025-10-30,Enterprise,249.9,0,0,Boleto,23,0,5747.7
CUST-08075,2025-04-05,Pro,79.9,1,1,Pix,10,1,799.0
CUST-08076,2025-10-17,Pro,79.9,16,8,Cartão de Crédito,7,1,559.3
CUST-08077,2024-03-21,Basic,29.9,15,8,Pix,2,1,59.8
CUST-08078,2024-06-20,Basic,29.9,2,0,Boleto,8,1,239.2
CUST-08079,2025-08-28,Enterprise,249.9,2,2,Pix,16,0,3998.4
CUST-08080,2025-07-31,Enterprise,249.9,19,5,Cartão de Crédito,16,0,3998.4
CUST-08081,2025-12-01,Basic,29.9,6,0,Cartão de Crédito,15,0,448.5
CUST-08082,2024-09-01,Basic,29.9,22,5,Cartão de Crédito,20,0,598.0
CUST-08083,2025-01-20,Basic,29.9,19,1,Boleto,23,0,687.7
CUST-08084,2024-08-26,Basic,29.9,4,8,Cartão de Crédito,4,1,119.6
CUST-08085,2025-07-31,Basic,29.9,25,0,Cartão de Crédito,18,0,538.2
CUST-08086,2025-09-06,Enterprise,249.9,6,10,Cartão de Crédito,10,1,2499.0
CUST-08087,2024-02-08,Enterprise,249.9,10,0,Cartão de Crédito,16,0,3998.4
CUST-08088,2025-01-08,Basic,29.9,6,10,Cartão de Crédito,23,0,687.7
CUST-08089,2024-01-27,Basic,29.9,23,6,Cartão de Crédito,3,1,89.7
CUST-08090,2025-08-07,Pro,79.9,13,6,Cartão de Crédito,3,1,239.7
CUST-08091,2024-04-27,Enterprise,249.9,17,7,Boleto,13,0,3248.7
CUST-08092,2025-12-29,Enterprise,249.9,0,5,Pix,9,1,2249.1
CUST-08093,2025-05-19,Basic,29.9,29,10,Pix,9,1,269.1
CUST-08094,2025-03-12,Pro,79.9,30,4,Boleto,14,0,1118.6
CUST-08095,2024-04-26,Enterprise,249.9,27,8,Boleto,24,0,5997.6
CUST-08096,2025-11-18,Pro,79.9,15,10,Boleto,8,1,639.2
CUST-08097,2025-09-03,Pro,79.9,6,7,Cartão de Crédito,5,1,399.5
CUST-08098,2024-10-23,Basic,29.9,7,5,Pix,16,0,478.4
CUST-08099,2025-11-21,Pro,79.9,3,2,Cartão de Crédito,4,1,319.6
CUST-08100,2024-11-26,Basic,29.9,25,0,Cartão de Crédito,24,0,717.6
CUST-08101,2024-04-26,Pro,79.9,4,8,Cartão de Crédito,7,1,559.3
CUST-08102,2024-08-22,Enterprise,249.9,7,10,Boleto,4,1,999.6
CUST-08103,2024-03-08,Basic,29.9,25,1,Pix,13,0,388.7
CUST-08104,2024-09-13,Basic,29.9,20,0,Boleto,15,0,448.5
CUST-08105,2024-03-03,Basic,29.9,19,1,Boleto,24,0,717.6
CUST-08106,2024-06-02,Enterprise,249.9,5,7,Boleto,24,0,5997.6
CUST-08107,2025-04-08,Basic,29.9,22,9,Pix,4,1,119.6
CUST-08108,2025-07-07,Enterprise,249.9,3,5,Cartão de Crédito,12,1,2998.8
CUST-08109,2024-02-05,Enterprise,249.9,19,10,Cartão de Crédito,24,0,5997.6
CUST-08110,2025-04-11,Pro,79.9,3,2,Pix,1,1,79.9
CUST-08111,2025-08-19,Pro,79.9,9,2,Cartão de Crédito,22,0,1757.8
CUST-08112,2024-07-12,Basic,29.9,11,0,Cartão de Crédito,16,0,478.4
CUST-08113,2025-12-12,Basic,29.9,4,8,Pix,4,1,119.6
CUST-08114,2025-08-28,Enterprise,249.9,12,9,Boleto,20,0,4998.0
CUST-08115,2024-10-25,Enterprise,249.9,27,2,Boleto,19,0,4748.1
CUST-08116,2024-07-06,Pro,79.9,20,1,Boleto,22,0,1757.8
CUST-08117,2025-06-15,Pro,79.9,21,2,Boleto,20,0,1598.0
CUST-08118,2024-06-19,Enterprise,249.9,6,7,Boleto,11,1,2748.9
CUST-08119,2025-10-24,Enterprise,249.9,28,9,Boleto,14,0,3498.6
CUST-08120,2025-06-20,Enterprise,249.9,22,10,Pix,4,1,999.6
CUST-08121,2024-10-30,Basic,29.9,17,6,Pix,23,0,687.7
CUST-08122,2024-11-04,Enterprise,249.9,25,10,Pix,21,0,5247.9
CUST-08123,2025-12-13,Basic,29.9,5,10,Boleto,17,0,508.3
CUST-08124,2024-10-15,Enterprise,249.9,22,4,Pix,24,0,5997.6
CUST-08125,2025-09-03,Pro,79.9,11,6,Pix,18,0,1438.2
CUST-08126,2025-07-30,Pro,79.9,24,4,Pix,14,0,1118.6
CUST-08127,2024-01-02,Enterprise,249.9,19,4,Boleto,22,0,5497.8
CUST-08128,2024-04-18,Pro,79.9,18,5,Boleto,21,0,1677.9
CUST-08129,2025-06-20,Basic,29.9,21,1,Pix,23,0,687.7
CUST-08130,2025-11-15,Enterprise,249.9,11,7,Pix,17,0,4248.3
CUST-08131,2025-05-18,Enterprise,249.9,1,0,Cartão de Crédito,18,0,4498.2
CUST-08132,2024-07-15,Pro,79.9,2,4,Boleto,5,1,399.5
CUST-08133,2025-03-31,Pro,79.9,19,9,Cartão de Crédito,20,0,1598.0
CUST-08134,2024-03-11,Enterprise,249.9,26,7,Pix,22,0,5497.8
CUST-08135,2025-12-10,Basic,29.9,22,5,Cartão de Crédito,20,0,598.0
CUST-08136,2024-01-10,Pro,79.9,20,10,Boleto,17,0,1358.3
CUST-08137,2024-12-11,Basic,29.9,10,5,Pix,19,0,568.1
CUST-08138,2025-05-03,Pro,79.9,20,8,Cartão de Crédito,14,0,1118.6
CUST-08139,2025-02-12,Pro,79.9,2,4,Cartão de Crédito,10,1,799.0
CUST-08140,2025-05-17,Basic,29.9,7,9,Cartão de Crédito,4,1,119.6
CUST-08141,2025-01-07,Basic,29.9,30,6,Pix,19,0,568.1
CUST-08142,2024-11-07,Pro,79.9,9,9,Boleto,18,0,1438.2
CUST-08143,2025-04-23,Enterprise,249.9,6,10,Boleto,23,0,5747.7
CUST-08144,2025-01-09,Pro,79.9,26,5,Cartão de Crédito,20,0,1598.0
CUST-08145,2025-07-27,Basic,29.9,15,7,Boleto,5,1,149.5
CUST-08146,2025-04-03,Enterprise,249.9,1,1,Boleto,13,0,3248.7
CUST-08147,2024-12-16,Basic,29.9,30,2,Pix,13,0,388.7
CUST-08148,2024-11-11,Enterprise,249.9,0,10,Boleto,9,1,2249.1
CUST-08149,2025-02-08,Enterprise,249.9,22,8,Boleto,24,0,5997.6
CUST-08150,2025-12-25,Enterprise,249.9,14,1,Boleto,14,0,3498.6
CUST-08151,2025-10-10,Enterprise,249.9,28,5,Boleto,16,0,3998.4
CUST-08152,2025-09-01,Basic,29.9,16,9,Boleto,2,1,59.8
CUST-08153,2024-03-22,Pro,79.9,7,8,Cartão de Crédito,16,0,1278.4
CUST-08154,2024-12-31,Enterprise,249.9,27,10,Pix,9,1,2249.1
CUST-08155,2024-11-28,Enterprise,249.9,4,6,Cartão de Crédito,1,1,249.9
CUST-08156,2024-01-16,Enterprise,249.9,27,8,Cartão de Crédito,8,1,1999.2
CUST-08157,2025-05-13,Enterprise,249.9,22,10,Boleto,14,0,3498.6
CUST-08158,2025-11-10,Basic,29.9,15,7,Cartão de Crédito,22,0,657.8
CUST-08159,2025-05-10,Pro,79.9,19,2,Boleto,14,0,1118.6
CUST-08160,2024-01-19,Basic,29.9,24,10,Boleto,14,0,418.6
CUST-08161,2025-09-24,Basic,29.9,6,1,Boleto,13,0,388.7
CUST-08162,2024-05-20,Pro,79.9,30,1,Pix,17,0,1358.3
CUST-08163,2024-10-04,Basic,29.9,24,2,Pix,13,0,388.7
CUST-08164,2024-12-24,Pro,79.9,12,2,Pix,18,0,1438.2
CUST-08165,2024-01-01,Pro,79.9,3,9,Cartão de Crédito,10,1,799.0
CUST-08166,2024-03-27,Pro,79.9,5,9,Boleto,22,0,1757.8
CUST-08167,2024-05-25,Basic,29.9,26,4,Cartão de Crédito,21,0,627.9
CUST-08168,2024-07-13,Enterprise,249.9,6,4,Cartão de Crédito,20,0,4998.0
CUST-08169,2024-12-22,Basic,29.9,23,1,Boleto,16,0,478.4
CUST-08170,2025-06-03,Pro,79.9,25,6,Boleto,12,1,958.8
CUST-08171,2025-06-01,Pro,79.9,0,5,Boleto,21,0,1677.9
CUST-08172,2024-11-09,Enterprise,249.9,28,8,Pix,15,0,3748.5
CUST-08173,2024-04-08,Pro,79.9,16,7,Cartão de Crédito,6,1,479.4
CUST-08174,2024-02-13,Enterprise,249.9,16,10,Cartão de Crédito,13,0,3248.7
CUST-08175,2025-09-28,Pro,79.9,17,4,Pix,4,1,319.6
CUST-08176,2024-11-04,Basic,29.9,19,8,Pix,17,0,508.3
CUST-08177,2024-09-10,Basic,29.9,14,4,Boleto,5,1,149.5
CUST-08178,2024-05-19,Enterprise,249.9,16,5,Pix,18,0,4498.2
CUST-08179,2025-12-15,Basic,29.9,24,0,Cartão de Crédito,19,0,568.1
CUST-08180,2025-08-31,Pro,79.9,21,4,Boleto,4,1,319.6
CUST-08181,2025-06-24,Basic,29.9,20,5,Pix,21,0,627.9
CUST-08182,2025-01-20,Basic,29.9,0,10,Pix,2,1,59.8
CUST-08183,2025-08-09,Pro,79.9,11,6,Pix,9,1,719.1
CUST-08184,2024-06-23,Enterprise,249.9,10,0,Pix,20,0,4998.0
CUST-08185,2024-05-14,Basic,29.9,21,3,Cartão de Crédito,20,0,598.0
CUST-08186,2025-04-12,Enterprise,249.9,11,6,Pix,1,1,249.9
CUST-08187,2024-01-13,Enterprise,249.9,6,4,Cartão de Crédito,21,0,5247.9
CUST-08188,2025-05-21,Enterprise,249.9,30,5,Boleto,10,1,2499.0
CUST-08189,2024-01-11,Basic,29.9,13,3,Pix,17,0,508.3
CUST-08190,2024-01-13,Enterprise,249.9,9,5,Pix,17,0,4248.3
CUST-08191,2025-12-21,Basic,29.9,0,10,Boleto,7,1,209.3
CUST-08192,2024-12-07,Basic,29.9,15,9,Pix,24,0,717.6
CUST-08193,2025-04-08,Pro,79.9,0,10,Boleto,5,1,399.5
CUST-08194,2025-11-12,Basic,29.9,5,3,Pix,14,0,418.6
CUST-08195,2025-01-29,Enterprise,249.9,15,10,Pix,16,0,3998.4
CUST-08196,2024-02-07,Pro,79.9,6,8,Cartão de Crédito,4,1,319.6
CUST-08197,2025-04-14,Pro,79.9,24,8,Cartão de Crédito,16,0,1278.4
CUST-08198,2025-04-05,Basic,29.9,12,8,Pix,18,0,538.2
CUST-08199,2025-05-05,Pro,79.9,27,0,Cartão de Crédito,23,0,1837.7
CUST-08200,2024-03-05,Pro,79.9,18,2,Pix,22,0,1757.8
CUST-08201,2025-04-18,Pro,79.9,22,8,Pix,15,0,1198.5
CUST-08202,2024-10-27,Pro,79.9,4,2,Boleto,8,1,639.2
CUST-08203,2024-03-16,Basic,29.9,16,8,Cartão de Crédito,12,1,358.8
CUST-08204,2024-11-30,Basic,29.9,26,1,Cartão de Crédito,21,0,627.9
CUST-08205,2024-08-26,Basic,29.9,29,8,Cartão de Crédito,6,1,179.4
CUST-08206,2024-11-12,Pro,79.9,11,7,Pix,8,1,639.2
CUST-08207,2024-06-25,Enterprise,249.9,24,10,Pix,24,0,5997.6
CUST-08208,2024-04-13,Pro,79.9,26,4,Cartão de Crédito,21,0,1677.9
CUST-08209,2025-10-30,Enterprise,249.9,20,6,Cartão de Crédito,4,1,999.6
CUST-08210,2024-02-15,Pro,79.9,23,7,Boleto,17,0,1358.3
CUST-08211,2024-11-30,Enterprise,249.9,17,1,Pix,21,0,5247.9
CUST-08212,2024-05-20,Pro,79.9,22,2,Pix,15,0,1198.5
CUST-08213,2024-07-13,Enterprise,249.9,24,1,Boleto,24,0,5997.6
CUST-08214,2025-08-19,Pro,79.9,8,3,Boleto,11,1,878.9
CUST-08215,2024-01-19,Basic,29.9,28,5,Boleto,17,0,508.3
CUST-08216,2024-02-18,Basic,29.9,4,1,Cartão de Crédito,1,1,29.9
CUST-08217,2025-12-10,Pro,79.9,26,4,Cartão de Crédito,24,0,1917.6
CUST-08218,2025-06-03,Enterprise,249.9,28,6,Boleto,22,0,5497.8
CUST-08219,2025-10-11,Basic,29.9,0,4,Pix,4,1,119.6
CUST-08220,2025-02-10,Pro,79.9,30,0,Cartão de Crédito,23,0,1837.7
CUST-08221,2025-04-17,Basic,29.9,1,4,Pix,22,0,657.8
CUST-08222,2024-04-03,Enterprise,249.9,28,8,Boleto,4,1,999.6
CUST-08223,2025-09-30,Enterprise,249.9,3,8,Cartão de Crédito,7,1,1749.3
CUST-08224,2025-04-10,Enterprise,249.9,18,7,Pix,15,0,3748.5
CUST-08225,2024-09-23,Enterprise,249.9,8,10,Boleto,6,1,1499.4
CUST-08226,2025-02-24,Pro,79.9,12,3,Boleto,23,0,1837.7
CUST-08227,2024-10-10,Pro,79.9,1,8,Pix,12,1,958.8
CUST-08228,2025-02-14,Pro,79.9,5,7,Pix,20,0,1598.0
CUST-08229,2024-12-24,Basic,29.9,13,9,Cartão de Crédito,7,1,209.3
CUST-08230,2024-08-19,Enterprise,249.9,29,8,Boleto,1,1,249.9
CUST-08231,2025-03-09,Basic,29.9,1,10,Cartão de Crédito,5,1,149.5
CUST-08232,2025-02-14,Pro,79.9,16,0,Cartão de Crédito,16,0,1278.4
CUST-08233,2024-12-22,Pro,79.9,17,3,Boleto,15,0,1198.5
CUST-08234,2024-12-22,Pro,79.9,26,2,Pix,16,0,1278.4
CUST-08235,2025-07-02,Enterprise,249.9,12,5,Pix,13,0,3248.7
CUST-08236,2025-06-08,Enterprise,249.9,5,5,Cartão de Crédito,24,0,5997.6
CUST-08237,2024-04-29,Pro,79.9,25,4,Cartão de Crédito,14,0,1118.6
CUST-08238,2024-07-30,Basic,29.9,3,3,Boleto,1,1,29.9
CUST-08239,2025-04-25,Basic,29.9,11,8,Boleto,4,1,119.6
CUST-08240,2025-08-26,Pro,79.9,23,0,Boleto,16,0,1278.4
CUST-08241,2025-09-07,Enterprise,249.9,19,6,Boleto,2,1,499.8
CUST-08242,2025-05-04,Pro,79.9,5,1,Boleto,15,0,1198.5
CUST-08243,2025-03-27,Basic,29.9,7,9,Boleto,21,0,627.9
CUST-08244,2024-06-26,Pro,79.9,2,9,Boleto,9,1,719.1
CUST-08245,2024-07-19,Enterprise,249.9,23,7,Pix,14,0,3498.6
CUST-08246,2024-02-14,Basic,29.9,17,10,Cartão de Crédito,15,0,448.5
CUST-08247,2025-11-01,Enterprise,249.9,22,3,Cartão de Crédito,16,0,3998.4
CUST-08248,2024-11-16,Enterprise,249.9,1,7,Pix,9,1,2249.1
CUST-08249,2024-06-04,Enterprise,249.9,28,2,Pix,13,0,3248.7
CUST-08250,2025-01-03,Pro,79.9,24,7,Pix,1,1,79.9
CUST-08251,2024-08-14,Enterprise,249.9,4,0,Cartão de Crédito,17,0,4248.3
CUST-08252,2024-09-05,Enterprise,249.9,15,8,Boleto,21,0,5247.9
CUST-08253,2024-03-26,Pro,79.9,17,7,Pix,2,1,159.8
CUST-08254,2024-06-02,Pro,79.9,8,0,Pix,14,0,1118.6
CUST-08255,2025-06-27,Basic,29.9,10,0,Pix,17,0,508.3
CUST-08256,2025-12-20,Basic,29.9,27,2,Pix,23,0,687.7
CUST-08257,2024-05-29,Basic,29.9,18,2,Boleto,20,0,598.0
CUST-08258,2025-09-03,Enterprise,249.9,11,6,Boleto,6,1,1499.4
CUST-08259,2024-04-05,Enterprise,249.9,19,6,Cartão de Crédito,14,0,3498.6
CUST-08260,2025-06-16,Enterprise,249.9,4,8,Pix,23,0,5747.7
CUST-08261,2024-06-28,Pro,79.9,20,4,Cartão de Crédito,23,0,1837.7
CUST-08262,2024-09-06,Enterprise,249.9,27,10,Pix,13,0,3248.7
CUST-08263,2024-04-23,Enterprise,249.9,11,7,Cartão de Crédito,11,1,2748.9
CUST-08264,2025-04-03,Basic,29.9,2,0,Boleto,12,1,358.8
CUST-08265,2025-12-27,Enterprise,249.9,18,4,Pix,14,0,3498.6
CUST-08266,2025-03-23,Basic,29.9,26,10,Boleto,6,1,179.4
CUST-08267,2025-03-23,Basic,29.9,15,7,Boleto,15,0,448.5
CUST-08268,2024-10-12,Pro,79.9,25,3,Cartão de Crédito,19,0,1518.1
CUST-08269,2024-08-12,Basic,29.9,17,10,Boleto,7,1,209.3
CUST-08270,2025-07-01,Enterprise,249.9,1,4,Boleto,16,0,3998.4
CUST-08271,2024-07-01,Pro,79.9,12,0,Cartão de Crédito,20,0,1598.0
CUST-08272,2025-08-27,Basic,29.9,17,5,Pix,20,0,598.0
CUST-08273,2025-02-21,Enterprise,249.9,2,8,Cartão de Crédito,5,1,1249.5
CUST-08274,2024-04-14,Enterprise,249.9,7,7,Boleto,11,1,2748.9
CUST-08275,2024-10-15,Basic,29.9,4,0,Boleto,20,0,598.0
CUST-08276,2025-06-09,Basic,29.9,7,7,Cartão de Crédito,4,1,119.6
CUST-08277,2025-12-16,Basic,29.9,12,6,Cartão de Crédito,3,1,89.7
CUST-08278,2024-09-11,Pro,79.9,3,3,Cartão de Crédito,11,1,878.9
CUST-08279,2024-10-30,Enterprise,249.9,28,2,Boleto,23,0,5747.7
CUST-08280,2024-04-19,Pro,79.9,19,9,Cartão de Crédito,16,0,1278.4
CUST-08281,2024-09-02,Pro,79.9,27,8,Pix,15,0,1198.5
CUST-08282,2025-10-01,Enterprise,249.9,24,4,Boleto,11,1,2748.9
CUST-08283,2025-04-03,Enterprise,249.9,9,5,Boleto,4,1,999.6
CUST-08284,2024-08-15,Pro,79.9,11,7,Cartão de Crédito,24,0,1917.6
CUST-08285,2024-05-01,Basic,29.9,8,3,Pix,21,0,627.9
CUST-08286,2024-08-05,Enterprise,249.9,1,7,Cartão de Crédito,1,1,249.9
CUST-08287,2024-03-12,Pro,79.9,7,9,Cartão de Crédito,12,1,958.8
CUST-08288,2024-12-06,Pro,79.9,9,0,Boleto,20,0,1598.0
CUST-08289,2024-03-22,Enterprise,249.9,24,2,Boleto,14,0,3498.6
CUST-08290,2024-02-03,Basic,29.9,8,1,Boleto,22,0,657.8
CUST-08291,2024-03-08,Basic,29.9,9,7,Pix,24,0,717.6
CUST-08292,2024-05-20,Basic,29.9,18,2,Boleto,18,0,538.2
CUST-08293,2024-08-15,Pro,79.9,7,3,Pix,22,0,1757.8
CUST-08294,2024-06-20,Enterprise,249.9,9,2,Cartão de Crédito,23,0,5747.7
CUST-08295,2024-12-09,Basic,29.9,29,10,Boleto,23,0,687.7
CUST-08296,2024-06-27,Basic,29.9,12,0,Pix,15,0,448.5
CUST-08297,2025-06-26,Enterprise,249.9,22,2,Boleto,19,0,4748.1
CUST-08298,2024-07-17,Enterprise,249.9,13,1,Cartão de Crédito,20,0,4998.0
CUST-08299,2024-04-09,Pro,79.9,0,1,Cartão de Crédito,18,0,1438.2
CUST-08300,2025-10-19,Basic,29.9,30,5,Boleto,3,1,89.7
CUST-08301,2025-12-03,Enterprise,249.9,5,7,Boleto,18,0,4498.2
CUST-08302,2025-03-25,Basic,29.9,18,5,Boleto,13,0,388.7
CUST-08303,2024-12-16,Pro,79.9,1,4,Cartão de Crédito,5,1,399.5
CUST-08304,2025-10-17,Pro,79.9,6,2,Pix,22,0,1757.8
CUST-08305,2024-01-09,Enterprise,249.9,0,1,Boleto,7,1,1749.3
CUST-08306,2025-04-10,Enterprise,249.9,21,9,Pix,17,0,4248.3
CUST-08307,2025-12-15,Pro,79.9,24,1,Pix,22,0,1757.8
CUST-08308,2025-02-03,Pro,79.9,8,6,Boleto,19,0,1518.1
CUST-08309,2025-06-19,Pro,79.9,14,4,Boleto,21,0,1677.9
CUST-08310,2024-02-14,Basic,29.9,3,2,Boleto,2,1,59.8
CUST-08311,2024-06-17,Basic,29.9,26,6,Boleto,11,1,328.9
CUST-08312,2024-08-16,Enterprise,249.9,0,6,Cartão de Crédito,24,0,5997.6
CUST-08313,2024-07-09,Pro,79.9,7,2,Boleto,18,0,1438.2
CUST-08314,2024-03-04,Basic,29.9,15,3,Pix,14,0,418.6
CUST-08315,2024-01-13,Enterprise,249.9,29,5,Boleto,21,0,5247.9
CUST-08316,2024-04-10,Pro,79.9,14,2,Pix,15,0,1198.5
CUST-08317,2025-04-09,Pro,79.9,4,3,Cartão de Crédito,17,0,1358.3
CUST-08318,2024-03-25,Pro,79.9,1,7,Cartão de Crédito,7,1,559.3
CUST-08319,2025-03-17,Pro,79.9,16,6,Pix,12,1,958.8
CUST-08320,2025-05-21,Pro,79.9,9,4,Pix,24,0,1917.6
CUST-08321,2024-07-19,Pro,79.9,30,6,Boleto,20,0,1598.0
CUST-08322,2024-11-01,Pro,79.9,14,2,Boleto,5,1,399.5
CUST-08323,2025-03-11,Enterprise,249.9,23,1,Pix,20,0,4998.0
CUST-08324,2024-12-31,Basic,29.9,6,2,Pix,16,0,478.4
CUST-08325,2025-01-06,Basic,29.9,28,8,Cartão de Crédito,13,0,388.7
CUST-08326,2024-05-08,Pro,79.9,18,9,Pix,22,0,1757.8
CUST-08327,2024-05-15,Pro,79.9,16,7,Cartão de Crédito,20,0,1598.0
CUST-08328,2025-10-27,Enterprise,249.9,3,0,Cartão de Crédito,4,1,999.6
CUST-08329,2025-04-16,Enterprise,249.9,17,9,Boleto,13,0,3248.7
CUST-08330,2024-10-29,Basic,29.9,19,7,Pix,16,0,478.4
CUST-08331,2024-07-11,Basic,29.9,26,8,Boleto,7,1,209.3
CUST-08332,2025-09-29,Enterprise,249.9,16,6,Cartão de Crédito,8,1,1999.2
CUST-08333,2024-06-21,Basic,29.9,11,6,Pix,6,1,179.4
CUST-08334,2025-04-14,Basic,29.9,24,0,Cartão de Crédito,15,0,448.5
CUST-08335,2025-05-28,Enterprise,249.9,4,10,Boleto,20,0,4998.0
CUST-08336,2025-09-23,Pro,79.9,5,0,Pix,24,0,1917.6
CUST-08337,2025-10-19,Pro,79.9,25,0,Boleto,15,0,1198.5
CUST-08338,2025-03-20,Pro,79.9,6,2,Boleto,21,0,1677.9
CUST-08339,2025-06-12,Pro,79.9,24,7,Pix,19,0,1518.1
CUST-08340,2024-05-05,Pro,79.9,15,2,Cartão de Crédito,18,0,1438.2
CUST-08341,2025-01-27,Pro,79.9,25,2,Boleto,16,0,1278.4
CUST-08342,2024-06-12,Enterprise,249.9,30,8,Pix,4,1,999.6
CUST-08343,2024-02-02,Basic,29.9,17,2,Cartão de Crédito,21,0,627.9
CUST-08344,2024-11-18,Pro,79.9,15,4,Boleto,10,1,799.0
CUST-08345,2024-05-21,Pro,79.9,29,1,Boleto,17,0,1358.3
CUST-08346,2024-07-05,Basic,29.9,30,0,Boleto,17,0,508.3
CUST-08347,2024-10-25,Pro,79.9,15,8,Cartão de Crédito,23,0,1837.7
CUST-08348,2025-07-16,Pro,79.9,20,9,Cartão de Crédito,20,0,1598.0
CUST-08349,2025-09-18,Enterprise,249.9,24,7,Pix,23,0,5747.7
CUST-08350,2025-01-19,Enterprise,249.9,1,9,Cartão de Crédito,1,1,249.9
CUST-08351,2025-09-15,Enterprise,249.9,11,2,Boleto,20,0,4998.0
CUST-08352,2025-03-09,Pro,79.9,9,1,Pix,2,1,159.8
CUST-08353,2024-02-03,Enterprise,249.9,7,9,Boleto,3,1,749.7
CUST-08354,2024-02-18,Pro,79.9,2,8,Boleto,6,1,479.4
CUST-08355,2025-10-13,Pro,79.9,11,9,Boleto,1,1,79.9
CUST-08356,2025-09-08,Enterprise,249.9,13,6,Cartão de Crédito,16,0,3998.4
CUST-08357,2024-05-01,Pro,79.9,9,5,Pix,18,0,1438.2
CUST-08358,2024-01-24,Enterprise,249.9,12,6,Boleto,18,0,4498.2
CUST-08359,2024-04-09,Basic,29.9,23,0,Cartão de Crédito,20,0,598.0
CUST-08360,2024-06-10,Enterprise,249.9,11,1,Pix,23,0,5747.7
CUST-08361,2025-11-08,Basic,29.9,12,2,Boleto,18,0,538.2
CUST-08362,2025-08-06,Enterprise,249.9,11,0,Cartão de Crédito,19,0,4748.1
CUST-08363,2024-04-10,Basic,29.9,4,1,Cartão de Crédito,20,0,598.0
CUST-08364,2024-09-18,Enterprise,249.9,30,7,Cartão de Crédito,22,0,5497.8
CUST-08365,2024-06-28,Basic,29.9,2,6,Boleto,6,1,179.4
CUST-08366,2024-07-19,Basic,29.9,11,3,Boleto,11,1,328.9
CUST-08367,2025-07-07,Basic,29.9,23,0,Cartão de Crédito,16,0,478.4
CUST-08368,2024-03-04,Basic,29.9,4,10,Pix,5,1,149.5
CUST-08369,2025-06-09,Pro,79.9,29,9,Boleto,12,1,958.8
CUST-08370,2024-03-04,Enterprise,249.9,3,5,Cartão de Crédito,21,0,5247.9
CUST-08371,2025-07-27,Enterprise,249.9,23,4,Boleto,22,0,5497.8
CUST-08372,2025-08-01,Pro,79.9,30,2,Pix,17,0,1358.3
CUST-08373,2024-07-15,Pro,79.9,16,8,Cartão de Crédito,13,0,1038.7
CUST-08374,2024-08-31,Enterprise,249.9,11,8,Cartão de Crédito,7,1,1749.3
CUST-08375,2024-10-16,Basic,29.9,7,2,Boleto,13,0,388.7
CUST-08376,2025-12-26,Basic,29.9,15,4,Pix,18,0,538.2
CUST-08377,2025-11-07,Enterprise,249.9,24,8,Cartão de Crédito,11,1,2748.9
CUST-08378,2025-03-29,Basic,29.9,19,3,Boleto,21,0,627.9
CUST-08379,2025-07-09,Pro,79.9,6,5,Pix,21,0,1677.9
CUST-08380,2024-04-15,Enterprise,249.9,1,7,Pix,13,0,3248.7
CUST-08381,2025-02-12,Enterprise,249.9,29,7,Pix,3,1,749.7
CUST-08382,2025-06-18,Enterprise,249.9,26,5,Cartão de Crédito,13,0,3248.7
CUST-08383,2024-02-14,Enterprise,249.9,5,6,Pix,15,0,3748.5
CUST-08384,2024-12-09,Pro,79.9,30,9,Pix,5,1,399.5
CUST-08385,2024-08-27,Pro,79.9,2,0,Cartão de Crédito,14,0,1118.6
CUST-08386,2024-04-22,Pro,79.9,7,10,Cartão de Crédito,15,0,1198.5
CUST-08387,2024-11-06,Basic,29.9,3,2,Cartão de Crédito,10,1,299.0
CUST-08388,2024-10-17,Enterprise,249.9,14,9,Boleto,22,0,5497.8
CUST-08389,2024-04-15,Basic,29.9,9,0,Cartão de Crédito,24,0,717.6
CUST-08390,2025-08-04,Pro,79.9,26,0,Pix,23,0,1837.7
CUST-08391,2024-09-28,Pro,79.9,8,2,Cartão de Crédito,24,0,1917.6
CUST-08392,2024-10-02,Pro,79.9,7,3,Boleto,15,0,1198.5
CUST-08393,2025-11-16,Basic,29.9,27,3,Cartão de Crédito,23,0,687.7
CUST-08394,2025-07-08,Enterprise,249.9,6,7,Pix,1,1,249.9
CUST-08395,2024-05-21,Basic,29.9,21,2,Cartão de Crédito,16,0,478.4
CUST-08396,2025-09-16,Enterprise,249.9,14,9,Boleto,21,0,5247.9
CUST-08397,2025-07-30,Basic,29.9,18,1,Boleto,16,0,478.4
CUST-08398,2024-01-03,Enterprise,249.9,5,8,Pix,18,0,4498.2
CUST-08399,2024-04-15,Enterprise,249.9,11,0,Cartão de Crédito,14,0,3498.6
CUST-08400,2024-11-23,Enterprise,249.9,21,1,Cartão de Crédito,12,1,2998.8
CUST-08401,2025-04-16,Basic,29.9,30,0,Boleto,8,1,239.2
CUST-08402,2024-02-02,Enterprise,249.9,14,3,Cartão de Crédito,13,0,3248.7
CUST-08403,2025-03-13,Basic,29.9,15,0,Pix,21,0,627.9
CUST-08404,2025-04-10,Basic,29.9,23,1,Boleto,22,0,657.8
CUST-08405,2025-11-16,Basic,29.9,15,6,Pix,19,0,568.1
CUST-08406,2025-03-18,Pro,79.9,22,8,Pix,3,1,239.7
CUST-08407,2024-12-03,Pro,79.9,9,2,Cartão de Crédito,16,0,1278.4
CUST-08408,2025-01-21,Enterprise,249.9,3,2,Cartão de Crédito,24,0,5997.6
CUST-08409,2025-05-06,Basic,29.9,5,9,Cartão de Crédito,15,0,448.5
CUST-08410,2024-09-27,Enterprise,249.9,5,8,Pix,3,1,749.7
CUST-08411,2024-05-25,Enterprise,249.9,30,0,Pix,20,0,4998.0
CUST-08412,2025-04-07,Basic,29.9,12,10,Boleto,24,0,717.6
CUST-08413,2024-01-19,Enterprise,249.9,4,3,Pix,8,1,1999.2
CUST-08414,2025-04-29,Basic,29.9,25,2,Pix,22,0,657.8
CUST-08415,2024-06-03,Enterprise,249.9,16,7,Boleto,7,1,1749.3
CUST-08416,2025-11-19,Enterprise,249.9,9,4,Boleto,20,0,4998.0
CUST-08417,2025-04-08,Basic,29.9,4,8,Cartão de Crédito,6,1,179.4
CUST-08418,2025-02-26,Pro,79.9,12,3,Cartão de Crédito,24,0,1917.6
CUST-08419,2024-02-28,Basic,29.9,19,3,Boleto,20,0,598.0
CUST-08420,2025-08-21,Pro,79.9,30,7,Boleto,1,1,79.9
CUST-08421,2024-03-01,Enterprise,249.9,12,6,Boleto,20,0,4998.0
CUST-08422,2025-11-30,Enterprise,249.9,14,9,Cartão de Crédito,8,1,1999.2
CUST-08423,2024-04-20,Enterprise,249.9,12,1,Pix,19,0,4748.1
CUST-08424,2024-08-05,Enterprise,249.9,26,7,Boleto,19,0,4748.1
CUST-08425,2025-03-20,Basic,29.9,19,6,Pix,24,0,717.6
CUST-08426,2024-12-01,Basic,29.9,25,0,Boleto,14,0,418.6
CUST-08427,2025-11-03,Basic,29.9,3,3,Boleto,5,1,149.5
CUST-08428,2025-07-15,Pro,79.9,11,10,Pix,6,1,479.4
CUST-08429,2025-08-24,Enterprise,249.9,30,9,Boleto,13,0,3248.7
CUST-08430,2024-10-15,Pro,79.9,3,7,Boleto,6,1,479.4
CUST-08431,2025-01-05,Pro,79.9,23,1,Boleto,23,0,1837.7
CUST-08432,2025-03-30,Enterprise,249.9,0,0,Cartão de Crédito,12,1,2998.8
CUST-08433,2024-10-13,Enterprise,249.9,21,4,Cartão de Crédito,17,0,4248.3
CUST-08434,2024-09-22,Enterprise,249.9,8,1,Pix,22,0,5497.8
CUST-08435,2024-10-23,Pro,79.9,18,0,Cartão de Crédito,16,0,1278.4
CUST-08436,2025-11-15,Basic,29.9,29,8,Cartão de Crédito,19,0,568.1
CUST-08437,2024-07-29,Enterprise,249.9,4,10,Cartão de Crédito,11,1,2748.9
CUST-08438,2025-03-02,Enterprise,249.9,7,9,Cartão de Crédito,15,0,3748.5
CUST-08439,2024-11-18,Pro,79.9,5,8,Cartão de Crédito,23,0,1837.7
CUST-08440,2025-05-07,Basic,29.9,18,2,Boleto,14,0,418.6
CUST-08441,2024-12-15,Pro,79.9,12,0,Boleto,15,0,1198.5
CUST-08442,2024-03-07,Basic,29.9,7,9,Pix,9,1,269.1
CUST-08443,2025-03-21,Pro,79.9,12,9,Pix,8,1,639.2
CUST-08444,2024-01-01,Basic,29.9,5,4,Cartão de Crédito,13,0,388.7
CUST-08445,2024-05-04,Enterprise,249.9,15,1,Boleto,20,0,4998.0
CUST-08446,2025-06-27,Pro,79.9,12,4,Cartão de Crédito,19,0,1518.1
CUST-08447,2025-06-27,Enterprise,249.9,4,4,Pix,23,0,5747.7
CUST-08448,2025-11-17,Basic,29.9,2,6,Pix,8,1,239.2
CUST-08449,2025-05-11,Enterprise,249.9,25,4,Boleto,22,0,5497.8
CUST-08450,2025-08-28,Enterprise,249.9,27,5,Cartão de Crédito,6,1,1499.4
CUST-08451,2025-07-03,Pro,79.9,14,6,Boleto,7,1,559.3
CUST-08452,2024-08-20,Enterprise,249.9,9,3,Pix,5,1,1249.5
CUST-08453,2024-06-18,Enterprise,249.9,9,0,Pix,19,0,4748.1
CUST-08454,2024-05-19,Enterprise,249.9,25,7,Cartão de Crédito,7,1,1749.3
CUST-08455,2025-06-14,Pro,79.9,29,7,Boleto,10,1,799.0
CUST-08456,2025-04-26,Enterprise,249.9,30,7,Pix,17,0,4248.3
CUST-08457,2024-06-26,Pro,79.9,25,6,Boleto,21,0,1677.9
CUST-08458,2025-02-21,Basic,29.9,21,9,Cartão de Crédito,8,1,239.2
CUST-08459,2025-06-10,Enterprise,249.9,7,1,Cartão de Crédito,20,0,4998.0
CUST-08460,2025-09-07,Pro,79.9,1,10,Pix,7,1,559.3
CUST-08461,2025-07-18,Basic,29.9,3,0,Pix,9,1,269.1
CUST-08462,2024-03-08,Basic,29.9,25,2,Pix,19,0,568.1
CUST-08463,2025-01-12,Basic,29.9,25,10,Boleto,5,1,149.5
CUST-08464,2024-03-20,Basic,29.9,20,6,Pix,5,1,149.5
CUST-08465,2024-12-08,Basic,29.9,4,4,Cartão de Crédito,18,0,538.2
CUST-08466,2024-12-21,Basic,29.9,18,0,Boleto,23,0,687.7
CUST-08467,2024-09-24,Enterprise,249.9,4,5,Cartão de Crédito,9,1,2249.1
CUST-08468,2024-04-10,Enterprise,249.9,20,3,Cartão de Crédito,22,0,5497.8
CUST-08469,2025-06-02,Enterprise,249.9,16,6,Cartão de Crédito,9,1,2249.1
CUST-08470,2025-08-22,Enterprise,249.9,7,8,Pix,5,1,1249.5
CUST-08471,2024-08-19,Basic,29.9,14,2,Cartão de Crédito,22,0,657.8
CUST-08472,2025-01-18,Enterprise,249.9,6,9,Cartão de Crédito,1,1,249.9
CUST-08473,2025-01-19,Enterprise,249.9,28,1,Pix,23,0,5747.7
CUST-08474,2025-07-17,Pro,79.9,30,2,Boleto,14,0,1118.6
CUST-08475,2025-01-10,Pro,79.9,26,0,Pix,21,0,1677.9
CUST-08476,2024-02-16,Basic,29.9,21,5,Pix,15,0,448.5
CUST-08477,2024-10-06,Pro,79.9,7,1,Cartão de Crédito,9,1,719.1
CUST-08478,2024-04-14,Pro,79.9,16,10,Pix,14,0,1118.6
CUST-08479,2024-09-24,Pro,79.9,21,0,Boleto,18,0,1438.2
CUST-08480,2024-09-01,Basic,29.9,29,0,Boleto,15,0,448.5
CUST-08481,2025-09-07,Basic,29.9,29,4,Boleto,18,0,538.2
CUST-08482,2024-08-26,Enterprise,249.9,12,7,Pix,10,1,2499.0
CUST-08483,2025-03-10,Pro,79.9,7,8,Boleto,19,0,1518.1
CUST-08484,2025-06-03,Pro,79.9,24,6,Cartão de Crédito,7,1,559.3
CUST-08485,2024-10-01,Pro,79.9,24,9,Pix,8,1,639.2
CUST-08486,2024-04-21,Basic,29.9,10,0,Boleto,14,0,418.6
CUST-08487,2025-02-04,Basic,29.9,21,3,Pix,13,0,388.7
CUST-08488,2024-11-08,Enterprise,249.9,8,3,Pix,15,0,3748.5
CUST-08489,2025-12-19,Basic,29.9,10,9,Boleto,15,0,448.5
CUST-08490,2025-12-24,Enterprise,249.9,1,4,Cartão de Crédito,9,1,2249.1
CUST-08491,2024-08-30,Pro,79.9,12,9,Boleto,14,0,1118.6
CUST-08492,2024-11-16,Pro,79.9,1,6,Boleto,8,1,639.2
CUST-08493,2025-01-27,Pro,79.9,10,1,Boleto,18,0,1438.2
CUST-08494,2025-03-14,Pro,79.9,15,9,Boleto,15,0,1198.5
CUST-08495,2025-07-09,Enterprise,249.9,19,3,Cartão de Crédito,22,0,5497.8
CUST-08496,2025-08-06,Enterprise,249.9,25,3,Boleto,16,0,3998.4
CUST-08497,2024-08-15,Pro,79.9,18,5,Pix,14,0,1118.6
CUST-08498,2024-08-05,Enterprise,249.9,22,0,Cartão de Crédito,19,0,4748.1
CUST-08499,2024-09-17,Pro,79.9,11,3,Cartão de Crédito,17,0,1358.3
CUST-08500,2025-08-24,Basic,29.9,12,10,Boleto,13,0,388.7
CUST-08501,2024-01-27,Pro,79.9,8,9,Pix,15,0,1198.5
CUST-08502,2024-08-04,Basic,29.9,24,0,Pix,22,0,657.8
CUST-08503,2025-12-26,Basic,29.9,4,0,Pix,11,1,328.9
CUST-08504,2025-06-16,Enterprise,249.9,21,8,Pix,23,0,5747.7
CUST-08505,2024-10-06,Pro,79.9,14,6,Cartão de Crédito,15,0,1198.5
CUST-08506,2025-11-28,Pro,79.9,16,8,Cartão de Crédito,12,1,958.8
CUST-08507,2025-04-29,Basic,29.9,24,7,Cartão de Crédito,6,1,179.4
CUST-08508,2024-08-23,Basic,29.9,25,7,Boleto,24,0,717.6
CUST-08509,2024-11-19,Pro,79.9,1,9,Cartão de Crédito,22,0,1757.8
CUST-08510,2024-12-03,Pro,79.9,23,5,Cartão de Crédito,22,0,1757.8
CUST-08511,2024-08-31,Basic,29.9,20,9,Pix,12,1,358.8
CUST-08512,2025-09-11,Enterprise,249.9,17,1,Cartão de Crédito,22,0,5497.8
CUST-08513,2024-07-20,Basic,29.9,8,3,Cartão de Crédito,13,0,388.7
CUST-08514,2025-09-15,Basic,29.9,27,10,Boleto,19,0,568.1
CUST-08515,2024-04-24,Basic,29.9,8,8,Cartão de Crédito,16,0,478.4
CUST-08516,2024-03-25,Enterprise,249.9,2,5,Pix,1,1,249.9
CUST-08517,2024-09-12,Basic,29.9,23,9,Pix,8,1,239.2
CUST-08518,2024-05-28,Basic,29.9,8,2,Cartão de Crédito,12,1,358.8
CUST-08519,2024-06-16,Pro,79.9,3,5,Pix,11,1,878.9
CUST-08520,2025-10-31,Enterprise,249.9,21,8,Cartão de Crédito,19,0,4748.1
CUST-08521,2024-08-18,Pro,79.9,1,8,Boleto,8,1,639.2
CUST-08522,2025-04-19,Basic,29.9,18,3,Boleto,23,0,687.7
CUST-08523,2024-06-23,Enterprise,249.9,24,4,Cartão de Crédito,11,1,2748.9
CUST-08524,2025-10-29,Enterprise,249.9,21,1,Boleto,15,0,3748.5
CUST-08525,2025-11-18,Enterprise,249.9,28,6,Pix,12,1,2998.8
CUST-08526,2025-09-19,Pro,79.9,16,0,Pix,15,0,1198.5
CUST-08527,2024-10-10,Pro,79.9,20,0,Pix,18,0,1438.2
CUST-08528,2025-09-29,Enterprise,249.9,22,2,Pix,18,0,4498.2
CUST-08529,2024-08-10,Pro,79.9,15,8,Cartão de Crédito,3,1,239.7
CUST-08530,2025-01-16,Pro,79.9,10,8,Boleto,4,1,319.6
CUST-08531,2025-05-30,Enterprise,249.9,14,3,Boleto,14,0,3498.6
CUST-08532,2025-10-13,Pro,79.9,24,5,Pix,19,0,1518.1
CUST-08533,2024-09-02,Enterprise,249.9,19,10,Boleto,13,0,3248.7
CUST-08534,2024-10-26,Pro,79.9,9,1,Pix,9,1,719.1
CUST-08535,2024-07-07,Basic,29.9,4,5,Cartão de Crédito,13,0,388.7
CUST-08536,2024-07-13,Basic,29.9,11,6,Boleto,21,0,627.9
CUST-08537,2024-02-18,Basic,29.9,23,3,Pix,23,0,687.7
CUST-08538,2024-01-20,Enterprise,249.9,23,2,Pix,15,0,3748.5
CUST-08539,2025-07-23,Basic,29.9,28,0,Cartão de Crédito,23,0,687.7
CUST-08540,2024-01-11,Pro,79.9,21,1,Pix,24,0,1917.6
CUST-08541,2024-11-26,Enterprise,249.9,24,10,Boleto,24,0,5997.6
CUST-08542,2024-12-19,Enterprise,249.9,12,8,Cartão de Crédito,20,0,4998.0
CUST-08543,2024-10-05,Pro,79.9,6,4,Cartão de Crédito,13,0,1038.7
CUST-08544,2024-02-23,Pro,79.9,4,1,Pix,8,1,639.2
CUST-08545,2025-05-01,Pro,79.9,29,3,Pix,18,0,1438.2
CUST-08546,2024-06-18,Pro,79.9,28,10,Cartão de Crédito,17,0,1358.3
CUST-08547,2025-11-04,Enterprise,249.9,29,1,Pix,24,0,5997.6
CUST-08548,2025-06-15,Pro,79.9,27,0,Cartão de Crédito,6,1,479.4
CUST-08549,2025-04-21,Enterprise,249.9,0,8,Pix,2,1,499.8
CUST-08550,2025-04-02,Pro,79.9,24,2,Boleto,16,0,1278.4
CUST-08551,2024-09-25,Pro,79.9,8,9,Boleto,17,0,1358.3
CUST-08552,2025-10-17,Enterprise,249.9,20,6,Pix,4,1,999.6
CUST-08553,2025-10-07,Pro,79.9,14,4,Boleto,19,0,1518.1
CUST-08554,2025-04-06,Enterprise,249.9,21,4,Pix,22,0,5497.8
CUST-08555,2024-01-08,Basic,29.9,22,2,Cartão de Crédito,14,0,418.6
CUST-08556,2024-05-08,Enterprise,249.9,22,3,Boleto,22,0,5497.8
CUST-08557,2025-06-18,Basic,29.9,0,5,Cartão de Crédito,10,1,299.0
CUST-08558,2025-07-02,Enterprise,249.9,11,5,Boleto,14,0,3498.6
CUST-08559,2025-05-20,Enterprise,249.9,13,5,Boleto,18,0,4498.2
CUST-08560,2025-06-07,Basic,29.9,9,3,Pix,16,0,478.4
CUST-08561,2025-11-14,Basic,29.9,23,10,Boleto,21,0,627.9
CUST-08562,2025-01-23,Enterprise,249.9,19,5,Pix,24,0,5997.6
CUST-08563,2025-09-13,Enterprise,249.9,21,6,Pix,24,0,5997.6
CUST-08564,2024-08-04,Pro,79.9,10,9,Pix,17,0,1358.3
CUST-08565,2025-12-22,Pro,79.9,23,9,Pix,13,0,1038.7
CUST-08566,2024-01-04,Basic,29.9,30,7,Cartão de Crédito,12,1,358.8
CUST-08567,2025-06-05,Enterprise,249.9,3,2,Pix,16,0,3998.4
CUST-08568,2024-12-02,Enterprise,249.9,15,9,Boleto,14,0,3498.6
CUST-08569,2024-06-26,Pro,79.9,10,8,Cartão de Crédito,23,0,1837.7
CUST-08570,2025-10-10,Pro,79.9,21,0,Cartão de Crédito,17,0,1358.3
CUST-08571,2025-10-13,Basic,29.9,16,3,Cartão de Crédito,17,0,508.3
CUST-08572,2024-11-21,Basic,29.9,12,6,Boleto,15,0,448.5
CUST-08573,2024-06-11,Pro,79.9,13,8,Cartão de Crédito,9,1,719.1
CUST-08574,2024-03-04,Enterprise,249.9,10,5,Boleto,19,0,4748.1
CUST-08575,2024-08-03,Basic,29.9,10,0,Pix,13,0,388.7
CUST-08576,2024-03-13,Pro,79.9,16,7,Cartão de Crédito,9,1,719.1
CUST-08577,2025-09-29,Pro,79.9,13,1,Pix,13,0,1038.7
CUST-08578,2025-11-27,Pro,79.9,20,6,Boleto,3,1,239.7
CUST-08579,2025-04-28,Basic,29.9,26,4,Cartão de Crédito,21,0,627.9
CUST-08580,2025-09-11,Basic,29.9,17,4,Pix,18,0,538.2
CUST-08581,2024-06-24,Basic,29.9,22,4,Cartão de Crédito,20,0,598.0
CUST-08582,2025-06-23,Basic,29.9,22,5,Cartão de Crédito,23,0,687.7
CUST-08583,2024-09-04,Basic,29.9,17,9,Pix,1,1,29.9
CUST-08584,2025-07-13,Basic,29.9,25,2,Cartão de Crédito,24,0,717.6
CUST-08585,2024-06-10,Enterprise,249.9,24,7,Boleto,18,0,4498.2
CUST-08586,2024-12-06,Basic,29.9,12,1,Cartão de Crédito,2,1,59.8
CUST-08587,2024-11-02,Pro,79.9,2,7,Cartão de Crédito,21,0,1677.9
CUST-08588,2025-08-05,Pro,79.9,0,1,Pix,17,0,1358.3
CUST-08589,2025-06-17,Basic,29.9,10,5,Boleto,11,1,328.9
CUST-08590,2024-01-21,Enterprise,249.9,13,8,Pix,11,1,2748.9
CUST-08591,2025-01-09,Pro,79.9,5,4,Cartão de Crédito,12,1,958.8
CUST-08592,2024-12-17,Basic,29.9,28,2,Boleto,12,1,358.8
CUST-08593,2024-08-10,Pro,79.9,13,5,Boleto,14,0,1118.6
CUST-08594,2025-06-27,Pro,79.9,1,10,Pix,14,0,1118.6
CUST-08595,2025-10-17,Enterprise,249.9,1,3,Pix,5,1,1249.5
CUST-08596,2024-09-15,Pro,79.9,9,5,Cartão de Crédito,20,0,1598.0
CUST-08597,2025-11-02,Basic,29.9,23,7,Pix,13,0,388.7
CUST-08598,2024-11-22,Basic,29.9,7,3,Cartão de Crédito,21,0,627.9
CUST-08599,2025-08-27,Pro,79.9,0,2,Cartão de Crédito,16,0,1278.4
CUST-08600,2024-06-03,Enterprise,249.9,14,2,Cartão de Crédito,24,0,5997.6
CUST-08601,2024-10-03,Enterprise,249.9,0,6,Boleto,12,1,2998.8
CUST-08602,2025-09-28,Basic,29.9,16,10,Pix,6,1,179.4
CUST-08603,2024-01-13,Enterprise,249.9,6,7,Boleto,7,1,1749.3
CUST-08604,2025-12-30,Pro,79.9,13,3,Boleto,19,0,1518.1
CUST-08605,2025-07-06,Enterprise,249.9,6,8,Cartão de Crédito,3,1,749.7
CUST-08606,2024-10-25,Basic,29.9,25,8,Cartão de Crédito,15,0,448.5
CUST-08607,2025-12-04,Pro,79.9,25,5,Boleto,1,1,79.9
CUST-08608,2025-02-12,Pro,79.9,6,3,Pix,24,0,1917.6
CUST-08609,2025-11-13,Enterprise,249.9,29,8,Pix,12,1,2998.8
CUST-08610,2025-03-08,Enterprise,249.9,14,10,Pix,3,1,749.7
CUST-08611,2025-04-06,Enterprise,249.9,12,4,Boleto,17,0,4248.3
CUST-08612,2024-10-19,Basic,29.9,27,6,Boleto,3,1,89.7
CUST-08613,2025-12-15,Basic,29.9,16,6,Boleto,23,0,687.7
CUST-08614,2024-07-14,Basic,29.9,14,5,Pix,13,0,388.7
CUST-08615,2024-05-23,Pro,79.9,0,4,Pix,11,1,878.9
CUST-08616,2025-06-04,Pro,79.9,28,0,Pix,21,0,1677.9
CUST-08617,2024-05-09,Pro,79.9,10,6,Boleto,5,1,399.5
CUST-08618,2024-06-03,Pro,79.9,19,10,Cartão de Crédito,8,1,639.2
CUST-08619,2024-12-23,Basic,29.9,6,1,Boleto,9,1,269.1
CUST-08620,2024-09-19,Basic,29.9,17,1,Cartão de Crédito,14,0,418.6
CUST-08621,2025-02-17,Enterprise,249.9,15,1,Boleto,21,0,5247.9
CUST-08622,2024-02-06,Enterprise,249.9,17,5,Boleto,16,0,3998.4
CUST-08623,2025-08-09,Basic,29.9,11,7,Cartão de Crédito,5,1,149.5
CUST-08624,2024-10-29,Basic,29.9,21,6,Boleto,18,0,538.2
CUST-08625,2024-05-05,Enterprise,249.9,0,9,Boleto,7,1,1749.3
CUST-08626,2025-12-13,Enterprise,249.9,5,3,Pix,19,0,4748.1
CUST-08627,2025-09-27,Enterprise,249.9,7,3,Boleto,3,1,749.7
CUST-08628,2025-12-07,Pro,79.9,21,7,Boleto,24,0,1917.6
CUST-08629,2024-04-23,Enterprise,249.9,3,8,Boleto,16,0,3998.4
CUST-08630,2025-05-31,Pro,79.9,14,1,Boleto,17,0,1358.3
CUST-08631,2025-03-09,Basic,29.9,13,10,Boleto,20,0,598.0
CUST-08632,2024-09-02,Enterprise,249.9,30,6,Pix,24,0,5997.6
CUST-08633,2024-06-03,Basic,29.9,26,0,Cartão de Crédito,24,0,717.6
CUST-08634,2024-09-12,Pro,79.9,26,4,Pix,21,0,1677.9
CUST-08635,2025-06-13,Pro,79.9,9,2,Boleto,24,0,1917.6
CUST-08636,2025-08-01,Basic,29.9,1,0,Pix,8,1,239.2
CUST-08637,2025-07-24,Pro,79.9,16,0,Pix,15,0,1198.5
CUST-08638,2025-07-30,Pro,79.9,28,3,Boleto,17,0,1358.3
CUST-08639,2024-01-31,Pro,79.9,7,7,Boleto,5,1,399.5
CUST-08640,2025-03-12,Basic,29.9,30,2,Cartão de Crédito,15,0,448.5
CUST-08641,2024-12-13,Enterprise,249.9,5,6,Boleto,23,0,5747.7
CUST-08642,2024-03-21,Basic,29.9,4,8,Cartão de Crédito,16,0,478.4
CUST-08643,2024-09-11,Enterprise,249.9,13,9,Pix,11,1,2748.9
CUST-08644,2024-09-24,Basic,29.9,28,8,Boleto,8,1,239.2
CUST-08645,2025-10-31,Pro,79.9,13,6,Boleto,20,0,1598.0
CUST-08646,2025-02-01,Pro,79.9,6,8,Cartão de Crédito,1,1,79.9
CUST-08647,2025-01-18,Basic,29.9,4,9,Boleto,1,1,29.9
CUST-08648,2025-01-16,Pro,79.9,2,8,Cartão de Crédito,12,1,958.8
CUST-08649,2025-04-29,Pro,79.9,9,5,Pix,22,0,1757.8
CUST-08650,2024-12-10,Basic,29.9,18,0,Boleto,21,0,627.9
CUST-08651,2025-09-27,Pro,79.9,24,1,Cartão de Crédito,3,1,239.7
CUST-08652,2024-09-07,Basic,29.9,4,0,Cartão de Crédito,16,0,478.4
CUST-08653,2025-11-16,Enterprise,249.9,3,3,Cartão de Crédito,20,0,4998.0
CUST-08654,2024-02-03,Enterprise,249.9,14,1,Cartão de Crédito,21,0,5247.9
CUST-08655,2025-08-21,Basic,29.9,16,4,Cartão de Crédito,13,0,388.7
CUST-08656,2025-09-03,Enterprise,249.9,23,0,Boleto,16,0,3998.4
CUST-08657,2024-01-07,Enterprise,249.9,23,10,Boleto,22,0,5497.8
CUST-08658,2024-08-27,Pro,79.9,4,7,Boleto,2,1,159.8
CUST-08659,2025-10-15,Pro,79.9,24,4,Pix,23,0,1837.7
CUST-08660,2025-02-10,Basic,29.9,11,1,Pix,14,0,418.6
CUST-08661,2025-07-25,Pro,79.9,20,0,Boleto,19,0,1518.1
CUST-08662,2025-10-11,Pro,79.9,6,9,Pix,10,1,799.0
CUST-08663,2025-02-10,Basic,29.9,13,1,Cartão de Crédito,2,1,59.8
CUST-08664,2024-11-01,Pro,79.9,28,10,Boleto,9,1,719.1
CUST-08665,2024-03-16,Enterprise,249.9,17,4,Pix,23,0,5747.7
CUST-08666,2025-06-22,Basic,29.9,20,10,Pix,13,0,388.7
CUST-08667,2024-08-14,Pro,79.9,15,2,Boleto,22,0,1757.8
CUST-08668,2025-11-22,Basic,29.9,25,2,Cartão de Crédito,17,0,508.3
CUST-08669,2025-02-28,Enterprise,249.9,17,4,Cartão de Crédito,24,0,5997.6
CUST-08670,2025-06-25,Basic,29.9,22,3,Pix,9,1,269.1
CUST-08671,2024-07-05,Enterprise,249.9,20,6,Cartão de Crédito,20,0,4998.0
CUST-08672,2024-10-25,Enterprise,249.9,21,8,Boleto,21,0,5247.9
CUST-08673,2024-07-27,Enterprise,249.9,29,2,Cartão de Crédito,21,0,5247.9
CUST-08674,2025-06-02,Basic,29.9,7,4,Cartão de Crédito,14,0,418.6
CUST-08675,2024-12-03,Pro,79.9,19,10,Boleto,2,1,159.8
CUST-08676,2024-12-29,Basic,29.9,12,4,Pix,21,0,627.9
CUST-08677,2025-02-03,Pro,79.9,1,0,Cartão de Crédito,24,0,1917.6
CUST-08678,2024-04-14,Enterprise,249.9,27,4,Pix,17,0,4248.3
CUST-08679,2025-02-10,Basic,29.9,11,0,Pix,23,0,687.7
CUST-08680,2024-01-26,Pro,79.9,0,1,Pix,17,0,1358.3
CUST-08681,2025-04-17,Enterprise,249.9,4,3,Cartão de Crédito,7,1,1749.3
CUST-08682,2024-04-11,Enterprise,249.9,26,9,Boleto,21,0,5247.9
CUST-08683,2024-02-06,Basic,29.9,14,2,Boleto,10,1,299.0
CUST-08684,2024-06-24,Basic,29.9,24,1,Cartão de Crédito,21,0,627.9
CUST-08685,2025-10-18,Basic,29.9,14,5,Boleto,17,0,508.3
CUST-08686,2025-08-29,Basic,29.9,29,7,Pix,2,1,59.8
CUST-08687,2024-03-03,Enterprise,249.9,16,7,Cartão de Crédito,17,0,4248.3
CUST-08688,2025-07-13,Basic,29.9,29,9,Boleto,4,1,119.6
CUST-08689,2024-12-16,Basic,29.9,16,9,Cartão de Crédito,24,0,717.6
CUST-08690,2025-03-04,Enterprise,249.9,29,1,Pix,20,0,4998.0
CUST-08691,2024-04-08,Basic,29.9,6,6,Cartão de Crédito,20,0,598.0
CUST-08692,2024-05-18,Pro,79.9,3,4,Boleto,19,0,1518.1
CUST-08693,2024-12-10,Basic,29.9,30,6,Boleto,8,1,239.2
CUST-08694,2025-04-20,Enterprise,249.9,2,6,Cartão de Crédito,5,1,1249.5
CUST-08695,2024-11-24,Pro,79.9,25,5,Cartão de Crédito,13,0,1038.7
CUST-08696,2025-01-11,Pro,79.9,12,6,Cartão de Crédito,23,0,1837.7
CUST-08697,2024-06-16,Pro,79.9,19,5,Boleto,24,0,1917.6
CUST-08698,2025-01-20,Enterprise,249.9,10,4,Pix,17,0,4248.3
CUST-08699,2024-07-04,Basic,29.9,9,0,Boleto,4,1,119.6
CUST-08700,2025-08-17,Enterprise,249.9,1,6,Pix,22,0,5497.8
CUST-08701,2025-10-26,Enterprise,249.9,23,1,Boleto,19,0,4748.1
CUST-08702,2025-03-14,Pro,79.9,4,1,Pix,6,1,479.4
CUST-08703,2025-07-22,Pro,79.9,9,8,Pix,14,0,1118.6
CUST-08704,2024-04-14,Basic,29.9,0,2,Cartão de Crédito,16,0,478.4
CUST-08705,2024-02-14,Enterprise,249.9,2,5,Boleto,9,1,2249.1
CUST-08706,2025-12-25,Pro,79.9,27,7,Pix,11,1,878.9
CUST-08707,2025-08-19,Enterprise,249.9,16,3,Cartão de Crédito,22,0,5497.8
CUST-08708,2024-06-21,Basic,29.9,2,0,Cartão de Crédito,20,0,598.0
CUST-08709,2024-09-02,Enterprise,249.9,20,10,Pix,10,1,2499.0
CUST-08710,2025-08-22,Enterprise,249.9,8,4,Pix,15,0,3748.5
CUST-08711,2025-08-02,Pro,79.9,25,4,Pix,13,0,1038.7
CUST-08712,2024-11-16,Basic,29.9,4,9,Pix,24,0,717.6
CUST-08713,2024-02-21,Pro,79.9,19,7,Pix,8,1,639.2
CUST-08714,2025-08-16,Basic,29.9,25,7,Cartão de Crédito,14,0,418.6
CUST-08715,2025-04-06,Basic,29.9,7,5,Cartão de Crédito,2,1,59.8
CUST-08716,2024-09-28,Enterprise,249.9,21,7,Pix,18,0,4498.2
CUST-08717,2025-09-10,Enterprise,249.9,18,4,Pix,18,0,4498.2
CUST-08718,2025-05-18,Enterprise,249.9,23,0,Boleto,19,0,4748.1
CUST-08719,2024-02-26,Basic,29.9,6,4,Cartão de Crédito,16,0,478.4
CUST-08720,2025-07-03,Basic,29.9,20,3,Pix,23,0,687.7
CUST-08721,2024-09-08,Enterprise,249.9,24,5,Boleto,21,0,5247.9
CUST-08722,2025-02-22,Basic,29.9,2,8,Cartão de Crédito,8,1,239.2
CUST-08723,2024-11-29,Pro,79.9,27,10,Boleto,8,1,639.2
CUST-08724,2025-07-15,Basic,29.9,29,2,Cartão de Crédito,23,0,687.7
CUST-08725,2024-06-23,Pro,79.9,8,7,Cartão de Crédito,21,0,1677.9
CUST-08726,2024-12-01,Enterprise,249.9,17,6,Boleto,7,1,1749.3
CUST-08727,2024-06-29,Basic,29.9,20,7,Cartão de Crédito,4,1,119.6
CUST-08728,2024-01-01,Pro,79.9,9,1,Cartão de Crédito,13,0,1038.7
CUST-08729,2024-08-11,Enterprise,249.9,9,9,Cartão de Crédito,14,0,3498.6
CUST-08730,2025-04-12,Enterprise,249.9,7,7,Pix,19,0,4748.1
CUST-08731,2025-01-28,Pro,79.9,30,7,Cartão de Crédito,1,1,79.9
CUST-08732,2025-08-28,Pro,79.9,29,6,Cartão de Crédito,18,0,1438.2
CUST-08733,2024-05-19,Basic,29.9,29,6,Boleto,24,0,717.6
CUST-08734,2025-03-28,Enterprise,249.9,8,0,Cartão de Crédito,14,0,3498.6
CUST-08735,2025-04-05,Enterprise,249.9,14,0,Pix,17,0,4248.3
CUST-08736,2024-11-18,Pro,79.9,10,3,Cartão de Crédito,19,0,1518.1
CUST-08737,2025-12-26,Basic,29.9,11,10,Boleto,21,0,627.9
CUST-08738,2024-01-13,Pro,79.9,6,2,Cartão de Crédito,13,0,1038.7
CUST-08739,2025-11-12,Pro,79.9,22,8,Pix,11,1,878.9
CUST-08740,2025-05-08,Enterprise,249.9,8,9,Cartão de Crédito,18,0,4498.2
CUST-08741,2024-03-05,Pro,79.9,26,8,Cartão de Crédito,15,0,1198.5
CUST-08742,2025-07-29,Enterprise,249.9,12,6,Cartão de Crédito,9,1,2249.1
CUST-08743,2025-06-14,Pro,79.9,25,10,Boleto,1,1,79.9
CUST-08744,2025-04-18,Basic,29.9,2,8,Cartão de Crédito,8,1,239.2
CUST-08745,2025-11-03,Pro,79.9,6,7,Pix,15,0,1198.5
CUST-08746,2024-08-19,Pro,79.9,18,1,Pix,24,0,1917.6
CUST-08747,2025-02-04,Pro,79.9,24,0,Pix,23,0,1837.7
CUST-08748,2024-07-22,Enterprise,249.9,3,6,Cartão de Crédito,8,1,1999.2
CUST-08749,2025-03-03,Enterprise,249.9,2,7,Boleto,4,1,999.6
CUST-08750,2025-10-11,Pro,79.9,28,0,Pix,13,0,1038.7
CUST-08751,2025-12-24,Pro,79.9,9,1,Boleto,6,1,479.4
CUST-08752,2025-08-16,Basic,29.9,28,9,Cartão de Crédito,14,0,418.6
CUST-08753,2025-05-30,Enterprise,249.9,11,9,Boleto,14,0,3498.6
CUST-08754,2025-03-19,Enterprise,249.9,12,9,Boleto,7,1,1749.3
CUST-08755,2024-11-14,Pro,79.9,12,4,Pix,15,0,1198.5
CUST-08756,2025-03-08,Basic,29.9,18,2,Cartão de Crédito,20,0,598.0
CUST-08757,2024-04-23,Basic,29.9,3,0,Boleto,17,0,508.3
CUST-08758,2025-04-10,Pro,79.9,18,4,Boleto,14,0,1118.6
CUST-08759,2024-06-14,Basic,29.9,20,6,Cartão de Crédito,16,0,478.4
CUST-08760,2025-10-17,Enterprise,249.9,7,4,Cartão de Crédito,7,1,1749.3
CUST-08761,2024-03-04,Enterprise,249.9,18,10,Boleto,20,0,4998.0
CUST-08762,2025-09-11,Pro,79.9,22,10,Boleto,24,0,1917.6
CUST-08763,2024-08-07,Pro,79.9,9,2,Cartão de Crédito,21,0,1677.9
CUST-08764,2025-12-24,Basic,29.9,17,1,Cartão de Crédito,21,0,627.9
CUST-08765,2025-02-11,Enterprise,249.9,22,3,Pix,24,0,5997.6
CUST-08766,2024-06-21,Pro,79.9,7,1,Pix,20,0,1598.0
CUST-08767,2025-08-09,Enterprise,249.9,0,0,Pix,4,1,999.6
CUST-08768,2025-11-09,Enterprise,249.9,21,1,Boleto,20,0,4998.0
CUST-08769,2025-01-26,Enterprise,249.9,11,10,Boleto,5,1,1249.5
CUST-08770,2025-01-19,Basic,29.9,16,8,Pix,10,1,299.0
CUST-08771,2024-08-11,Pro,79.9,7,1,Boleto,6,1,479.4
CUST-08772,2025-06-21,Basic,29.9,13,0,Cartão de Crédito,5,1,149.5
CUST-08773,2025-07-05,Enterprise,249.9,1,7,Boleto,12,1,2998.8
CUST-08774,2025-06-23,Enterprise,249.9,10,7,Boleto,2,1,499.8
CUST-08775,2025-06-03,Enterprise,249.9,3,9,Pix,11,1,2748.9
CUST-08776,2024-08-16,Pro,79.9,19,6,Pix,11,1,878.9
CUST-08777,2025-06-14,Basic,29.9,28,10,Cartão de Crédito,10,1,299.0
CUST-08778,2024-01-28,Pro,79.9,6,9,Cartão de Crédito,9,1,719.1
CUST-08779,2024-11-30,Enterprise,249.9,2,0,Pix,19,0,4748.1
CUST-08780,2024-06-18,Enterprise,249.9,16,6,Pix,23,0,5747.7
CUST-08781,2024-03-08,Enterprise,249.9,29,3,Pix,24,0,5997.6
CUST-08782,2024-09-02,Enterprise,249.9,17,3,Cartão de Crédito,19,0,4748.1
CUST-08783,2025-06-22,Enterprise,249.9,29,7,Pix,5,1,1249.5
CUST-08784,2024-01-13,Basic,29.9,7,0,Boleto,16,0,478.4
CUST-08785,2025-11-21,Pro,79.9,4,0,Boleto,17,0,1358.3
CUST-08786,2024-05-17,Enterprise,249.9,11,8,Pix,8,1,1999.2
CUST-08787,2024-08-31,Pro,79.9,21,10,Pix,11,1,878.9
CUST-08788,2025-08-31,Basic,29.9,3,4,Boleto,1,1,29.9
CUST-08789,2024-03-27,Pro,79.9,30,4,Pix,11,1,878.9
CUST-08790,2024-12-21,Pro,79.9,26,4,Pix,23,0,1837.7
CUST-08791,2024-09-28,Pro,79.9,13,7,Pix,22,0,1757.8
CUST-08792,2024-08-17,Pro,79.9,15,8,Cartão de Crédito,21,0,1677.9
CUST-08793,2024-05-29,Enterprise,249.9,24,7,Cartão de Crédito,3,1,749.7
CUST-08794,2025-03-31,Enterprise,249.9,15,8,Cartão de Crédito,20,0,4998.0
CUST-08795,2025-03-10,Basic,29.9,7,2,Boleto,22,0,657.8
CUST-08796,2025-02-26,Basic,29.9,3,9,Boleto,12,1,358.8
CUST-08797,2024-11-30,Basic,29.9,24,5,Cartão de Crédito,21,0,627.9
CUST-08798,2024-04-19,Basic,29.9,28,8,Cartão de Crédito,19,0,568.1
CUST-08799,2024-12-31,Pro,79.9,13,10,Boleto,7,1,559.3
CUST-08800,2025-07-13,Basic,29.9,9,6,Boleto,1,1,29.9
CUST-08801,2024-03-11,Basic,29.9,1,10,Boleto,3,1,89.7
CUST-08802,2025-07-07,Basic,29.9,20,9,Boleto,20,0,598.0
CUST-08803,2025-03-02,Enterprise,249.9,18,5,Pix,16,0,3998.4
CUST-08804,2025-09-20,Enterprise,249.9,11,3,Boleto,2,1,499.8
CUST-08805,2025-03-12,Pro,79.9,17,6,Boleto,6,1,479.4
CUST-08806,2024-02-27,Enterprise,249.9,0,2,Pix,3,1,749.7
CUST-08807,2025-05-18,Enterprise,249.9,28,6,Boleto,14,0,3498.6
CUST-08808,2024-03-25,Enterprise,249.9,13,6,Cartão de Crédito,3,1,749.7
CUST-08809,2024-01-14,Enterprise,249.9,24,3,Pix,15,0,3748.5
CUST-08810,2024-11-17,Pro,79.9,23,7,Boleto,18,0,1438.2
CUST-08811,2025-04-17,Pro,79.9,30,7,Boleto,24,0,1917.6
CUST-08812,2025-03-11,Enterprise,249.9,19,9,Pix,22,0,5497.8
CUST-08813,2024-07-05,Pro,79.9,6,5,Cartão de Crédito,19,0,1518.1
CUST-08814,2025-09-08,Basic,29.9,18,7,Pix,17,0,508.3
CUST-08815,2025-06-25,Enterprise,249.9,27,5,Boleto,24,0,5997.6
CUST-08816,2025-08-03,Pro,79.9,9,2,Boleto,16,0,1278.4
CUST-08817,2025-12-18,Pro,79.9,13,8,Pix,18,0,1438.2
CUST-08818,2024-01-22,Enterprise,249.9,0,8,Boleto,17,0,4248.3
CUST-08819,2024-09-03,Basic,29.9,7,0,Boleto,13,0,388.7
CUST-08820,2024-04-19,Basic,29.9,3,8,Cartão de Crédito,3,1,89.7
CUST-08821,2024-11-03,Enterprise,249.9,20,6,Boleto,7,1,1749.3
CUST-08822,2024-04-15,Pro,79.9,8,1,Boleto,16,0,1278.4
CUST-08823,2024-05-17,Enterprise,249.9,0,8,Boleto,9,1,2249.1
CUST-08824,2024-03-25,Enterprise,249.9,5,8,Pix,14,0,3498.6
CUST-08825,2025-04-25,Basic,29.9,9,7,Cartão de Crédito,19,0,568.1
CUST-08826,2024-10-14,Enterprise,249.9,2,10,Boleto,10,1,2499.0
CUST-08827,2024-02-16,Basic,29.9,30,0,Pix,18,0,538.2
CUST-08828,2024-03-22,Pro,79.9,7,3,Boleto,19,0,1518.1
CUST-08829,2025-09-12,Pro,79.9,26,8,Cartão de Crédito,23,0,1837.7
CUST-08830,2025-01-16,Enterprise,249.9,27,4,Pix,18,0,4498.2
CUST-08831,2024-09-24,Basic,29.9,26,0,Cartão de Crédito,24,0,717.6
CUST-08832,2024-07-29,Basic,29.9,13,0,Pix,8,1,239.2
CUST-08833,2024-03-18,Enterprise,249.9,0,1,Boleto,24,0,5997.6
CUST-08834,2025-11-02,Basic,29.9,20,2,Boleto,20,0,598.0
CUST-08835,2024-10-09,Enterprise,249.9,18,2,Pix,20,0,4998.0
CUST-08836,2025-09-02,Pro,79.9,24,8,Boleto,12,1,958.8
CUST-08837,2025-02-21,Enterprise,249.9,9,3,Pix,16,0,3998.4
CUST-08838,2025-07-08,Pro,79.9,29,1,Boleto,13,0,1038.7
CUST-08839,2024-06-23,Pro,79.9,20,0,Pix,20,0,1598.0
CUST-08840,2025-03-09,Pro,79.9,6,7,Boleto,13,0,1038.7
CUST-08841,2024-07-07,Basic,29.9,8,8,Pix,15,0,448.5
CUST-08842,2025-08-04,Pro,79.9,3,8,Cartão de Crédito,8,1,639.2
CUST-08843,2024-09-17,Basic,29.9,0,9,Pix,10,1,299.0
CUST-08844,2025-11-29,Basic,29.9,25,6,Cartão de Crédito,22,0,657.8
CUST-08845,2024-02-07,Pro,79.9,23,3,Pix,8,1,639.2
CUST-08846,2025-03-25,Enterprise,249.9,16,0,Cartão de Crédito,6,1,1499.4
CUST-08847,2025-11-24,Pro,79.9,0,8,Cartão de Crédito,11,1,878.9
CUST-08848,2024-03-16,Pro,79.9,4,1,Pix,6,1,479.4
CUST-08849,2025-10-26,Basic,29.9,17,4,Cartão de Crédito,13,0,388.7
CUST-08850,2025-01-06,Enterprise,249.9,18,4,Cartão de Crédito,19,0,4748.1
CUST-08851,2024-12-15,Enterprise,249.9,17,2,Boleto,22,0,5497.8
CUST-08852,2024-03-25,Pro,79.9,15,0,Boleto,19,0,1518.1
CUST-08853,2024-03-26,Basic,29.9,3,10,Boleto,2,1,59.8
CUST-08854,2024-02-20,Enterprise,249.9,16,0,Boleto,15,0,3748.5
CUST-08855,2024-01-08,Pro,79.9,8,10,Boleto,10,1,799.0
CUST-08856,2024-04-04,Enterprise,249.9,2,4,Pix,3,1,749.7
CUST-08857,2025-12-31,Basic,29.9,16,8,Boleto,23,0,687.7
CUST-08858,2025-12-23,Basic,29.9,7,0,Boleto,24,0,717.6
CUST-08859,2025-04-29,Enterprise,249.9,1,9,Cartão de Crédito,5,1,1249.5
CUST-08860,2024-08-29,Enterprise,249.9,7,8,Pix,24,0,5997.6
CUST-08861,2024-08-31,Enterprise,249.9,28,2,Pix,16,0,3998.4
CUST-08862,2025-12-04,Basic,29.9,17,1,Boleto,17,0,508.3
CUST-08863,2024-10-09,Pro,79.9,26,6,Boleto,19,0,1518.1
CUST-08864,2024-06-19,Enterprise,249.9,15,2,Pix,23,0,5747.7
CUST-08865,2024-03-07,Pro,79.9,25,3,Pix,23,0,1837.7
CUST-08866,2025-04-21,Basic,29.9,10,9,Cartão de Crédito,6,1,179.4
CUST-08867,2025-10-28,Basic,29.9,25,8,Cartão de Crédito,23,0,687.7
CUST-08868,2025-03-14,Pro,79.9,30,8,Boleto,11,1,878.9
CUST-08869,2025-09-03,Enterprise,249.9,25,8,Pix,20,0,4998.0
CUST-08870,2025-04-11,Pro,79.9,8,4,Pix,17,0,1358.3
CUST-08871,2024-08-10,Pro,79.9,23,6,Cartão de Crédito,20,0,1598.0
CUST-08872,2024-11-18,Pro,79.9,13,10,Boleto,7,1,559.3
CUST-08873,2024-11-04,Pro,79.9,21,4,Boleto,21,0,1677.9
CUST-08874,2025-05-29,Enterprise,249.9,2,2,Boleto,13,0,3248.7
CUST-08875,2025-08-19,Pro,79.9,30,0,Pix,15,0,1198.5
CUST-08876,2025-11-06,Pro,79.9,12,5,Pix,17,0,1358.3
CUST-08877,2025-12-16,Pro,79.9,14,4,Cartão de Crédito,19,0,1518.1
CUST-08878,2025-04-13,Basic,29.9,1,10,Pix,11,1,328.9
CUST-08879,2024-07-30,Basic,29.9,24,6,Cartão de Crédito,20,0,598.0
CUST-08880,2025-01-27,Pro,79.9,9,9,Boleto,6,1,479.4
CUST-08881,2025-11-10,Basic,29.9,27,6,Pix,8,1,239.2
CUST-08882,2025-07-25,Enterprise,249.9,28,5,Cartão de Crédito,16,0,3998.4
CUST-08883,2024-01-05,Pro,79.9,22,2,Boleto,18,0,1438.2
CUST-08884,2024-05-29,Enterprise,249.9,4,6,Boleto,3,1,749.7
CUST-08885,2024-12-20,Enterprise,249.9,1,8,Boleto,9,1,2249.1
CUST-08886,2024-12-04,Pro,79.9,15,1,Pix,19,0,1518.1
CUST-08887,2024-05-15,Basic,29.9,28,2,Pix,19,0,568.1
CUST-08888,2024-06-29,Basic,29.9,2,0,Cartão de Crédito,22,0,657.8
CUST-08889,2024-03-17,Basic,29.9,12,6,Boleto,19,0,568.1
CUST-08890,2024-06-13,Basic,29.9,30,9,Boleto,1,1,29.9
CUST-08891,2024-01-17,Basic,29.9,10,6,Cartão de Crédito,4,1,119.6
CUST-08892,2025-09-03,Enterprise,249.9,17,7,Pix,7,1,1749.3
CUST-08893,2024-06-27,Pro,79.9,13,3,Boleto,20,0,1598.0
CUST-08894,2024-04-28,Enterprise,249.9,20,0,Cartão de Crédito,14,0,3498.6
CUST-08895,2025-02-12,Pro,79.9,17,0,Cartão de Crédito,15,0,1198.5
CUST-08896,2024-04-05,Pro,79.9,26,0,Boleto,21,0,1677.9
CUST-08897,2024-07-03,Enterprise,249.9,11,10,Cartão de Crédito,23,0,5747.7
CUST-08898,2025-02-13,Basic,29.9,8,3,Boleto,18,0,538.2
CUST-08899,2024-09-05,Basic,29.9,28,4,Cartão de Crédito,13,0,388.7
CUST-08900,2025-04-04,Pro,79.9,24,9,Cartão de Crédito,20,0,1598.0
CUST-08901,2024-05-23,Pro,79.9,0,8,Cartão de Crédito,9,1,719.1
CUST-08902,2025-02-03,Basic,29.9,3,8,Pix,17,0,508.3
CUST-08903,2024-05-02,Pro,79.9,12,8,Boleto,20,0,1598.0
CUST-08904,2025-01-31,Pro,79.9,26,7,Cartão de Crédito,20,0,1598.0
CUST-08905,2024-07-26,Enterprise,249.9,2,5,Cartão de Crédito,7,1,1749.3
CUST-08906,2025-03-06,Pro,79.9,26,2,Cartão de Crédito,18,0,1438.2
CUST-08907,2024-08-11,Enterprise,249.9,19,8,Boleto,7,1,1749.3
CUST-08908,2024-08-30,Pro,79.9,0,1,Pix,24,0,1917.6
CUST-08909,2024-05-15,Basic,29.9,3,3,Cartão de Crédito,10,1,299.0
CUST-08910,2024-06-30,Enterprise,249.9,6,3,Boleto,24,0,5997.6
CUST-08911,2025-01-12,Pro,79.9,9,7,Boleto,10,1,799.0
CUST-08912,2025-04-21,Basic,29.9,18,6,Pix,18,0,538.2
CUST-08913,2025-07-18,Basic,29.9,2,4,Cartão de Crédito,17,0,508.3
CUST-08914,2024-12-05,Enterprise,249.9,21,1,Boleto,24,0,5997.6
CUST-08915,2024-10-10,Pro,79.9,26,6,Pix,19,0,1518.1
CUST-08916,2024-11-04,Enterprise,249.9,10,1,Cartão de Crédito,16,0,3998.4
CUST-08917,2025-09-11,Basic,29.9,10,2,Boleto,24,0,717.6
CUST-08918,2025-03-10,Basic,29.9,12,9,Boleto,16,0,478.4
CUST-08919,2024-01-31,Enterprise,249.9,27,4,Pix,23,0,5747.7
CUST-08920,2024-07-25,Enterprise,249.9,29,5,Boleto,17,0,4248.3
CUST-08921,2025-09-05,Basic,29.9,18,9,Cartão de Crédito,20,0,598.0
CUST-08922,2025-09-24,Enterprise,249.9,12,4,Cartão de Crédito,20,0,4998.0
CUST-08923,2025-05-29,Basic,29.9,2,8,Cartão de Crédito,8,1,239.2
CUST-08924,2025-08-03,Basic,29.9,5,4,Boleto,16,0,478.4
CUST-08925,2024-03-24,Enterprise,249.9,5,8,Pix,8,1,1999.2
CUST-08926,2024-04-16,Enterprise,249.9,21,2,Pix,14,0,3498.6
CUST-08927,2024-05-08,Basic,29.9,12,3,Pix,21,0,627.9
CUST-08928,2025-01-20,Pro,79.9,23,10,Pix,9,1,719.1
CUST-08929,2024-03-27,Enterprise,249.9,25,3,Pix,17,0,4248.3
CUST-08930,2025-06-04,Enterprise,249.9,3,8,Boleto,4,1,999.6
CUST-08931,2025-10-29,Pro,79.9,14,1,Pix,16,0,1278.4
CUST-08932,2025-09-06,Pro,79.9,19,10,Pix,24,0,1917.6
CUST-08933,2025-12-05,Enterprise,249.9,29,10,Boleto,23,0,5747.7
CUST-08934,2024-12-28,Basic,29.9,29,10,Pix,21,0,627.9
CUST-08935,2024-12-25,Enterprise,249.9,8,0,Cartão de Crédito,22,0,5497.8
CUST-08936,2025-09-25,Pro,79.9,14,3,Cartão de Crédito,22,0,1757.8
CUST-08937,2025-06-18,Basic,29.9,3,2,Boleto,7,1,209.3
CUST-08938,2024-08-21,Enterprise,249.9,23,9,Boleto,2,1,499.8
CUST-08939,2025-05-06,Pro,79.9,27,1,Pix,19,0,1518.1
CUST-08940,2024-07-14,Enterprise,249.9,3,7,Cartão de Crédito,5,1,1249.5
CUST-08941,2024-01-19,Pro,79.9,21,9,Cartão de Crédito,23,0,1837.7
CUST-08942,2024-05-17,Basic,29.9,26,1,Pix,6,1,179.4
CUST-08943,2025-03-28,Basic,29.9,20,6,Cartão de Crédito,1,1,29.9
CUST-08944,2025-12-17,Enterprise,249.9,3,8,Cartão de Crédito,4,1,999.6
CUST-08945,2024-12-05,Basic,29.9,21,7,Pix,17,0,508.3
CUST-08946,2024-08-25,Pro,79.9,2,7,Pix,5,1,399.5
CUST-08947,2024-04-04,Enterprise,249.9,28,5,Boleto,17,0,4248.3
CUST-08948,2024-06-03,Pro,79.9,21,7,Cartão de Crédito,12,1,958.8
CUST-08949,2025-08-12,Pro,79.9,0,0,Boleto,16,0,1278.4
CUST-08950,2024-05-25,Pro,79.9,15,10,Pix,15,0,1198.5
CUST-08951,2025-02-11,Basic,29.9,1,9,Pix,1,1,29.9
CUST-08952,2024-06-12,Basic,29.9,2,1,Pix,19,0,568.1
CUST-08953,2025-06-23,Basic,29.9,19,6,Pix,10,1,299.0
CUST-08954,2025-02-22,Enterprise,249.9,11,7,Pix,16,0,3998.4
CUST-08955,2025-05-26,Basic,29.9,13,9,Cartão de Crédito,24,0,717.6
CUST-08956,2025-05-08,Basic,29.9,3,6,Pix,21,0,627.9
CUST-08957,2024-05-18,Pro,79.9,12,4,Cartão de Crédito,22,0,1757.8
CUST-08958,2025-07-05,Basic,29.9,1,5,Pix,11,1,328.9
CUST-08959,2025-10-21,Pro,79.9,6,5,Boleto,14,0,1118.6
CUST-08960,2025-11-25,Enterprise,249.9,23,0,Pix,20,0,4998.0
CUST-08961,2024-11-08,Pro,79.9,12,8,Pix,22,0,1757.8
CUST-08962,2024-01-16,Pro,79.9,17,2,Boleto,21,0,1677.9
CUST-08963,2024-02-26,Pro,79.9,20,2,Cartão de Crédito,15,0,1198.5
CUST-08964,2025-12-27,Basic,29.9,30,10,Boleto,22,0,657.8
CUST-08965,2025-05-31,Basic,29.9,22,0,Boleto,15,0,448.5
CUST-08966,2025-02-21,Basic,29.9,17,7,Cartão de Crédito,2,1,59.8
CUST-08967,2024-10-17,Pro,79.9,5,8,Boleto,14,0,1118.6
CUST-08968,2024-05-25,Pro,79.9,9,5,Cartão de Crédito,15,0,1198.5
CUST-08969,2024-08-14,Enterprise,249.9,6,0,Cartão de Crédito,13,0,3248.7
CUST-08970,2025-06-19,Enterprise,249.9,10,6,Boleto,14,0,3498.6
CUST-08971,2025-01-28,Basic,29.9,30,10,Pix,13,0,388.7
CUST-08972,2024-06-20,Basic,29.9,6,4,Cartão de Crédito,22,0,657.8
CUST-08973,2025-03-08,Basic,29.9,11,4,Boleto,14,0,418.6
CUST-08974,2025-10-20,Basic,29.9,7,5,Pix,22,0,657.8
CUST-08975,2025-04-19,Enterprise,249.9,18,1,Cartão de Crédito,20,0,4998.0
CUST-08976,2025-07-16,Basic,29.9,24,2,Boleto,15,0,448.5
CUST-08977,2025-04-25,Enterprise,249.9,2,0,Pix,24,0,5997.6
CUST-08978,2025-05-21,Pro,79.9,24,9,Boleto,10,1,799.0
CUST-08979,2025-06-08,Enterprise,249.9,15,2,Boleto,23,0,5747.7
CUST-08980,2025-10-10,Pro,79.9,4,3,Cartão de Crédito,13,0,1038.7
CUST-08981,2024-05-24,Enterprise,249.9,15,1,Boleto,14,0,3498.6
CUST-08982,2025-05-01,Pro,79.9,1,1,Boleto,2,1,159.8
CUST-08983,2025-12-08,Basic,29.9,0,8,Cartão de Crédito,4,1,119.6
CUST-08984,2024-03-05,Enterprise,249.9,30,0,Boleto,13,0,3248.7
CUST-08985,2025-09-25,Basic,29.9,20,8,Pix,3,1,89.7
CUST-08986,2024-08-13,Enterprise,249.9,27,7,Cartão de Crédito,11,1,2748.9
CUST-08987,2024-01-27,Basic,29.9,21,10,Pix,16,0,478.4
CUST-08988,2024-01-13,Pro,79.9,16,0,Pix,18,0,1438.2
CUST-08989,2025-04-15,Pro,79.9,21,3,Boleto,17,0,1358.3
CUST-08990,2025-03-11,Basic,29.9,19,2,Pix,23,0,687.7
CUST-08991,2024-11-14,Pro,79.9,0,2,Boleto,23,0,1837.7
CUST-08992,2025-06-18,Pro,79.9,19,7,Boleto,11,1,878.9
CUST-08993,2025-05-26,Enterprise,249.9,27,6,Pix,5,1,1249.5
CUST-08994,2025-05-11,Enterprise,249.9,0,10,Boleto,11,1,2748.9
CUST-08995,2024-02-17,Pro,79.9,2,2,Pix,2,1,159.8
CUST-08996,2025-06-23,Pro,79.9,1,7,Pix,7,1,559.3
CUST-08997,2025-07-31,Pro,79.9,9,9,Boleto,22,0,1757.8
CUST-08998,2025-09-07,Pro,79.9,23,9,Cartão de Crédito,2,1,159.8
CUST-08999,2024-04-06,Basic,29.9,8,2,Boleto,19,0,568.1
CUST-09000,2024-01-06,Pro,79.9,11,3,Pix,22,0,1757.8
CUST-09001,2024-10-26,Enterprise,249.9,9,3,Boleto,24,0,5997.6
CUST-09002,2024-10-25,Enterprise,249.9,7,5,Pix,13,0,3248.7
CUST-09003,2025-06-05,Enterprise,249.9,18,5,Pix,24,0,5997.6
CUST-09004,2025-03-21,Pro,79.9,20,2,Cartão de Crédito,17,0,1358.3
CUST-09005,2024-07-09,Pro,79.9,23,5,Boleto,10,1,799.0
CUST-09006,2025-07-02,Pro,79.9,22,9,Pix,7,1,559.3
CUST-09007,2025-07-26,Enterprise,249.9,25,1,Pix,15,0,3748.5
CUST-09008,2025-06-11,Pro,79.9,22,1,Boleto,19,0,1518.1
CUST-09009,2025-04-20,Pro,79.9,27,6,Boleto,23,0,1837.7
CUST-09010,2025-02-27,Enterprise,249.9,3,8,Pix,19,0,4748.1
CUST-09011,2024-11-12,Pro,79.9,25,0,Boleto,18,0,1438.2
CUST-09012,2025-08-15,Basic,29.9,3,3,Pix,16,0,478.4
CUST-09013,2024-03-28,Enterprise,249.9,1,9,Cartão de Crédito,9,1,2249.1
CUST-09014,2025-03-15,Enterprise,249.9,14,6,Boleto,16,0,3998.4
CUST-09015,2025-08-17,Basic,29.9,13,8,Pix,24,0,717.6
CUST-09016,2024-10-18,Basic,29.9,15,10,Boleto,22,0,657.8
CUST-09017,2025-11-11,Enterprise,249.9,22,2,Boleto,14,0,3498.6
CUST-09018,2024-10-18,Enterprise,249.9,7,5,Boleto,18,0,4498.2
CUST-09019,2025-07-28,Enterprise,249.9,9,0,Cartão de Crédito,4,1,999.6
CUST-09020,2024-12-09,Enterprise,249.9,25,3,Pix,13,0,3248.7
CUST-09021,2024-10-07,Pro,79.9,13,5,Cartão de Crédito,14,0,1118.6
CUST-09022,2024-01-22,Basic,29.9,20,5,Pix,21,0,627.9
CUST-09023,2024-01-20,Basic,29.9,5,3,Pix,22,0,657.8
CUST-09024,2025-07-22,Pro,79.9,11,10,Boleto,7,1,559.3
CUST-09025,2025-04-28,Pro,79.9,13,2,Cartão de Crédito,14,0,1118.6
CUST-09026,2024-10-09,Pro,79.9,2,8,Boleto,8,1,639.2
CUST-09027,2025-02-03,Enterprise,249.9,19,3,Pix,24,0,5997.6
CUST-09028,2024-10-03,Basic,29.9,25,7,Pix,22,0,657.8
CUST-09029,2025-09-03,Enterprise,249.9,3,2,Cartão de Crédito,6,1,1499.4
CUST-09030,2025-05-11,Pro,79.9,9,3,Boleto,17,0,1358.3
CUST-09031,2024-12-10,Enterprise,249.9,13,4,Pix,18,0,4498.2
CUST-09032,2025-03-22,Basic,29.9,8,5,Pix,20,0,598.0
CUST-09033,2024-02-25,Pro,79.9,0,6,Boleto,5,1,399.5
CUST-09034,2024-11-22,Basic,29.9,4,5,Boleto,1,1,29.9
CUST-09035,2024-02-28,Enterprise,249.9,5,2,Pix,19,0,4748.1
CUST-09036,2024-11-28,Basic,29.9,15,1,Boleto,21,0,627.9
CUST-09037,2024-07-23,Basic,29.9,23,1,Pix,5,1,149.5
CUST-09038,2025-10-17,Basic,29.9,6,1,Cartão de Crédito,13,0,388.7
CUST-09039,2025-04-14,Basic,29.9,18,6,Cartão de Crédito,24,0,717.6
CUST-09040,2025-11-12,Pro,79.9,13,1,Pix,14,0,1118.6
CUST-09041,2024-07-03,Basic,29.9,8,1,Pix,15,0,448.5
CUST-09042,2025-05-18,Pro,79.9,7,2,Boleto,14,0,1118.6
CUST-09043,2024-01-24,Enterprise,249.9,17,3,Boleto,15,0,3748.5
CUST-09044,2024-04-23,Enterprise,249.9,5,0,Boleto,13,0,3248.7
CUST-09045,2025-11-04,Enterprise,249.9,20,8,Boleto,4,1,999.6
CUST-09046,2024-09-22,Enterprise,249.9,19,5,Boleto,21,0,5247.9
CUST-09047,2024-03-08,Pro,79.9,18,3,Cartão de Crédito,23,0,1837.7
CUST-09048,2024-03-06,Basic,29.9,19,3,Boleto,4,1,119.6
CUST-09049,2024-03-17,Basic,29.9,8,6,Cartão de Crédito,16,0,478.4
CUST-09050,2025-07-25,Basic,29.9,3,10,Boleto,4,1,119.6
CUST-09051,2024-10-24,Pro,79.9,23,5,Cartão de Crédito,19,0,1518.1
CUST-09052,2024-07-01,Pro,79.9,3,3,Cartão de Crédito,11,1,878.9
CUST-09053,2024-11-26,Basic,29.9,1,8,Cartão de Crédito,1,1,29.9
CUST-09054,2024-11-25,Pro,79.9,1,2,Pix,2,1,159.8
CUST-09055,2025-02-20,Basic,29.9,4,2,Cartão de Crédito,23,0,687.7
CUST-09056,2024-07-10,Pro,79.9,14,5,Boleto,13,0,1038.7
CUST-09057,2025-06-24,Pro,79.9,4,7,Pix,11,1,878.9
CUST-09058,2024-03-17,Enterprise,249.9,3,2,Cartão de Crédito,11,1,2748.9
CUST-09059,2025-10-30,Enterprise,249.9,28,9,Boleto,1,1,249.9
CUST-09060,2025-01-04,Pro,79.9,29,0,Boleto,17,0,1358.3
CUST-09061,2025-05-03,Enterprise,249.9,15,3,Boleto,20,0,4998.0
CUST-09062,2024-12-10,Basic,29.9,9,10,Cartão de Crédito,3,1,89.7
CUST-09063,2025-08-07,Basic,29.9,5,10,Cartão de Crédito,23,0,687.7
CUST-09064,2024-06-28,Pro,79.9,21,5,Pix,20,0,1598.0
CUST-09065,2024-11-24,Enterprise,249.9,24,4,Cartão de Crédito,17,0,4248.3
CUST-09066,2025-07-05,Pro,79.9,1,4,Pix,17,0,1358.3
CUST-09067,2024-08-04,Enterprise,249.9,0,0,Cartão de Crédito,5,1,1249.5
CUST-09068,2025-06-25,Pro,79.9,20,1,Cartão de Crédito,14,0,1118.6
CUST-09069,2025-07-25,Basic,29.9,25,1,Boleto,9,1,269.1
CUST-09070,2025-09-08,Pro,79.9,16,8,Cartão de Crédito,7,1,559.3
CUST-09071,2024-08-13,Basic,29.9,17,2,Boleto,17,0,508.3
CUST-09072,2025-07-13,Basic,29.9,8,3,Boleto,14,0,418.6
CUST-09073,2024-10-27,Pro,79.9,5,9,Boleto,15,0,1198.5
CUST-09074,2025-10-01,Basic,29.9,4,5,Boleto,7,1,209.3
CUST-09075,2024-12-06,Enterprise,249.9,7,8,Pix,8,1,1999.2
CUST-09076,2024-08-28,Basic,29.9,20,1,Cartão de Crédito,15,0,448.5
CUST-09077,2025-02-28,Basic,29.9,12,5,Boleto,17,0,508.3
CUST-09078,2024-01-16,Pro,79.9,27,10,Boleto,22,0,1757.8
CUST-09079,2025-10-20,Pro,79.9,12,2,Boleto,17,0,1358.3
CUST-09080,2025-01-20,Enterprise,249.9,10,9,Pix,15,0,3748.5
CUST-09081,2024-01-26,Enterprise,249.9,30,4,Boleto,15,0,3748.5
CUST-09082,2024-05-31,Basic,29.9,30,0,Boleto,18,0,538.2
CUST-09083,2024-05-01,Pro,79.9,15,0,Cartão de Crédito,23,0,1837.7
CUST-09084,2025-08-01,Pro,79.9,2,7,Cartão de Crédito,9,1,719.1
CUST-09085,2024-01-13,Basic,29.9,25,4,Boleto,3,1,89.7
CUST-09086,2024-06-03,Pro,79.9,10,1,Pix,17,0,1358.3
CUST-09087,2025-02-21,Enterprise,249.9,17,9,Boleto,17,0,4248.3
CUST-09088,2025-01-29,Enterprise,249.9,6,9,Pix,2,1,499.8
CUST-09089,2024-04-17,Enterprise,249.9,1,4,Cartão de Crédito,6,1,1499.4
CUST-09090,2025-11-01,Enterprise,249.9,25,2,Pix,18,0,4498.2
CUST-09091,2024-01-17,Enterprise,249.9,20,4,Cartão de Crédito,17,0,4248.3
CUST-09092,2024-02-17,Pro,79.9,10,1,Boleto,15,0,1198.5
CUST-09093,2025-12-22,Enterprise,249.9,20,3,Cartão de Crédito,20,0,4998.0
CUST-09094,2025-03-16,Pro,79.9,3,10,Cartão de Crédito,3,1,239.7
CUST-09095,2024-11-10,Pro,79.9,6,5,Boleto,10,1,799.0
CUST-09096,2024-06-07,Pro,79.9,26,9,Cartão de Crédito,8,1,639.2
CUST-09097,2024-02-28,Pro,79.9,18,8,Pix,22,0,1757.8
CUST-09098,2024-07-08,Basic,29.9,4,10,Cartão de Crédito,5,1,149.5
CUST-09099,2025-04-02,Enterprise,249.9,26,5,Boleto,6,1,1499.4
CUST-09100,2024-01-08,Basic,29.9,13,2,Boleto,21,0,627.9
CUST-09101,2025-04-13,Basic,29.9,9,7,Cartão de Crédito,13,0,388.7
CUST-09102,2025-04-07,Pro,79.9,17,7,Cartão de Crédito,3,1,239.7
CUST-09103,2024-03-02,Enterprise,249.9,15,6,Cartão de Crédito,18,0,4498.2
CUST-09104,2025-07-15,Enterprise,249.9,23,7,Pix,3,1,749.7
CUST-09105,2024-04-20,Pro,79.9,30,6,Pix,3,1,239.7
CUST-09106,2025-07-09,Basic,29.9,17,5,Boleto,6,1,179.4
CUST-09107,2025-04-14,Pro,79.9,3,2,Boleto,9,1,719.1
CUST-09108,2025-01-22,Pro,79.9,5,3,Cartão de Crédito,21,0,1677.9
CUST-09109,2025-02-25,Enterprise,249.9,11,1,Pix,3,1,749.7
CUST-09110,2024-07-26,Enterprise,249.9,13,0,Cartão de Crédito,14,0,3498.6
CUST-09111,2025-08-01,Basic,29.9,21,4,Boleto,14,0,418.6
CUST-09112,2025-05-16,Basic,29.9,7,3,Boleto,21,0,627.9
CUST-09113,2024-06-24,Enterprise,249.9,23,1,Boleto,15,0,3748.5
CUST-09114,2024-01-31,Basic,29.9,30,9,Pix,16,0,478.4
CUST-09115,2025-08-21,Pro,79.9,14,10,Boleto,24,0,1917.6
CUST-09116,2024-08-12,Enterprise,249.9,22,5,Boleto,13,0,3248.7
CUST-09117,2024-07-31,Enterprise,249.9,13,5,Cartão de Crédito,21,0,5247.9
CUST-09118,2025-11-06,Basic,29.9,29,8,Cartão de Crédito,21,0,627.9
CUST-09119,2025-10-17,Basic,29.9,11,10,Boleto,17,0,508.3
CUST-09120,2024-02-05,Enterprise,249.9,24,5,Pix,19,0,4748.1
CUST-09121,2024-10-23,Basic,29.9,11,6,Cartão de Crédito,23,0,687.7
CUST-09122,2025-10-03,Enterprise,249.9,28,7,Cartão de Crédito,7,1,1749.3
CUST-09123,2025-01-10,Enterprise,249.9,19,10,Pix,24,0,5997.6
CUST-09124,2024-07-07,Enterprise,249.9,9,10,Boleto,9,1,2249.1
CUST-09125,2024-01-15,Enterprise,249.9,16,3,Cartão de Crédito,14,0,3498.6
CUST-09126,2025-10-20,Enterprise,249.9,22,2,Boleto,15,0,3748.5
CUST-09127,2024-10-12,Basic,29.9,18,2,Pix,6,1,179.4
CUST-09128,2025-05-26,Enterprise,249.9,11,5,Boleto,15,0,3748.5
CUST-09129,2025-09-11,Basic,29.9,7,1,Boleto,14,0,418.6
CUST-09130,2025-08-28,Basic,29.9,3,9,Cartão de Crédito,23,0,687.7
CUST-09131,2025-09-21,Pro,79.9,24,6,Cartão de Crédito,24,0,1917.6
CUST-09132,2025-09-06,Pro,79.9,2,1,Cartão de Crédito,15,0,1198.5
CUST-09133,2025-09-17,Pro,79.9,23,2,Cartão de Crédito,14,0,1118.6
CUST-09134,2024-03-20,Enterprise,249.9,18,9,Cartão de Crédito,2,1,499.8
CUST-09135,2024-10-20,Pro,79.9,4,9,Boleto,2,1,159.8
CUST-09136,2024-07-06,Enterprise,249.9,20,9,Boleto,1,1,249.9
CUST-09137,2024-02-02,Basic,29.9,30,5,Boleto,16,0,478.4
CUST-09138,2024-08-02,Pro,79.9,7,5,Cartão de Crédito,21,0,1677.9
CUST-09139,2025-02-13,Pro,79.9,2,5,Pix,15,0,1198.5
CUST-09140,2025-10-15,Basic,29.9,0,4,Cartão de Crédito,15,0,448.5
CUST-09141,2024-10-31,Pro,79.9,26,3,Cartão de Crédito,19,0,1518.1
CUST-09142,2024-03-08,Basic,29.9,5,8,Boleto,15,0,448.5
CUST-09143,2024-06-14,Basic,29.9,1,9,Boleto,24,0,717.6
CUST-09144,2025-05-22,Enterprise,249.9,28,6,Pix,13,0,3248.7
CUST-09145,2025-04-21,Pro,79.9,24,9,Pix,15,0,1198.5
CUST-09146,2025-12-18,Enterprise,249.9,26,9,Boleto,22,0,5497.8
CUST-09147,2025-01-22,Enterprise,249.9,4,0,Cartão de Crédito,4,1,999.6
CUST-09148,2024-12-07,Enterprise,249.9,26,10,Cartão de Crédito,19,0,4748.1
CUST-09149,2024-08-17,Basic,29.9,23,4,Cartão de Crédito,17,0,508.3
CUST-09150,2025-04-26,Enterprise,249.9,13,8,Boleto,14,0,3498.6
CUST-09151,2024-01-24,Basic,29.9,19,9,Boleto,13,0,388.7
CUST-09152,2025-01-03,Basic,29.9,13,6,Boleto,8,1,239.2
CUST-09153,2024-12-22,Enterprise,249.9,6,4,Pix,15,0,3748.5
CUST-09154,2024-08-16,Enterprise,249.9,22,5,Boleto,21,0,5247.9
CUST-09155,2024-10-27,Pro,79.9,20,8,Boleto,19,0,1518.1
CUST-09156,2024-06-20,Enterprise,249.9,3,7,Boleto,12,1,2998.8
CUST-09157,2025-10-28,Pro,79.9,9,7,Pix,15,0,1198.5
CUST-09158,2024-10-17,Enterprise,249.9,13,6,Cartão de Crédito,20,0,4998.0
CUST-09159,2025-06-26,Basic,29.9,2,5,Pix,11,1,328.9
CUST-09160,2024-05-30,Pro,79.9,20,3,Pix,15,0,1198.5
CUST-09161,2025-07-03,Pro,79.9,5,7,Pix,4,1,319.6
CUST-09162,2024-07-28,Enterprise,249.9,7,0,Cartão de Crédito,15,0,3748.5
CUST-09163,2025-09-04,Basic,29.9,11,2,Cartão de Crédito,14,0,418.6
CUST-09164,2024-09-26,Enterprise,249.9,20,9,Boleto,12,1,2998.8
CUST-09165,2024-05-18,Pro,79.9,7,1,Cartão de Crédito,15,0,1198.5
CUST-09166,2024-09-21,Enterprise,249.9,12,4,Cartão de Crédito,17,0,4248.3
CUST-09167,2025-08-09,Enterprise,249.9,12,0,Boleto,23,0,5747.7
CUST-09168,2025-06-24,Basic,29.9,12,4,Boleto,14,0,418.6
CUST-09169,2025-07-29,Basic,29.9,1,9,Pix,17,0,508.3
CUST-09170,2024-11-28,Pro,79.9,29,0,Pix,17,0,1358.3
CUST-09171,2025-10-13,Pro,79.9,22,3,Boleto,20,0,1598.0
CUST-09172,2025-07-21,Enterprise,249.9,30,2,Cartão de Crédito,23,0,5747.7
CUST-09173,2025-11-07,Basic,29.9,5,3,Boleto,17,0,508.3
CUST-09174,2025-09-13,Enterprise,249.9,16,8,Pix,21,0,5247.9
CUST-09175,2024-12-06,Basic,29.9,21,8,Pix,14,0,418.6
CUST-09176,2025-01-31,Basic,29.9,8,8,Cartão de Crédito,7,1,209.3
CUST-09177,2024-06-12,Pro,79.9,30,5,Boleto,9,1,719.1
CUST-09178,2025-05-09,Basic,29.9,11,1,Pix,14,0,418.6
CUST-09179,2024-07-07,Pro,79.9,17,10,Cartão de Crédito,1,1,79.9
CUST-09180,2025-06-18,Basic,29.9,29,0,Pix,22,0,657.8
CUST-09181,2025-06-12,Enterprise,249.9,0,3,Cartão de Crédito,7,1,1749.3
CUST-09182,2025-12-28,Basic,29.9,29,4,Cartão de Crédito,22,0,657.8
CUST-09183,2025-11-01,Pro,79.9,15,9,Cartão de Crédito,2,1,159.8
CUST-09184,2024-10-01,Basic,29.9,9,7,Boleto,13,0,388.7
CUST-09185,2025-06-30,Enterprise,249.9,25,10,Pix,21,0,5247.9
CUST-09186,2024-02-27,Pro,79.9,0,5,Boleto,11,1,878.9
CUST-09187,2024-07-06,Basic,29.9,18,10,Boleto,22,0,657.8
CUST-09188,2024-09-21,Basic,29.9,20,9,Cartão de Crédito,14,0,418.6
CUST-09189,2024-03-03,Basic,29.9,6,4,Pix,22,0,657.8
CUST-09190,2024-05-14,Pro,79.9,29,8,Cartão de Crédito,15,0,1198.5
CUST-09191,2024-09-02,Pro,79.9,26,1,Cartão de Crédito,14,0,1118.6
CUST-09192,2024-05-04,Enterprise,249.9,23,3,Cartão de Crédito,19,0,4748.1
CUST-09193,2025-01-12,Enterprise,249.9,27,4,Boleto,14,0,3498.6
CUST-09194,2024-07-31,Basic,29.9,11,0,Cartão de Crédito,14,0,418.6
CUST-09195,2025-08-05,Basic,29.9,19,0,Boleto,24,0,717.6
CUST-09196,2025-04-16,Basic,29.9,15,6,Pix,16,0,478.4
CUST-09197,2025-04-26,Pro,79.9,15,0,Boleto,18,0,1438.2
CUST-09198,2024-03-22,Basic,29.9,20,5,Cartão de Crédito,23,0,687.7
CUST-09199,2024-03-16,Pro,79.9,10,2,Boleto,14,0,1118.6
CUST-09200,2025-06-03,Basic,29.9,29,8,Pix,14,0,418.6
CUST-09201,2024-05-30,Enterprise,249.9,11,4,Pix,21,0,5247.9
CUST-09202,2025-01-17,Enterprise,249.9,22,0,Cartão de Crédito,13,0,3248.7
CUST-09203,2024-03-23,Enterprise,249.9,21,1,Boleto,16,0,3998.4
CUST-09204,2024-04-22,Pro,79.9,13,5,Cartão de Crédito,5,1,399.5
CUST-09205,2024-04-23,Basic,29.9,5,8,Cartão de Crédito,7,1,209.3
CUST-09206,2025-10-13,Pro,79.9,10,6,Cartão de Crédito,5,1,399.5
CUST-09207,2025-07-10,Pro,79.9,28,7,Boleto,14,0,1118.6
CUST-09208,2024-03-12,Pro,79.9,24,3,Boleto,18,0,1438.2
CUST-09209,2025-07-19,Enterprise,249.9,30,1,Boleto,19,0,4748.1
CUST-09210,2024-08-28,Pro,79.9,17,10,Cartão de Crédito,5,1,399.5
CUST-09211,2025-01-10,Pro,79.9,16,3,Cartão de Crédito,19,0,1518.1
CUST-09212,2025-10-22,Enterprise,249.9,24,0,Cartão de Crédito,24,0,5997.6
CUST-09213,2024-11-23,Pro,79.9,13,9,Cartão de Crédito,20,0,1598.0
CUST-09214,2025-01-12,Pro,79.9,4,8,Pix,22,0,1757.8
CUST-09215,2025-09-08,Pro,79.9,19,3,Pix,18,0,1438.2
CUST-09216,2024-10-16,Basic,29.9,16,7,Boleto,12,1,358.8
CUST-09217,2024-09-22,Pro,79.9,0,2,Boleto,11,1,878.9
CUST-09218,2024-06-15,Pro,79.9,9,5,Cartão de Crédito,18,0,1438.2
CUST-09219,2024-03-19,Pro,79.9,30,5,Pix,11,1,878.9
CUST-09220,2025-09-01,Basic,29.9,22,4,Pix,15,0,448.5
CUST-09221,2025-04-03,Enterprise,249.9,17,9,Pix,5,1,1249.5
CUST-09222,2024-08-08,Pro,79.9,20,4,Cartão de Crédito,20,0,1598.0
CUST-09223,2025-02-20,Enterprise,249.9,3,0,Boleto,19,0,4748.1
CUST-09224,2024-08-07,Enterprise,249.9,25,8,Boleto,22,0,5497.8
CUST-09225,2025-10-18,Pro,79.9,13,4,Cartão de Crédito,17,0,1358.3
CUST-09226,2024-12-22,Basic,29.9,29,10,Cartão de Crédito,21,0,627.9
CUST-09227,2025-03-04,Enterprise,249.9,3,7,Pix,11,1,2748.9
CUST-09228,2025-11-07,Basic,29.9,3,5,Boleto,8,1,239.2
CUST-09229,2025-08-28,Enterprise,249.9,29,3,Cartão de Crédito,22,0,5497.8
CUST-09230,2025-05-10,Enterprise,249.9,27,1,Boleto,20,0,4998.0
CUST-09231,2025-09-28,Pro,79.9,21,9,Pix,15,0,1198.5
CUST-09232,2025-12-31,Enterprise,249.9,14,0,Boleto,20,0,4998.0
CUST-09233,2025-09-06,Enterprise,249.9,17,5,Boleto,17,0,4248.3
CUST-09234,2025-07-11,Enterprise,249.9,7,3,Boleto,13,0,3248.7
CUST-09235,2024-03-20,Enterprise,249.9,30,1,Boleto,14,0,3498.6
CUST-09236,2025-01-30,Enterprise,249.9,22,8,Cartão de Crédito,19,0,4748.1
CUST-09237,2025-08-29,Enterprise,249.9,5,8,Pix,2,1,499.8
CUST-09238,2024-06-22,Basic,29.9,14,8,Cartão de Crédito,16,0,478.4
CUST-09239,2024-07-04,Basic,29.9,7,0,Pix,24,0,717.6
CUST-09240,2024-12-18,Pro,79.9,30,0,Pix,22,0,1757.8
CUST-09241,2024-07-25,Basic,29.9,0,3,Boleto,19,0,568.1
CUST-09242,2025-09-09,Basic,29.9,18,4,Pix,16,0,478.4
CUST-09243,2024-06-29,Pro,79.9,23,0,Boleto,19,0,1518.1
CUST-09244,2024-08-03,Enterprise,249.9,19,8,Boleto,11,1,2748.9
CUST-09245,2025-05-24,Basic,29.9,20,1,Pix,20,0,598.0
CUST-09246,2024-05-04,Basic,29.9,16,0,Pix,15,0,448.5
CUST-09247,2024-04-16,Pro,79.9,1,8,Pix,7,1,559.3
CUST-09248,2025-01-01,Enterprise,249.9,29,6,Boleto,15,0,3748.5
CUST-09249,2024-03-29,Pro,79.9,16,4,Boleto,17,0,1358.3
CUST-09250,2024-07-19,Enterprise,249.9,2,4,Cartão de Crédito,23,0,5747.7
CUST-09251,2025-12-21,Pro,79.9,1,4,Pix,19,0,1518.1
CUST-09252,2025-04-04,Basic,29.9,24,5,Pix,21,0,627.9
CUST-09253,2025-07-17,Pro,79.9,30,7,Cartão de Crédito,22,0,1757.8
CUST-09254,2024-09-19,Basic,29.9,19,9,Boleto,3,1,89.7
CUST-09255,2024-12-07,Pro,79.9,5,3,Cartão de Crédito,14,0,1118.6
CUST-09256,2024-10-16,Enterprise,249.9,12,4,Pix,15,0,3748.5
CUST-09257,2024-01-16,Pro,79.9,2,7,Boleto,12,1,958.8
CUST-09258,2024-08-04,Basic,29.9,10,4,Pix,23,0,687.7
CUST-09259,2024-09-10,Basic,29.9,21,2,Boleto,20,0,598.0
CUST-09260,2024-09-18,Pro,79.9,16,3,Boleto,17,0,1358.3
CUST-09261,2025-03-08,Basic,29.9,29,5,Boleto,14,0,418.6
CUST-09262,2025-07-10,Basic,29.9,6,2,Cartão de Crédito,14,0,418.6
CUST-09263,2024-03-15,Enterprise,249.9,13,2,Boleto,24,0,5997.6
CUST-09264,2025-08-11,Pro,79.9,18,6,Boleto,17,0,1358.3
CUST-09265,2024-10-12,Enterprise,249.9,27,5,Cartão de Crédito,7,1,1749.3
CUST-09266,2024-05-15,Enterprise,249.9,13,0,Pix,10,1,2499.0
CUST-09267,2025-11-26,Pro,79.9,22,4,Boleto,19,0,1518.1
CUST-09268,2024-03-10,Pro,79.9,26,5,Cartão de Crédito,16,0,1278.4
CUST-09269,2025-07-02,Pro,79.9,9,7,Pix,20,0,1598.0
CUST-09270,2025-09-12,Basic,29.9,9,8,Pix,21,0,627.9
CUST-09271,2024-10-14,Pro,79.9,29,9,Pix,10,1,799.0
CUST-09272,2024-12-23,Pro,79.9,25,3,Pix,18,0,1438.2
CUST-09273,2024-11-15,Basic,29.9,23,5,Boleto,22,0,657.8
CUST-09274,2025-02-12,Basic,29.9,15,4,Pix,13,0,388.7
CUST-09275,2025-03-16,Enterprise,249.9,7,4,Pix,16,0,3998.4
CUST-09276,2024-01-31,Basic,29.9,25,1,Boleto,17,0,508.3
CUST-09277,2024-10-18,Pro,79.9,13,7,Pix,1,1,79.9
CUST-09278,2025-08-20,Enterprise,249.9,5,10,Cartão de Crédito,12,1,2998.8
CUST-09279,2024-07-06,Basic,29.9,6,10,Boleto,8,1,239.2
CUST-09280,2025-01-09,Pro,79.9,0,2,Cartão de Crédito,14,0,1118.6
CUST-09281,2025-05-30,Pro,79.9,10,3,Pix,9,1,719.1
CUST-09282,2025-04-28,Enterprise,249.9,13,7,Boleto,20,0,4998.0
CUST-09283,2025-11-08,Enterprise,249.9,29,3,Boleto,22,0,5497.8
CUST-09284,2025-09-03,Enterprise,249.9,18,8,Boleto,18,0,4498.2
CUST-09285,2025-04-07,Pro,79.9,10,5,Cartão de Crédito,15,0,1198.5
CUST-09286,2025-03-18,Pro,79.9,13,0,Pix,14,0,1118.6
CUST-09287,2024-01-27,Basic,29.9,13,1,Cartão de Crédito,13,0,388.7
CUST-09288,2025-06-08,Basic,29.9,29,8,Cartão de Crédito,20,0,598.0
CUST-09289,2025-11-18,Enterprise,249.9,2,9,Pix,6,1,1499.4
CUST-09290,2025-07-19,Pro,79.9,12,3,Cartão de Crédito,16,0,1278.4
CUST-09291,2024-10-14,Basic,29.9,18,9,Boleto,4,1,119.6
CUST-09292,2025-11-27,Enterprise,249.9,25,4,Pix,18,0,4498.2
CUST-09293,2024-05-10,Pro,79.9,3,10,Pix,6,1,479.4
CUST-09294,2024-04-02,Basic,29.9,10,1,Boleto,16,0,478.4
CUST-09295,2024-03-29,Basic,29.9,13,2,Boleto,16,0,478.4
CUST-09296,2025-06-19,Pro,79.9,17,3,Pix,22,0,1757.8
CUST-09297,2025-07-01,Pro,79.9,12,3,Cartão de Crédito,16,0,1278.4
CUST-09298,2025-12-21,Pro,79.9,20,4,Pix,24,0,1917.6
CUST-09299,2024-12-12,Enterprise,249.9,24,5,Cartão de Crédito,18,0,4498.2
CUST-09300,2025-01-12,Basic,29.9,28,3,Pix,21,0,627.9
CUST-09301,2025-07-30,Pro,79.9,11,7,Boleto,19,0,1518.1
CUST-09302,2025-10-28,Pro,79.9,16,0,Boleto,18,0,1438.2
CUST-09303,2025-03-29,Enterprise,249.9,24,9,Cartão de Crédito,9,1,2249.1
CUST-09304,2024-08-05,Basic,29.9,28,8,Pix,12,1,358.8
CUST-09305,2025-03-12,Pro,79.9,6,9,Pix,19,0,1518.1
CUST-09306,2024-02-05,Pro,79.9,24,10,Boleto,12,1,958.8
CUST-09307,2025-03-13,Enterprise,249.9,5,6,Pix,8,1,1999.2
CUST-09308,2025-11-29,Pro,79.9,25,4,Cartão de Crédito,24,0,1917.6
CUST-09309,2025-03-11,Pro,79.9,10,9,Boleto,23,0,1837.7
CUST-09310,2024-09-17,Basic,29.9,18,9,Boleto,22,0,657.8
CUST-09311,2024-06-19,Pro,79.9,7,6,Pix,19,0,1518.1
CUST-09312,2024-10-22,Enterprise,249.9,5,5,Cartão de Crédito,22,0,5497.8
CUST-09313,2025-04-24,Pro,79.9,24,9,Boleto,1,1,79.9
CUST-09314,2024-05-14,Enterprise,249.9,4,10,Pix,22,0,5497.8
CUST-09315,2025-02-12,Basic,29.9,26,10,Pix,15,0,448.5
CUST-09316,2025-01-28,Enterprise,249.9,27,10,Boleto,1,1,249.9
CUST-09317,2024-05-21,Enterprise,249.9,9,10,Pix,18,0,4498.2
CUST-09318,2024-04-18,Pro,79.9,24,7,Pix,3,1,239.7
CUST-09319,2024-11-11,Pro,79.9,15,0,Pix,18,0,1438.2
CUST-09320,2025-07-01,Basic,29.9,10,8,Pix,20,0,598.0
CUST-09321,2024-03-16,Pro,79.9,15,4,Boleto,14,0,1118.6
CUST-09322,2025-07-21,Pro,79.9,28,8,Pix,21,0,1677.9
CUST-09323,2025-03-22,Pro,79.9,16,8,Boleto,20,0,1598.0
CUST-09324,2025-09-05,Pro,79.9,20,2,Pix,22,0,1757.8
CUST-09325,2025-09-09,Enterprise,249.9,4,3,Cartão de Crédito,13,0,3248.7
CUST-09326,2025-01-07,Basic,29.9,11,0,Boleto,13,0,388.7
CUST-09327,2025-04-02,Basic,29.9,23,4,Cartão de Crédito,3,1,89.7
CUST-09328,2024-08-14,Basic,29.9,22,9,Boleto,21,0,627.9
CUST-09329,2025-07-10,Basic,29.9,13,6,Pix,15,0,448.5
CUST-09330,2024-05-23,Basic,29.9,18,3,Cartão de Crédito,18,0,538.2
CUST-09331,2025-08-14,Enterprise,249.9,24,1,Boleto,21,0,5247.9
CUST-09332,2025-06-20,Enterprise,249.9,11,1,Pix,22,0,5497.8
CUST-09333,2025-07-18,Basic,29.9,30,1,Cartão de Crédito,24,0,717.6
CUST-09334,2025-07-03,Basic,29.9,26,8,Boleto,21,0,627.9
CUST-09335,2025-07-28,Basic,29.9,26,5,Pix,22,0,657.8
CUST-09336,2024-09-01,Basic,29.9,4,1,Boleto,23,0,687.7
CUST-09337,2025-08-15,Enterprise,249.9,30,0,Boleto,21,0,5247.9
CUST-09338,2025-08-07,Pro,79.9,17,5,Cartão de Crédito,14,0,1118.6
CUST-09339,2024-06-16,Pro,79.9,16,8,Pix,11,1,878.9
CUST-09340,2024-06-02,Pro,79.9,5,2,Boleto,15,0,1198.5
CUST-09341,2024-02-12,Pro,79.9,7,6,Boleto,16,0,1278.4
CUST-09342,2024-03-24,Basic,29.9,22,0,Boleto,18,0,538.2
CUST-09343,2024-09-21,Basic,29.9,5,0,Cartão de Crédito,20,0,598.0
CUST-09344,2024-03-06,Basic,29.9,19,7,Boleto,17,0,508.3
CUST-09345,2024-10-26,Pro,79.9,1,1,Pix,3,1,239.7
CUST-09346,2024-11-09,Enterprise,249.9,5,5,Pix,17,0,4248.3
CUST-09347,2025-07-13,Pro,79.9,16,0,Cartão de Crédito,17,0,1358.3
CUST-09348,2024-01-21,Basic,29.9,25,10,Cartão de Crédito,11,1,328.9
CUST-09349,2024-02-11,Enterprise,249.9,17,9,Cartão de Crédito,1,1,249.9
CUST-09350,2025-06-19,Basic,29.9,22,8,Boleto,17,0,508.3
CUST-09351,2024-08-14,Pro,79.9,22,0,Boleto,22,0,1757.8
CUST-09352,2024-07-30,Pro,79.9,21,1,Pix,22,0,1757.8
CUST-09353,2025-06-18,Enterprise,249.9,1,10,Cartão de Crédito,1,1,249.9
CUST-09354,2025-07-08,Pro,79.9,27,1,Pix,21,0,1677.9
CUST-09355,2025-09-19,Pro,79.9,12,9,Boleto,18,0,1438.2
CUST-09356,2024-04-30,Enterprise,249.9,28,4,Cartão de Crédito,21,0,5247.9
CUST-09357,2025-08-03,Enterprise,249.9,17,9,Pix,7,1,1749.3
CUST-09358,2025-10-22,Basic,29.9,1,6,Pix,22,0,657.8
CUST-09359,2024-11-08,Enterprise,249.9,15,10,Pix,20,0,4998.0
CUST-09360,2025-03-26,Enterprise,249.9,19,9,Boleto,2,1,499.8
CUST-09361,2024-04-10,Pro,79.9,12,2,Boleto,23,0,1837.7
CUST-09362,2024-08-13,Pro,79.9,13,6,Cartão de Crédito,14,0,1118.6
CUST-09363,2024-11-08,Pro,79.9,7,7,Pix,3,1,239.7
CUST-09364,2024-01-06,Basic,29.9,25,10,Cartão de Crédito,17,0,508.3
CUST-09365,2024-09-23,Enterprise,249.9,29,2,Cartão de Crédito,4,1,999.6
CUST-09366,2024-02-02,Basic,29.9,24,2,Cartão de Crédito,22,0,657.8
CUST-09367,2025-10-17,Enterprise,249.9,1,0,Boleto,4,1,999.6
CUST-09368,2025-01-04,Enterprise,249.9,15,4,Boleto,15,0,3748.5
CUST-09369,2024-04-11,Pro,79.9,13,10,Cartão de Crédito,11,1,878.9
CUST-09370,2024-11-02,Enterprise,249.9,12,3,Pix,16,0,3998.4
CUST-09371,2024-10-06,Pro,79.9,9,2,Boleto,13,0,1038.7
CUST-09372,2025-11-13,Basic,29.9,22,3,Boleto,24,0,717.6
CUST-09373,2025-01-24,Enterprise,249.9,24,6,Boleto,20,0,4998.0
CUST-09374,2025-12-12,Basic,29.9,13,6,Pix,3,1,89.7
CUST-09375,2025-11-17,Enterprise,249.9,6,10,Pix,5,1,1249.5
CUST-09376,2024-02-20,Basic,29.9,16,2,Boleto,14,0,418.6
CUST-09377,2024-11-03,Enterprise,249.9,4,3,Boleto,2,1,499.8
CUST-09378,2024-06-19,Enterprise,249.9,8,3,Boleto,18,0,4498.2
CUST-09379,2025-06-18,Pro,79.9,16,8,Cartão de Crédito,24,0,1917.6
CUST-09380,2025-12-15,Pro,79.9,19,8,Boleto,15,0,1198.5
CUST-09381,2025-03-29,Basic,29.9,4,6,Cartão de Crédito,6,1,179.4
CUST-09382,2024-11-08,Enterprise,249.9,14,6,Cartão de Crédito,16,0,3998.4
CUST-09383,2024-12-24,Enterprise,249.9,1,2,Boleto,19,0,4748.1
CUST-09384,2025-08-16,Basic,29.9,29,8,Pix,17,0,508.3
CUST-09385,2025-03-16,Enterprise,249.9,18,2,Pix,16,0,3998.4
CUST-09386,2025-06-11,Basic,29.9,22,2,Cartão de Crédito,14,0,418.6
CUST-09387,2024-05-01,Pro,79.9,11,8,Boleto,16,0,1278.4
CUST-09388,2025-11-22,Enterprise,249.9,12,1,Pix,21,0,5247.9
CUST-09389,2024-05-26,Enterprise,249.9,6,7,Pix,18,0,4498.2
CUST-09390,2024-09-07,Pro,79.9,4,3,Boleto,23,0,1837.7
CUST-09391,2024-05-03,Basic,29.9,11,8,Pix,20,0,598.0
CUST-09392,2025-02-18,Pro,79.9,27,0,Cartão de Crédito,20,0,1598.0
CUST-09393,2024-06-13,Pro,79.9,9,7,Cartão de Crédito,19,0,1518.1
CUST-09394,2024-02-11,Enterprise,249.9,26,8,Boleto,5,1,1249.5
CUST-09395,2024-12-02,Basic,29.9,17,2,Cartão de Crédito,16,0,478.4
CUST-09396,2024-04-26,Enterprise,249.9,13,3,Pix,19,0,4748.1
CUST-09397,2024-10-23,Basic,29.9,1,5,Boleto,23,0,687.7
CUST-09398,2024-10-28,Basic,29.9,16,2,Cartão de Crédito,21,0,627.9
CUST-09399,2024-04-13,Basic,29.9,14,6,Pix,7,1,209.3
CUST-09400,2025-05-23,Basic,29.9,9,6,Pix,21,0,627.9
CUST-09401,2024-01-08,Enterprise,249.9,21,5,Cartão de Crédito,23,0,5747.7
CUST-09402,2024-12-01,Enterprise,249.9,29,5,Cartão de Crédito,20,0,4998.0
CUST-09403,2025-08-07,Basic,29.9,7,10,Cartão de Crédito,14,0,418.6
CUST-09404,2025-02-22,Enterprise,249.9,21,9,Cartão de Crédito,16,0,3998.4
CUST-09405,2024-03-08,Pro,79.9,22,0,Cartão de Crédito,18,0,1438.2
CUST-09406,2025-02-09,Basic,29.9,3,9,Cartão de Crédito,9,1,269.1
CUST-09407,2024-08-14,Enterprise,249.9,24,9,Cartão de Crédito,6,1,1499.4
CUST-09408,2025-11-11,Enterprise,249.9,4,7,Boleto,18,0,4498.2
CUST-09409,2025-05-30,Pro,79.9,2,7,Cartão de Crédito,3,1,239.7
CUST-09410,2024-03-24,Pro,79.9,7,10,Cartão de Crédito,12,1,958.8
CUST-09411,2024-01-15,Enterprise,249.9,22,5,Cartão de Crédito,16,0,3998.4
CUST-09412,2025-10-08,Basic,29.9,8,4,Pix,22,0,657.8
CUST-09413,2024-04-26,Pro,79.9,30,10,Cartão de Crédito,7,1,559.3
CUST-09414,2025-03-15,Pro,79.9,15,5,Pix,13,0,1038.7
CUST-09415,2025-01-12,Enterprise,249.9,17,6,Boleto,9,1,2249.1
CUST-09416,2025-10-10,Basic,29.9,24,10,Cartão de Crédito,18,0,538.2
CUST-09417,2024-02-10,Pro,79.9,26,3,Boleto,15,0,1198.5
CUST-09418,2024-09-28,Enterprise,249.9,16,7,Pix,2,1,499.8
CUST-09419,2024-04-28,Pro,79.9,21,9,Boleto,17,0,1358.3
CUST-09420,2024-06-14,Basic,29.9,30,9,Boleto,12,1,358.8
CUST-09421,2024-06-07,Basic,29.9,0,6,Cartão de Crédito,6,1,179.4
CUST-09422,2025-10-05,Pro,79.9,6,6,Cartão de Crédito,4,1,319.6
CUST-09423,2025-02-27,Enterprise,249.9,6,10,Pix,16,0,3998.4
CUST-09424,2024-04-06,Enterprise,249.9,9,7,Pix,15,0,3748.5
CUST-09425,2024-11-28,Enterprise,249.9,15,2,Cartão de Crédito,13,0,3248.7
CUST-09426,2024-08-07,Pro,79.9,17,9,Boleto,23,0,1837.7
CUST-09427,2025-06-29,Enterprise,249.9,20,5,Pix,16,0,3998.4
CUST-09428,2025-12-26,Enterprise,249.9,13,2,Boleto,21,0,5247.9
CUST-09429,2024-05-26,Enterprise,249.9,24,3,Boleto,19,0,4748.1
CUST-09430,2024-07-06,Pro,79.9,7,5,Cartão de Crédito,22,0,1757.8
CUST-09431,2024-08-31,Enterprise,249.9,29,3,Cartão de Crédito,14,0,3498.6
CUST-09432,2025-01-10,Enterprise,249.9,27,10,Cartão de Crédito,21,0,5247.9
CUST-09433,2025-10-15,Pro,79.9,18,8,Boleto,14,0,1118.6
CUST-09434,2024-07-17,Pro,79.9,28,6,Boleto,21,0,1677.9
CUST-09435,2024-01-08,Basic,29.9,17,3,Pix,23,0,687.7
CUST-09436,2025-01-09,Enterprise,249.9,23,8,Boleto,1,1,249.9
CUST-09437,2024-12-14,Basic,29.9,29,5,Cartão de Crédito,14,0,418.6
CUST-09438,2025-08-11,Basic,29.9,20,4,Boleto,14,0,418.6
CUST-09439,2024-01-06,Pro,79.9,22,8,Pix,10,1,799.0
CUST-09440,2025-09-07,Basic,29.9,1,8,Cartão de Crédito,2,1,59.8
CUST-09441,2025-03-30,Enterprise,249.9,29,6,Boleto,15,0,3748.5
CUST-09442,2024-10-14,Pro,79.9,1,0,Boleto,1,1,79.9
CUST-09443,2025-01-24,Pro,79.9,9,0,Boleto,1,1,79.9
CUST-09444,2025-11-06,Enterprise,249.9,0,3,Cartão de Crédito,20,0,4998.0
CUST-09445,2024-03-28,Pro,79.9,27,8,Cartão de Crédito,22,0,1757.8
CUST-09446,2024-07-04,Enterprise,249.9,8,6,Cartão de Crédito,20,0,4998.0
CUST-09447,2025-06-24,Pro,79.9,28,0,Cartão de Crédito,20,0,1598.0
CUST-09448,2025-08-28,Enterprise,249.9,8,6,Pix,1,1,249.9
CUST-09449,2024-12-25,Enterprise,249.9,15,2,Pix,18,0,4498.2
CUST-09450,2024-05-17,Enterprise,249.9,11,7,Pix,24,0,5997.6
CUST-09451,2025-04-22,Enterprise,249.9,21,8,Boleto,12,1,2998.8
CUST-09452,2025-08-23,Enterprise,249.9,4,8,Pix,8,1,1999.2
CUST-09453,2025-05-21,Basic,29.9,21,5,Cartão de Crédito,14,0,418.6
CUST-09454,2025-12-16,Pro,79.9,3,3,Pix,4,1,319.6
CUST-09455,2024-10-31,Basic,29.9,6,2,Pix,16,0,478.4
CUST-09456,2024-02-17,Pro,79.9,18,5,Boleto,21,0,1677.9
CUST-09457,2025-04-20,Enterprise,249.9,14,5,Cartão de Crédito,15,0,3748.5
CUST-09458,2024-07-29,Pro,79.9,13,5,Pix,20,0,1598.0
CUST-09459,2025-11-23,Enterprise,249.9,16,8,Pix,6,1,1499.4
CUST-09460,2025-09-12,Pro,79.9,19,1,Pix,3,1,239.7
CUST-09461,2024-02-12,Enterprise,249.9,4,10,Pix,12,1,2998.8
CUST-09462,2025-10-12,Basic,29.9,14,9,Pix,23,0,687.7
CUST-09463,2024-12-09,Pro,79.9,5,2,Boleto,18,0,1438.2
CUST-09464,2025-11-18,Enterprise,249.9,6,1,Cartão de Crédito,23,0,5747.7
CUST-09465,2025-05-13,Pro,79.9,4,0,Pix,11,1,878.9
CUST-09466,2024-01-31,Pro,79.9,13,2,Pix,18,0,1438.2
CUST-09467,2025-03-18,Enterprise,249.9,10,3,Cartão de Crédito,20,0,4998.0
CUST-09468,2025-05-04,Basic,29.9,29,1,Pix,21,0,627.9
CUST-09469,2025-05-17,Pro,79.9,15,8,Boleto,24,0,1917.6
CUST-09470,2024-11-22,Basic,29.9,2,0,Pix,8,1,239.2
CUST-09471,2024-12-24,Enterprise,249.9,10,10,Cartão de Crédito,23,0,5747.7
CUST-09472,2025-11-14,Pro,79.9,30,4,Pix,19,0,1518.1
CUST-09473,2025-07-14,Enterprise,249.9,6,1,Cartão de Crédito,23,0,5747.7
CUST-09474,2024-05-26,Basic,29.9,10,6,Cartão de Crédito,23,0,687.7
CUST-09475,2024-12-11,Enterprise,249.9,26,9,Cartão de Crédito,5,1,1249.5
CUST-09476,2025-07-20,Basic,29.9,2,4,Boleto,13,0,388.7
CUST-09477,2024-04-15,Enterprise,249.9,13,9,Cartão de Crédito,13,0,3248.7
CUST-09478,2024-02-06,Basic,29.9,27,7,Pix,13,0,388.7
CUST-09479,2024-07-07,Basic,29.9,3,2,Boleto,3,1,89.7
CUST-09480,2025-11-10,Pro,79.9,12,4,Boleto,18,0,1438.2
CUST-09481,2024-03-12,Basic,29.9,15,2,Pix,18,0,538.2
CUST-09482,2025-04-12,Enterprise,249.9,1,7,Cartão de Crédito,3,1,749.7
CUST-09483,2025-12-12,Enterprise,249.9,13,7,Pix,23,0,5747.7
CUST-09484,2024-12-04,Enterprise,249.9,6,1,Pix,13,0,3248.7
CUST-09485,2025-08-01,Pro,79.9,12,8,Boleto,15,0,1198.5
CUST-09486,2024-06-09,Basic,29.9,22,5,Pix,15,0,448.5
CUST-09487,2025-12-31,Basic,29.9,23,9,Boleto,12,1,358.8
CUST-09488,2024-11-21,Enterprise,249.9,17,5,Boleto,15,0,3748.5
CUST-09489,2024-01-17,Pro,79.9,16,5,Cartão de Crédito,14,0,1118.6
CUST-09490,2025-11-14,Basic,29.9,18,8,Pix,8,1,239.2
CUST-09491,2024-10-01,Enterprise,249.9,5,4,Cartão de Crédito,22,0,5497.8
CUST-09492,2025-06-22,Enterprise,249.9,8,0,Boleto,19,0,4748.1
CUST-09493,2025-04-26,Basic,29.9,22,5,Boleto,20,0,598.0
CUST-09494,2024-05-28,Pro,79.9,14,6,Pix,3,1,239.7
CUST-09495,2024-02-21,Basic,29.9,27,0,Pix,24,0,717.6
CUST-09496,2025-02-24,Pro,79.9,1,4,Cartão de Crédito,13,0,1038.7
CUST-09497,2025-04-24,Pro,79.9,15,0,Cartão de Crédito,20,0,1598.0
CUST-09498,2025-07-08,Enterprise,249.9,8,8,Cartão de Crédito,15,0,3748.5
CUST-09499,2024-10-27,Enterprise,249.9,1,8,Boleto,10,1,2499.0
CUST-09500,2025-11-30,Basic,29.9,28,8,Cartão de Crédito,17,0,508.3
CUST-09501,2025-07-10,Enterprise,249.9,26,8,Pix,22,0,5497.8
CUST-09502,2025-05-08,Pro,79.9,12,1,Cartão de Crédito,24,0,1917.6
CUST-09503,2025-06-06,Pro,79.9,30,5,Cartão de Crédito,18,0,1438.2
CUST-09504,2024-05-10,Pro,79.9,9,2,Pix,16,0,1278.4
CUST-09505,2024-10-25,Pro,79.9,19,10,Cartão de Crédito,21,0,1677.9
CUST-09506,2024-12-20,Pro,79.9,9,9,Cartão de Crédito,11,1,878.9
CUST-09507,2024-08-20,Enterprise,249.9,0,4,Cartão de Crédito,9,1,2249.1
CUST-09508,2025-07-31,Enterprise,249.9,12,0,Boleto,19,0,4748.1
CUST-09509,2024-07-02,Basic,29.9,20,0,Cartão de Crédito,13,0,388.7
CUST-09510,2025-04-03,Pro,79.9,20,9,Cartão de Crédito,23,0,1837.7
CUST-09511,2025-05-06,Basic,29.9,22,6,Boleto,7,1,209.3
CUST-09512,2025-05-29,Basic,29.9,25,3,Boleto,20,0,598.0
CUST-09513,2024-08-26,Enterprise,249.9,20,7,Pix,24,0,5997.6
CUST-09514,2025-11-05,Pro,79.9,11,4,Boleto,17,0,1358.3
CUST-09515,2024-04-26,Enterprise,249.9,17,5,Cartão de Crédito,16,0,3998.4
CUST-09516,2024-10-15,Pro,79.9,23,8,Cartão de Crédito,20,0,1598.0
CUST-09517,2024-07-01,Pro,79.9,29,10,Cartão de Crédito,11,1,878.9
CUST-09518,2025-07-07,Enterprise,249.9,26,9,Boleto,9,1,2249.1
CUST-09519,2024-02-23,Pro,79.9,4,2,Pix,8,1,639.2
CUST-09520,2024-05-06,Pro,79.9,14,10,Boleto,22,0,1757.8
CUST-09521,2025-07-08,Basic,29.9,26,8,Cartão de Crédito,16,0,478.4
CUST-09522,2024-06-23,Pro,79.9,4,5,Boleto,17,0,1358.3
CUST-09523,2024-03-23,Pro,79.9,29,4,Boleto,24,0,1917.6
CUST-09524,2025-05-09,Enterprise,249.9,3,5,Pix,1,1,249.9
CUST-09525,2024-02-20,Basic,29.9,19,0,Cartão de Crédito,23,0,687.7
CUST-09526,2025-06-26,Pro,79.9,8,4,Pix,16,0,1278.4
CUST-09527,2025-04-06,Enterprise,249.9,4,9,Cartão de Crédito,7,1,1749.3
CUST-09528,2024-03-17,Pro,79.9,3,1,Boleto,2,1,159.8
CUST-09529,2025-10-04,Enterprise,249.9,29,5,Cartão de Crédito,17,0,4248.3
CUST-09530,2025-09-21,Enterprise,249.9,29,10,Cartão de Crédito,24,0,5997.6
CUST-09531,2025-11-08,Enterprise,249.9,28,1,Pix,21,0,5247.9
CUST-09532,2024-06-10,Enterprise,249.9,2,3,Boleto,17,0,4248.3
CUST-09533,2025-06-26,Enterprise,249.9,5,7,Boleto,11,1,2748.9
CUST-09534,2025-02-28,Pro,79.9,17,3,Cartão de Crédito,20,0,1598.0
CUST-09535,2025-01-05,Pro,79.9,3,7,Pix,2,1,159.8
CUST-09536,2025-02-18,Basic,29.9,23,0,Boleto,20,0,598.0
CUST-09537,2025-07-20,Basic,29.9,0,4,Cartão de Crédito,16,0,478.4
CUST-09538,2024-12-01,Enterprise,249.9,18,0,Cartão de Crédito,19,0,4748.1
CUST-09539,2024-10-19,Pro,79.9,1,5,Cartão de Crédito,14,0,1118.6
CUST-09540,2024-07-29,Enterprise,249.9,17,7,Cartão de Crédito,1,1,249.9
CUST-09541,2025-04-30,Enterprise,249.9,16,3,Cartão de Crédito,14,0,3498.6
CUST-09542,2024-05-16,Basic,29.9,4,9,Cartão de Crédito,7,1,209.3
CUST-09543,2024-09-17,Basic,29.9,18,2,Pix,21,0,627.9
CUST-09544,2024-10-22,Pro,79.9,17,7,Cartão de Crédito,11,1,878.9
CUST-09545,2025-04-16,Pro,79.9,2,0,Boleto,9,1,719.1
CUST-09546,2025-12-16,Enterprise,249.9,2,0,Pix,11,1,2748.9
CUST-09547,2025-06-12,Basic,29.9,4,3,Boleto,6,1,179.4
CUST-09548,2024-12-01,Enterprise,249.9,29,1,Cartão de Crédito,19,0,4748.1
CUST-09549,2024-07-06,Pro,79.9,5,2,Cartão de Crédito,5,1,399.5
CUST-09550,2025-10-15,Pro,79.9,18,8,Cartão de Crédito,23,0,1837.7
CUST-09551,2025-09-01,Enterprise,249.9,11,5,Boleto,24,0,5997.6
CUST-09552,2024-12-04,Enterprise,249.9,11,9,Pix,20,0,4998.0
CUST-09553,2025-08-27,Pro,79.9,22,6,Boleto,22,0,1757.8
CUST-09554,2025-01-09,Basic,29.9,25,5,Boleto,9,1,269.1
CUST-09555,2024-05-09,Enterprise,249.9,6,10,Pix,13,0,3248.7
CUST-09556,2025-12-13,Pro,79.9,4,10,Pix,10,1,799.0
CUST-09557,2024-01-19,Pro,79.9,11,1,Boleto,17,0,1358.3
CUST-09558,2025-03-03,Pro,79.9,0,9,Boleto,9,1,719.1
CUST-09559,2025-01-08,Pro,79.9,6,7,Cartão de Crédito,22,0,1757.8
CUST-09560,2025-03-14,Basic,29.9,8,2,Pix,22,0,657.8
CUST-09561,2024-10-01,Enterprise,249.9,16,8,Cartão de Crédito,23,0,5747.7
CUST-09562,2024-06-27,Basic,29.9,22,5,Boleto,23,0,687.7
CUST-09563,2025-02-17,Basic,29.9,14,6,Cartão de Crédito,9,1,269.1
CUST-09564,2024-05-27,Pro,79.9,22,7,Boleto,17,0,1358.3
CUST-09565,2024-09-16,Basic,29.9,15,4,Boleto,17,0,508.3
CUST-09566,2025-05-19,Enterprise,249.9,26,10,Pix,12,1,2998.8
CUST-09567,2024-12-25,Pro,79.9,12,5,Boleto,13,0,1038.7
CUST-09568,2024-04-07,Enterprise,249.9,29,6,Cartão de Crédito,6,1,1499.4
CUST-09569,2024-07-05,Basic,29.9,28,5,Boleto,22,0,657.8
CUST-09570,2024-04-12,Pro,79.9,9,0,Boleto,13,0,1038.7
CUST-09571,2025-02-21,Enterprise,249.9,29,10,Boleto,5,1,1249.5
CUST-09572,2024-10-15,Basic,29.9,14,3,Cartão de Crédito,13,0,388.7
CUST-09573,2025-12-23,Enterprise,249.9,9,7,Pix,9,1,2249.1
CUST-09574,2025-12-14,Basic,29.9,30,8,Cartão de Crédito,5,1,149.5
CUST-09575,2024-01-14,Basic,29.9,16,2,Cartão de Crédito,22,0,657.8
CUST-09576,2024-06-12,Pro,79.9,15,2,Cartão de Crédito,23,0,1837.7
CUST-09577,2025-11-15,Basic,29.9,16,0,Boleto,15,0,448.5
CUST-09578,2025-02-22,Enterprise,249.9,28,3,Cartão de Crédito,17,0,4248.3
CUST-09579,2024-04-19,Pro,79.9,16,9,Cartão de Crédito,2,1,159.8
CUST-09580,2024-01-03,Pro,79.9,17,9,Pix,20,0,1598.0
CUST-09581,2024-07-07,Pro,79.9,0,0,Pix,22,0,1757.8
CUST-09582,2024-07-27,Pro,79.9,2,5,Boleto,8,1,639.2
CUST-09583,2024-10-04,Enterprise,249.9,22,7,Pix,21,0,5247.9
CUST-09584,2025-10-14,Basic,29.9,20,7,Pix,22,0,657.8
CUST-09585,2024-07-27,Enterprise,249.9,26,6,Pix,6,1,1499.4
CUST-09586,2025-11-12,Pro,79.9,27,10,Cartão de Crédito,21,0,1677.9
CUST-09587,2024-12-29,Basic,29.9,5,10,Cartão de Crédito,20,0,598.0
CUST-09588,2025-03-01,Enterprise,249.9,11,2,Pix,14,0,3498.6
CUST-09589,2024-01-10,Enterprise,249.9,19,3,Boleto,17,0,4248.3
CUST-09590,2025-06-27,Enterprise,249.9,0,7,Boleto,2,1,499.8
CUST-09591,2025-08-30,Basic,29.9,3,5,Boleto,21,0,627.9
CUST-09592,2024-09-01,Pro,79.9,17,0,Boleto,19,0,1518.1
CUST-09593,2025-02-24,Basic,29.9,8,9,Pix,4,1,119.6
CUST-09594,2025-11-09,Basic,29.9,18,10,Cartão de Crédito,19,0,568.1
CUST-09595,2024-05-18,Pro,79.9,4,3,Cartão de Crédito,11,1,878.9
CUST-09596,2025-09-03,Pro,79.9,17,9,Cartão de Crédito,20,0,1598.0
CUST-09597,2025-09-17,Enterprise,249.9,29,10,Cartão de Crédito,21,0,5247.9
CUST-09598,2024-10-12,Basic,29.9,22,2,Cartão de Crédito,24,0,717.6
CUST-09599,2024-05-23,Enterprise,249.9,27,6,Boleto,8,1,1999.2
CUST-09600,2025-11-26,Pro,79.9,0,7,Pix,14,0,1118.6
CUST-09601,2024-11-27,Pro,79.9,18,6,Pix,15,0,1198.5
CUST-09602,2025-04-08,Basic,29.9,18,0,Pix,23,0,687.7
CUST-09603,2025-10-10,Basic,29.9,12,9,Cartão de Crédito,6,1,179.4
CUST-09604,2025-07-25,Enterprise,249.9,28,9,Cartão de Crédito,7,1,1749.3
CUST-09605,2025-04-29,Basic,29.9,24,1,Boleto,24,0,717.6
CUST-09606,2025-05-10,Basic,29.9,29,4,Cartão de Crédito,20,0,598.0
CUST-09607,2025-02-25,Enterprise,249.9,2,8,Boleto,7,1,1749.3
CUST-09608,2025-02-14,Pro,79.9,27,7,Pix,2,1,159.8
CUST-09609,2024-09-15,Basic,29.9,24,2,Boleto,22,0,657.8
CUST-09610,2024-09-15,Enterprise,249.9,30,2,Boleto,13,0,3248.7
CUST-09611,2025-09-18,Enterprise,249.9,3,9,Boleto,7,1,1749.3
CUST-09612,2024-07-31,Basic,29.9,25,7,Pix,22,0,657.8
CUST-09613,2024-01-12,Enterprise,249.9,16,9,Boleto,12,1,2998.8
CUST-09614,2025-05-01,Basic,29.9,24,5,Cartão de Crédito,22,0,657.8
CUST-09615,2025-09-30,Pro,79.9,11,4,Boleto,11,1,878.9
CUST-09616,2024-04-01,Pro,79.9,4,1,Pix,20,0,1598.0
CUST-09617,2024-05-14,Enterprise,249.9,16,2,Boleto,24,0,5997.6
CUST-09618,2024-05-08,Enterprise,249.9,29,8,Boleto,17,0,4248.3
CUST-09619,2025-02-13,Basic,29.9,24,8,Pix,20,0,598.0
CUST-09620,2025-02-08,Basic,29.9,12,8,Boleto,16,0,478.4
CUST-09621,2025-02-06,Pro,79.9,14,9,Pix,11,1,878.9
CUST-09622,2025-12-11,Enterprise,249.9,14,8,Boleto,8,1,1999.2
CUST-09623,2025-04-14,Enterprise,249.9,20,9,Boleto,21,0,5247.9
CUST-09624,2025-07-28,Basic,29.9,15,8,Boleto,7,1,209.3
CUST-09625,2024-05-08,Enterprise,249.9,0,1,Pix,22,0,5497.8
CUST-09626,2024-12-07,Enterprise,249.9,4,6,Cartão de Crédito,17,0,4248.3
CUST-09627,2024-09-21,Enterprise,249.9,21,2,Cartão de Crédito,23,0,5747.7
CUST-09628,2024-02-10,Enterprise,249.9,16,3,Boleto,22,0,5497.8
CUST-09629,2024-06-16,Enterprise,249.9,27,2,Pix,17,0,4248.3
CUST-09630,2025-06-15,Basic,29.9,30,9,Cartão de Crédito,4,1,119.6
CUST-09631,2024-09-23,Basic,29.9,4,8,Cartão de Crédito,2,1,59.8
CUST-09632,2025-08-23,Pro,79.9,27,6,Cartão de Crédito,19,0,1518.1
CUST-09633,2024-07-26,Pro,79.9,1,3,Boleto,19,0,1518.1
CUST-09634,2024-10-10,Pro,79.9,17,6,Cartão de Crédito,2,1,159.8
CUST-09635,2025-03-18,Pro,79.9,13,7,Pix,16,0,1278.4
CUST-09636,2025-04-16,Pro,79.9,21,0,Pix,21,0,1677.9
CUST-09637,2025-04-30,Basic,29.9,12,5,Boleto,23,0,687.7
CUST-09638,2024-05-18,Enterprise,249.9,12,1,Cartão de Crédito,22,0,5497.8
CUST-09639,2024-04-29,Pro,79.9,23,3,Boleto,15,0,1198.5
CUST-09640,2024-11-22,Enterprise,249.9,20,6,Cartão de Crédito,19,0,4748.1
CUST-09641,2024-08-09,Pro,79.9,8,4,Boleto,10,1,799.0
CUST-09642,2024-06-28,Pro,79.9,11,7,Boleto,15,0,1198.5
CUST-09643,2024-11-05,Enterprise,249.9,13,0,Boleto,24,0,5997.6
CUST-09644,2024-06-13,Enterprise,249.9,20,4,Cartão de Crédito,20,0,4998.0
CUST-09645,2025-08-05,Pro,79.9,26,2,Pix,19,0,1518.1
CUST-09646,2024-01-10,Pro,79.9,4,2,Pix,21,0,1677.9
CUST-09647,2025-11-08,Pro,79.9,1,6,Pix,6,1,479.4
CUST-09648,2025-08-15,Basic,29.9,28,7,Boleto,19,0,568.1
CUST-09649,2025-08-04,Basic,29.9,7,5,Cartão de Crédito,22,0,657.8
CUST-09650,2025-03-06,Pro,79.9,30,2,Boleto,14,0,1118.6
CUST-09651,2024-10-23,Enterprise,249.9,12,9,Pix,21,0,5247.9
CUST-09652,2025-04-04,Pro,79.9,21,9,Pix,21,0,1677.9
CUST-09653,2025-07-20,Pro,79.9,0,1,Cartão de Crédito,3,1,239.7
CUST-09654,2024-11-18,Enterprise,249.9,24,5,Pix,3,1,749.7
CUST-09655,2025-08-14,Basic,29.9,14,3,Boleto,21,0,627.9
CUST-09656,2025-11-24,Enterprise,249.9,23,1,Boleto,19,0,4748.1
CUST-09657,2025-03-22,Pro,79.9,19,6,Cartão de Crédito,15,0,1198.5
CUST-09658,2025-08-10,Enterprise,249.9,2,1,Cartão de Crédito,18,0,4498.2
CUST-09659,2025-04-30,Pro,79.9,21,2,Boleto,15,0,1198.5
CUST-09660,2025-07-11,Enterprise,249.9,1,0,Boleto,24,0,5997.6
CUST-09661,2025-10-01,Enterprise,249.9,7,1,Cartão de Crédito,17,0,4248.3
CUST-09662,2024-09-10,Pro,79.9,9,8,Boleto,21,0,1677.9
CUST-09663,2024-04-14,Basic,29.9,7,4,Boleto,22,0,657.8
CUST-09664,2025-03-15,Basic,29.9,18,6,Cartão de Crédito,14,0,418.6
CUST-09665,2025-12-07,Pro,79.9,23,0,Pix,24,0,1917.6
CUST-09666,2025-09-17,Enterprise,249.9,17,3,Pix,16,0,3998.4
CUST-09667,2025-01-12,Basic,29.9,8,10,Pix,24,0,717.6
CUST-09668,2024-09-25,Pro,79.9,3,7,Boleto,10,1,799.0
CUST-09669,2025-08-21,Pro,79.9,4,8,Cartão de Crédito,24,0,1917.6
CUST-09670,2025-02-26,Pro,79.9,5,9,Boleto,17,0,1358.3
CUST-09671,2024-11-26,Pro,79.9,9,8,Cartão de Crédito,21,0,1677.9
CUST-09672,2024-05-15,Basic,29.9,1,6,Boleto,5,1,149.5
CUST-09673,2025-11-03,Pro,79.9,28,0,Boleto,15,0,1198.5
CUST-09674,2025-01-10,Basic,29.9,21,1,Pix,19,0,568.1
CUST-09675,2025-12-30,Basic,29.9,16,1,Pix,4,1,119.6
CUST-09676,2024-01-09,Basic,29.9,5,5,Pix,23,0,687.7
CUST-09677,2025-09-26,Pro,79.9,27,5,Pix,13,0,1038.7
CUST-09678,2025-11-21,Enterprise,249.9,12,3,Boleto,21,0,5247.9
CUST-09679,2025-11-17,Basic,29.9,19,5,Boleto,15,0,448.5
CUST-09680,2025-11-09,Pro,79.9,4,2,Cartão de Crédito,16,0,1278.4
CUST-09681,2024-11-24,Basic,29.9,15,2,Cartão de Crédito,21,0,627.9
CUST-09682,2024-03-02,Basic,29.9,10,10,Boleto,15,0,448.5
CUST-09683,2025-03-24,Enterprise,249.9,24,2,Pix,17,0,4248.3
CUST-09684,2024-04-20,Basic,29.9,6,5,Boleto,3,1,89.7
CUST-09685,2024-09-04,Pro,79.9,6,3,Pix,17,0,1358.3
CUST-09686,2024-08-22,Enterprise,249.9,8,4,Cartão de Crédito,24,0,5997.6
CUST-09687,2025-11-17,Enterprise,249.9,3,7,Cartão de Crédito,9,1,2249.1
CUST-09688,2025-03-25,Basic,29.9,5,5,Cartão de Crédito,15,0,448.5
CUST-09689,2025-02-24,Pro,79.9,20,5,Pix,24,0,1917.6
CUST-09690,2025-11-16,Enterprise,249.9,3,3,Pix,2,1,499.8
CUST-09691,2024-12-17,Pro,79.9,1,7,Pix,11,1,878.9
CUST-09692,2025-11-05,Enterprise,249.9,12,5,Boleto,21,0,5247.9
CUST-09693,2024-10-14,Basic,29.9,28,6,Pix,23,0,687.7
CUST-09694,2025-06-20,Basic,29.9,1,10,Pix,12,1,358.8
CUST-09695,2025-07-15,Enterprise,249.9,29,7,Boleto,4,1,999.6
CUST-09696,2025-06-01,Enterprise,249.9,28,6,Boleto,20,0,4998.0
CUST-09697,2024-10-16,Enterprise,249.9,17,6,Pix,18,0,4498.2
CUST-09698,2025-07-09,Enterprise,249.9,15,4,Cartão de Crédito,17,0,4248.3
CUST-09699,2024-04-23,Pro,79.9,9,3,Pix,24,0,1917.6
CUST-09700,2025-07-15,Basic,29.9,2,8,Pix,16,0,478.4
CUST-09701,2024-03-06,Enterprise,249.9,19,8,Cartão de Crédito,1,1,249.9
CUST-09702,2024-09-02,Basic,29.9,25,4,Boleto,16,0,478.4
CUST-09703,2024-01-23,Enterprise,249.9,20,4,Cartão de Crédito,23,0,5747.7
CUST-09704,2025-06-12,Basic,29.9,29,10,Boleto,7,1,209.3
CUST-09705,2024-05-19,Basic,29.9,22,5,Boleto,23,0,687.7
CUST-09706,2024-12-21,Enterprise,249.9,22,5,Cartão de Crédito,14,0,3498.6
CUST-09707,2025-07-16,Pro,79.9,17,1,Pix,14,0,1118.6
CUST-09708,2024-10-03,Basic,29.9,4,8,Boleto,19,0,568.1
CUST-09709,2025-01-26,Enterprise,249.9,25,7,Boleto,20,0,4998.0
CUST-09710,2025-03-27,Pro,79.9,26,5,Pix,12,1,958.8
CUST-09711,2025-03-15,Basic,29.9,12,0,Boleto,18,0,538.2
CUST-09712,2024-02-08,Pro,79.9,1,10,Pix,22,0,1757.8
CUST-09713,2024-11-13,Pro,79.9,18,1,Boleto,10,1,799.0
CUST-09714,2024-09-27,Pro,79.9,26,1,Cartão de Crédito,23,0,1837.7
CUST-09715,2025-07-25,Basic,29.9,11,8,Boleto,7,1,209.3
CUST-09716,2025-08-25,Basic,29.9,15,6,Pix,9,1,269.1
CUST-09717,2024-09-29,Pro,79.9,4,1,Pix,9,1,719.1
CUST-09718,2024-07-10,Pro,79.9,4,8,Pix,7,1,559.3
CUST-09719,2025-08-08,Enterprise,249.9,11,6,Boleto,7,1,1749.3
CUST-09720,2025-03-25,Basic,29.9,7,4,Pix,23,0,687.7
CUST-09721,2025-12-30,Enterprise,249.9,18,10,Pix,9,1,2249.1
CUST-09722,2024-03-01,Enterprise,249.9,24,5,Pix,23,0,5747.7
CUST-09723,2025-04-18,Enterprise,249.9,19,1,Pix,23,0,5747.7
CUST-09724,2025-04-29,Pro,79.9,19,9,Pix,8,1,639.2
CUST-09725,2025-11-28,Pro,79.9,11,5,Boleto,24,0,1917.6
CUST-09726,2024-09-02,Pro,79.9,18,7,Pix,11,1,878.9
CUST-09727,2025-02-16,Pro,79.9,6,2,Boleto,18,0,1438.2
CUST-09728,2024-04-11,Basic,29.9,2,9,Boleto,5,1,149.5
CUST-09729,2024-11-27,Pro,79.9,29,8,Boleto,18,0,1438.2
CUST-09730,2024-02-13,Enterprise,249.9,30,1,Pix,17,0,4248.3
CUST-09731,2024-09-07,Basic,29.9,1,7,Cartão de Crédito,8,1,239.2
CUST-09732,2024-04-17,Enterprise,249.9,5,1,Boleto,23,0,5747.7
CUST-09733,2024-07-06,Basic,29.9,27,8,Boleto,15,0,448.5
CUST-09734,2025-10-20,Basic,29.9,8,10,Cartão de Crédito,4,1,119.6
CUST-09735,2024-12-02,Pro,79.9,2,6,Cartão de Crédito,9,1,719.1
CUST-09736,2025-06-23,Pro,79.9,24,7,Pix,6,1,479.4
CUST-09737,2025-05-31,Enterprise,249.9,26,8,Boleto,3,1,749.7
CUST-09738,2025-01-09,Enterprise,249.9,4,9,Boleto,10,1,2499.0
CUST-09739,2024-02-03,Enterprise,249.9,27,2,Boleto,16,0,3998.4
CUST-09740,2024-04-10,Enterprise,249.9,20,10,Pix,23,0,5747.7
CUST-09741,2025-02-24,Basic,29.9,12,10,Boleto,10,1,299.0
CUST-09742,2025-02-20,Pro,79.9,10,4,Boleto,17,0,1358.3
CUST-09743,2024-01-08,Basic,29.9,6,10,Boleto,17,0,508.3
CUST-09744,2024-06-29,Basic,29.9,23,4,Boleto,15,0,448.5
CUST-09745,2025-11-18,Enterprise,249.9,12,6,Boleto,6,1,1499.4
CUST-09746,2024-12-12,Enterprise,249.9,1,9,Pix,7,1,1749.3
CUST-09747,2025-06-09,Enterprise,249.9,21,3,Boleto,16,0,3998.4
CUST-09748,2024-09-04,Pro,79.9,4,2,Cartão de Crédito,1,1,79.9
CUST-09749,2025-08-08,Enterprise,249.9,14,2,Cartão de Crédito,18,0,4498.2
CUST-09750,2025-04-08,Basic,29.9,20,2,Boleto,13,0,388.7
CUST-09751,2025-09-13,Enterprise,249.9,24,2,Pix,19,0,4748.1
CUST-09752,2024-12-04,Pro,79.9,10,8,Pix,16,0,1278.4
CUST-09753,2025-10-11,Basic,29.9,2,5,Cartão de Crédito,5,1,149.5
CUST-09754,2025-10-04,Pro,79.9,29,7,Cartão de Crédito,10,1,799.0
CUST-09755,2025-12-28,Basic,29.9,28,5,Cartão de Crédito,21,0,627.9
CUST-09756,2024-10-22,Enterprise,249.9,27,2,Boleto,19,0,4748.1
CUST-09757,2025-11-21,Pro,79.9,22,2,Boleto,17,0,1358.3
CUST-09758,2024-05-21,Enterprise,249.9,22,7,Cartão de Crédito,3,1,749.7
CUST-09759,2024-03-08,Basic,29.9,16,0,Pix,18,0,538.2
CUST-09760,2024-11-02,Enterprise,249.9,30,2,Boleto,19,0,4748.1
CUST-09761,2024-12-11,Basic,29.9,10,7,Boleto,21,0,627.9
CUST-09762,2025-04-02,Pro,79.9,19,3,Cartão de Crédito,23,0,1837.7
CUST-09763,2025-10-17,Enterprise,249.9,21,0,Pix,17,0,4248.3
CUST-09764,2025-06-27,Basic,29.9,22,3,Pix,19,0,568.1
CUST-09765,2024-10-01,Pro,79.9,20,8,Pix,11,1,878.9
CUST-09766,2025-06-29,Enterprise,249.9,20,2,Boleto,23,0,5747.7
CUST-09767,2024-04-11,Enterprise,249.9,19,6,Cartão de Crédito,6,1,1499.4
CUST-09768,2024-08-05,Basic,29.9,29,10,Boleto,11,1,328.9
CUST-09769,2024-04-07,Enterprise,249.9,18,10,Boleto,19,0,4748.1
CUST-09770,2024-01-07,Basic,29.9,29,7,Boleto,23,0,687.7
CUST-09771,2025-10-18,Enterprise,249.9,14,7,Boleto,21,0,5247.9
CUST-09772,2024-10-31,Basic,29.9,5,6,Boleto,23,0,687.7
CUST-09773,2025-05-20,Pro,79.9,20,0,Pix,16,0,1278.4
CUST-09774,2025-05-29,Enterprise,249.9,15,6,Boleto,17,0,4248.3
CUST-09775,2025-10-20,Enterprise,249.9,1,3,Pix,2,1,499.8
CUST-09776,2024-05-09,Enterprise,249.9,22,9,Cartão de Crédito,17,0,4248.3
CUST-09777,2024-01-03,Basic,29.9,18,2,Cartão de Crédito,24,0,717.6
CUST-09778,2025-08-29,Enterprise,249.9,24,4,Cartão de Crédito,13,0,3248.7
CUST-09779,2024-04-20,Enterprise,249.9,4,4,Cartão de Crédito,20,0,4998.0
CUST-09780,2025-03-05,Basic,29.9,5,1,Pix,15,0,448.5
CUST-09781,2025-05-13,Basic,29.9,21,4,Cartão de Crédito,18,0,538.2
CUST-09782,2025-01-01,Pro,79.9,28,9,Cartão de Crédito,23,0,1837.7
CUST-09783,2025-09-20,Basic,29.9,30,0,Pix,4,1,119.6
CUST-09784,2024-06-11,Enterprise,249.9,10,2,Pix,3,1,749.7
CUST-09785,2024-11-02,Basic,29.9,12,10,Pix,14,0,418.6
CUST-09786,2025-12-09,Basic,29.9,28,10,Pix,8,1,239.2
CUST-09787,2025-04-10,Basic,29.9,2,0,Boleto,22,0,657.8
CUST-09788,2025-03-01,Basic,29.9,5,5,Cartão de Crédito,23,0,687.7
CUST-09789,2024-02-20,Pro,79.9,0,1,Boleto,5,1,399.5
CUST-09790,2025-01-14,Pro,79.9,3,6,Pix,6,1,479.4
CUST-09791,2025-08-04,Basic,29.9,17,2,Pix,13,0,388.7
CUST-09792,2025-09-14,Enterprise,249.9,14,10,Boleto,12,1,2998.8
CUST-09793,2024-10-19,Basic,29.9,17,2,Boleto,16,0,478.4
CUST-09794,2024-12-18,Enterprise,249.9,29,4,Pix,17,0,4248.3
CUST-09795,2025-12-02,Basic,29.9,12,6,Pix,17,0,508.3
CUST-09796,2024-03-24,Pro,79.9,17,0,Pix,13,0,1038.7
CUST-09797,2024-01-10,Enterprise,249.9,6,3,Pix,20,0,4998.0
CUST-09798,2025-08-02,Enterprise,249.9,0,10,Cartão de Crédito,1,1,249.9
CUST-09799,2024-09-25,Pro,79.9,10,7,Pix,23,0,1837.7
CUST-09800,2025-04-26,Pro,79.9,13,9,Pix,16,0,1278.4
CUST-09801,2025-11-10,Pro,79.9,5,2,Pix,20,0,1598.0
CUST-09802,2024-10-17,Basic,29.9,27,8,Cartão de Crédito,17,0,508.3
CUST-09803,2025-09-17,Enterprise,249.9,21,8,Cartão de Crédito,23,0,5747.7
CUST-09804,2024-10-20,Basic,29.9,18,6,Pix,20,0,598.0
CUST-09805,2024-06-07,Enterprise,249.9,24,8,Pix,17,0,4248.3
CUST-09806,2024-08-03,Pro,79.9,1,8,Cartão de Crédito,9,1,719.1
CUST-09807,2024-08-28,Enterprise,249.9,17,1,Pix,17,0,4248.3
CUST-09808,2024-02-17,Enterprise,249.9,3,8,Cartão de Crédito,1,1,249.9
CUST-09809,2025-04-05,Basic,29.9,19,6,Pix,17,0,508.3
CUST-09810,2025-08-25,Enterprise,249.9,15,9,Boleto,22,0,5497.8
CUST-09811,2024-08-04,Basic,29.9,24,7,Boleto,7,1,209.3
CUST-09812,2025-07-25,Enterprise,249.9,22,1,Pix,15,0,3748.5
CUST-09813,2025-08-19,Basic,29.9,13,8,Cartão de Crédito,10,1,299.0
CUST-09814,2025-03-25,Enterprise,249.9,11,8,Pix,23,0,5747.7
CUST-09815,2025-05-10,Pro,79.9,4,1,Boleto,6,1,479.4
CUST-09816,2024-11-28,Basic,29.9,6,9,Boleto,6,1,179.4
CUST-09817,2024-09-23,Pro,79.9,10,6,Pix,18,0,1438.2
CUST-09818,2024-12-07,Pro,79.9,16,9,Cartão de Crédito,17,0,1358.3
CUST-09819,2025-04-23,Enterprise,249.9,23,0,Cartão de Crédito,21,0,5247.9
CUST-09820,2025-11-10,Enterprise,249.9,20,1,Boleto,14,0,3498.6
CUST-09821,2025-04-19,Pro,79.9,4,2,Cartão de Crédito,18,0,1438.2
CUST-09822,2025-04-29,Pro,79.9,23,2,Cartão de Crédito,8,1,639.2
CUST-09823,2024-10-17,Basic,29.9,21,9,Boleto,23,0,687.7
CUST-09824,2025-06-12,Enterprise,249.9,18,0,Cartão de Crédito,14,0,3498.6
CUST-09825,2024-05-16,Basic,29.9,21,2,Boleto,14,0,418.6
CUST-09826,2025-05-12,Basic,29.9,24,7,Cartão de Crédito,18,0,538.2
CUST-09827,2024-07-06,Enterprise,249.9,28,2,Cartão de Crédito,15,0,3748.5
CUST-09828,2024-03-05,Enterprise,249.9,10,1,Boleto,16,0,3998.4
CUST-09829,2025-08-12,Basic,29.9,0,4,Boleto,14,0,418.6
CUST-09830,2024-07-11,Enterprise,249.9,16,0,Pix,24,0,5997.6
CUST-09831,2024-04-10,Basic,29.9,27,7,Pix,4,1,119.6
CUST-09832,2024-05-25,Pro,79.9,2,8,Boleto,7,1,559.3
CUST-09833,2025-09-29,Pro,79.9,28,4,Cartão de Crédito,12,1,958.8
CUST-09834,2024-03-31,Enterprise,249.9,5,2,Pix,16,0,3998.4
CUST-09835,2025-10-01,Enterprise,249.9,2,4,Pix,5,1,1249.5
CUST-09836,2025-11-05,Enterprise,249.9,19,4,Cartão de Crédito,17,0,4248.3
CUST-09837,2024-08-06,Basic,29.9,12,4,Boleto,15,0,448.5
CUST-09838,2024-12-11,Pro,79.9,18,3,Cartão de Crédito,20,0,1598.0
CUST-09839,2025-10-01,Basic,29.9,10,7,Boleto,18,0,538.2
CUST-09840,2024-10-12,Enterprise,249.9,8,1,Boleto,13,0,3248.7
CUST-09841,2025-04-23,Pro,79.9,9,4,Cartão de Crédito,15,0,1198.5
CUST-09842,2025-10-13,Pro,79.9,15,5,Boleto,20,0,1598.0
CUST-09843,2025-12-26,Enterprise,249.9,0,9,Boleto,14,0,3498.6
CUST-09844,2024-08-09,Enterprise,249.9,23,0,Cartão de Crédito,22,0,5497.8
CUST-09845,2025-02-16,Pro,79.9,23,1,Pix,16,0,1278.4
CUST-09846,2025-06-04,Basic,29.9,20,6,Pix,18,0,538.2
CUST-09847,2024-01-29,Enterprise,249.9,19,4,Pix,20,0,4998.0
CUST-09848,2024-11-22,Basic,29.9,18,3,Pix,10,1,299.0
CUST-09849,2025-11-21,Enterprise,249.9,14,0,Pix,14,0,3498.6
CUST-09850,2024-01-19,Enterprise,249.9,28,5,Cartão de Crédito,5,1,1249.5
CUST-09851,2025-07-05,Basic,29.9,30,7,Boleto,8,1,239.2
CUST-09852,2024-07-01,Enterprise,249.9,25,3,Pix,6,1,1499.4
CUST-09853,2024-02-02,Pro,79.9,28,4,Pix,22,0,1757.8
CUST-09854,2025-10-19,Enterprise,249.9,15,4,Pix,15,0,3748.5
CUST-09855,2025-10-29,Basic,29.9,7,4,Cartão de Crédito,4,1,119.6
CUST-09856,2024-02-28,Basic,29.9,15,10,Cartão de Crédito,22,0,657.8
CUST-09857,2025-02-18,Enterprise,249.9,12,1,Pix,22,0,5497.8
CUST-09858,2025-02-26,Pro,79.9,29,1,Pix,13,0,1038.7
CUST-09859,2025-03-24,Pro,79.9,26,10,Pix,14,0,1118.6
CUST-09860,2024-02-05,Basic,29.9,6,4,Cartão de Crédito,23,0,687.7
CUST-09861,2025-05-21,Pro,79.9,3,10,Boleto,18,0,1438.2
CUST-09862,2025-12-25,Pro,79.9,28,7,Pix,21,0,1677.9
CUST-09863,2025-10-21,Enterprise,249.9,15,7,Boleto,12,1,2998.8
CUST-09864,2025-07-21,Basic,29.9,7,4,Pix,20,0,598.0
CUST-09865,2025-12-04,Basic,29.9,1,8,Pix,6,1,179.4
CUST-09866,2024-05-21,Basic,29.9,5,0,Pix,20,0,598.0
CUST-09867,2024-09-03,Pro,79.9,0,4,Pix,17,0,1358.3
CUST-09868,2025-12-22,Enterprise,249.9,27,5,Boleto,7,1,1749.3
CUST-09869,2025-08-10,Pro,79.9,8,2,Boleto,21,0,1677.9
CUST-09870,2025-05-28,Enterprise,249.9,22,3,Cartão de Crédito,17,0,4248.3
CUST-09871,2025-12-22,Pro,79.9,27,5,Boleto,21,0,1677.9
CUST-09872,2024-07-28,Pro,79.9,28,2,Cartão de Crédito,21,0,1677.9
CUST-09873,2025-02-23,Enterprise,249.9,5,6,Cartão de Crédito,3,1,749.7
CUST-09874,2025-01-03,Basic,29.9,28,5,Boleto,19,0,568.1
CUST-09875,2025-02-18,Pro,79.9,8,9,Boleto,15,0,1198.5
CUST-09876,2025-03-07,Pro,79.9,29,8,Cartão de Crédito,24,0,1917.6
CUST-09877,2025-09-11,Pro,79.9,15,8,Boleto,3,1,239.7
CUST-09878,2025-03-22,Enterprise,249.9,17,4,Pix,23,0,5747.7
CUST-09879,2024-04-20,Pro,79.9,0,2,Boleto,10,1,799.0
CUST-09880,2024-08-20,Basic,29.9,19,2,Pix,14,0,418.6
CUST-09881,2025-11-25,Enterprise,249.9,4,4,Pix,23,0,5747.7
CUST-09882,2025-10-23,Enterprise,249.9,2,4,Pix,15,0,3748.5
CUST-09883,2024-07-22,Basic,29.9,19,6,Pix,9,1,269.1
CUST-09884,2025-03-01,Pro,79.9,6,4,Cartão de Crédito,15,0,1198.5
CUST-09885,2024-10-02,Basic,29.9,20,1,Boleto,14,0,418.6
CUST-09886,2024-01-28,Enterprise,249.9,7,1,Pix,19,0,4748.1
CUST-09887,2025-12-21,Basic,29.9,27,8,Boleto,15,0,448.5
CUST-09888,2025-06-23,Enterprise,249.9,4,2,Pix,13,0,3248.7
CUST-09889,2024-05-28,Enterprise,249.9,17,3,Pix,14,0,3498.6
CUST-09890,2025-04-30,Pro,79.9,18,6,Pix,20,0,1598.0
CUST-09891,2025-04-05,Enterprise,249.9,23,1,Boleto,18,0,4498.2
CUST-09892,2024-02-25,Pro,79.9,9,5,Pix,23,0,1837.7
CUST-09893,2024-09-06,Enterprise,249.9,22,2,Cartão de Crédito,5,1,1249.5
CUST-09894,2025-07-09,Basic,29.9,10,7,Boleto,11,1,328.9
CUST-09895,2025-10-30,Pro,79.9,2,6,Cartão de Crédito,20,0,1598.0
CUST-09896,2024-05-28,Basic,29.9,11,9,Pix,4,1,119.6
CUST-09897,2024-09-15,Enterprise,249.9,7,10,Pix,10,1,2499.0
CUST-09898,2024-03-12,Basic,29.9,30,7,Boleto,11,1,328.9
CUST-09899,2024-03-13,Pro,79.9,14,5,Cartão de Crédito,19,0,1518.1
CUST-09900,2025-10-25,Basic,29.9,17,3,Pix,17,0,508.3
CUST-09901,2024-06-13,Pro,79.9,1,10,Pix,17,0,1358.3
CUST-09902,2025-03-29,Enterprise,249.9,20,10,Cartão de Crédito,8,1,1999.2
CUST-09903,2025-06-17,Basic,29.9,19,4,Pix,18,0,538.2
CUST-09904,2024-09-20,Basic,29.9,13,3,Pix,4,1,119.6
CUST-09905,2025-11-16,Basic,29.9,11,10,Boleto,19,0,568.1
CUST-09906,2024-09-09,Basic,29.9,10,5,Cartão de Crédito,20,0,598.0
CUST-09907,2025-05-05,Enterprise,249.9,29,2,Pix,13,0,3248.7
CUST-09908,2024-06-17,Enterprise,249.9,30,9,Pix,21,0,5247.9
CUST-09909,2024-11-19,Enterprise,249.9,5,10,Pix,20,0,4998.0
CUST-09910,2024-08-09,Enterprise,249.9,29,6,Cartão de Crédito,1,1,249.9
CUST-09911,2024-09-13,Enterprise,249.9,17,7,Cartão de Crédito,1,1,249.9
CUST-09912,2025-12-27,Enterprise,249.9,13,0,Cartão de Crédito,13,0,3248.7
CUST-09913,2025-07-27,Pro,79.9,1,0,Cartão de Crédito,2,1,159.8
CUST-09914,2024-07-13,Pro,79.9,3,8,Pix,2,1,159.8
CUST-09915,2024-12-05,Pro,79.9,24,9,Boleto,12,1,958.8
CUST-09916,2024-03-02,Pro,79.9,0,3,Boleto,2,1,159.8
CUST-09917,2025-10-18,Pro,79.9,23,8,Pix,5,1,399.5
CUST-09918,2024-06-17,Enterprise,249.9,12,6,Cartão de Crédito,9,1,2249.1
CUST-09919,2024-06-20,Basic,29.9,2,5,Boleto,22,0,657.8
CUST-09920,2024-12-27,Enterprise,249.9,17,8,Cartão de Crédito,14,0,3498.6
CUST-09921,2024-06-09,Pro,79.9,24,7,Cartão de Crédito,8,1,639.2
CUST-09922,2025-09-22,Pro,79.9,16,1,Pix,10,1,799.0
CUST-09923,2025-02-17,Pro,79.9,14,5,Pix,11,1,878.9
CUST-09924,2024-04-12,Enterprise,249.9,0,2,Pix,16,0,3998.4
CUST-09925,2024-08-08,Basic,29.9,29,2,Pix,23,0,687.7
CUST-09926,2024-02-15,Enterprise,249.9,0,7,Cartão de Crédito,4,1,999.6
CUST-09927,2024-02-22,Basic,29.9,0,3,Cartão de Crédito,16,0,478.4
CUST-09928,2025-04-18,Enterprise,249.9,7,2,Cartão de Crédito,15,0,3748.5
CUST-09929,2024-12-21,Basic,29.9,18,10,Pix,12,1,358.8
CUST-09930,2025-11-26,Pro,79.9,11,9,Cartão de Crédito,24,0,1917.6
CUST-09931,2024-08-05,Pro,79.9,20,6,Pix,9,1,719.1
CUST-09932,2024-03-15,Pro,79.9,19,5,Cartão de Crédito,18,0,1438.2
CUST-09933,2025-12-15,Enterprise,249.9,23,8,Cartão de Crédito,17,0,4248.3
CUST-09934,2024-01-08,Pro,79.9,2,5,Pix,17,0,1358.3
CUST-09935,2024-05-17,Basic,29.9,4,4,Pix,14,0,418.6
CUST-09936,2025-03-23,Enterprise,249.9,0,0,Pix,16,0,3998.4
CUST-09937,2024-04-02,Enterprise,249.9,5,6,Cartão de Crédito,22,0,5497.8
CUST-09938,2025-04-23,Enterprise,249.9,11,2,Boleto,18,0,4498.2
CUST-09939,2024-02-23,Basic,29.9,19,7,Pix,13,0,388.7
CUST-09940,2025-02-26,Basic,29.9,7,4,Pix,21,0,627.9
CUST-09941,2024-09-26,Pro,79.9,15,2,Cartão de Crédito,17,0,1358.3
CUST-09942,2024-05-13,Enterprise,249.9,9,9,Boleto,24,0,5997.6
CUST-09943,2025-07-27,Pro,79.9,3,0,Boleto,4,1,319.6
CUST-09944,2024-04-14,Pro,79.9,1,1,Boleto,3,1,239.7
CUST-09945,2025-07-27,Pro,79.9,16,10,Cartão de Crédito,11,1,878.9
CUST-09946,2025-10-05,Basic,29.9,27,8,Cartão de Crédito,7,1,209.3
CUST-09947,2025-01-30,Basic,29.9,18,8,Boleto,15,0,448.5
CUST-09948,2024-05-28,Pro,79.9,14,9,Cartão de Crédito,14,0,1118.6
CUST-09949,2025-11-03,Pro,79.9,20,4,Pix,18,0,1438.2
CUST-09950,2025-09-03,Basic,29.9,16,10,Boleto,22,0,657.8
CUST-09951,2024-12-30,Pro,79.9,12,3,Pix,22,0,1757.8
CUST-09952,2024-11-29,Enterprise,249.9,24,9,Boleto,3,1,749.7
CUST-09953,2024-01-21,Basic,29.9,17,0,Pix,23,0,687.7
CUST-09954,2025-04-28,Enterprise,249.9,4,6,Cartão de Crédito,7,1,1749.3
CUST-09955,2024-12-12,Pro,79.9,2,0,Pix,10,1,799.0
CUST-09956,2024-11-19,Basic,29.9,5,9,Cartão de Crédito,9,1,269.1
CUST-09957,2025-03-12,Basic,29.9,7,1,Boleto,5,1,149.5
CUST-09958,2024-08-20,Pro,79.9,10,1,Boleto,18,0,1438.2
CUST-09959,2024-04-04,Basic,29.9,9,5,Cartão de Crédito,22,0,657.8
CUST-09960,2024-06-18,Basic,29.9,5,6,Cartão de Crédito,17,0,508.3
CUST-09961,2025-01-26,Basic,29.9,17,3,Cartão de Crédito,4,1,119.6
CUST-09962,2024-04-01,Basic,29.9,30,2,Pix,22,0,657.8
CUST-09963,2024-03-16,Pro,79.9,29,6,Boleto,14,0,1118.6
CUST-09964,2025-01-08,Pro,79.9,28,9,Boleto,12,1,958.8
CUST-09965,2025-08-08,Pro,79.9,16,9,Pix,18,0,1438.2
CUST-09966,2024-03-28,Basic,29.9,3,5,Pix,3,1,89.7
CUST-09967,2024-06-24,Pro,79.9,8,6,Boleto,21,0,1677.9
CUST-09968,2024-11-06,Basic,29.9,30,1,Boleto,15,0,448.5
CUST-09969,2025-10-06,Pro,79.9,10,4,Boleto,21,0,1677.9
CUST-09970,2024-06-16,Pro,79.9,9,4,Pix,23,0,1837.7
CUST-09971,2024-11-30,Pro,79.9,9,0,Cartão de Crédito,15,0,1198.5
CUST-09972,2024-12-11,Enterprise,249.9,26,8,Cartão de Crédito,24,0,5997.6
CUST-09973,2024-11-09,Enterprise,249.9,1,6,Cartão de Crédito,5,1,1249.5
CUST-09974,2024-11-30,Pro,79.9,27,10,Pix,17,0,1358.3
CUST-09975,2024-03-18,Pro,79.9,18,9,Cartão de Crédito,3,1,239.7
CUST-09976,2025-01-14,Pro,79.9,25,1,Cartão de Crédito,23,0,1837.7
CUST-09977,2025-07-02,Pro,79.9,22,5,Pix,18,0,1438.2
CUST-09978,2024-03-24,Pro,79.9,12,5,Pix,14,0,1118.6
CUST-09979,2024-09-30,Enterprise,249.9,11,8,Pix,16,0,3998.4
CUST-09980,2025-12-25,Basic,29.9,9,1,Pix,14,0,418.6
CUST-09981,2025-05-23,Enterprise,249.9,3,8,Cartão de Crédito,15,0,3748.5
CUST-09982,2024-05-12,Basic,29.9,8,8,Cartão de Crédito,15,0,448.5
CUST-09983,2025-03-06,Basic,29.9,28,5,Boleto,16,0,478.4
CUST-09984,2024-10-13,Basic,29.9,17,9,Boleto,12,1,358.8
CUST-09985,2024-12-09,Basic,29.9,20,8,Cartão de Crédito,22,0,657.8
CUST-09986,2025-09-09,Pro,79.9,3,3,Cartão de Crédito,24,0,1917.6
CUST-09987,2025-07-14,Basic,29.9,4,5,Boleto,6,1,179.4
CUST-09988,2025-09-06,Basic,29.9,29,10,Pix,14,0,418.6
CUST-09989,2025-09-05,Enterprise,249.9,7,3,Pix,22,0,5497.8
CUST-09990,2024-02-06,Pro,79.9,2,0,Pix,14,0,1118.6
CUST-09991,2024-07-04,Basic,29.9,14,7,Pix,15,0,448.5
CUST-09992,2024-10-24,Basic,29.9,4,2,Pix,24,0,717.6
CUST-09993,2025-08-15,Enterprise,249.9,25,0,Pix,17,0,4248.3
CUST-09994,2024-04-23,Pro,79.9,29,5,Boleto,15,0,1198.5
CUST-09995,2024-10-29,Basic,29.9,4,2,Boleto,10,1,299.0
CUST-09996,2024-09-20,Pro,79.9,12,7,Cartão de Crédito,17,0,1358.3
CUST-09997,2025-03-30,Basic,29.9,0,8,Pix,2,1,59.8
CUST-09998,2025-01-29,Basic,29.9,1,8,Boleto,4,1,119.6
CUST-09999,2025-07-11,Enterprise,249.9,3,6,Cartão de Crédito,24,0,5997.6
CUST-10000,2025-12-19,Basic,29.9,19,9,Pix,18,0,538.2
